CustomerID,FirstName,LastName,Address,Address2,City,State,Zip
25028575,BRENDA,LEWIS,53535 N FRANK LLOYD WRIGHT BLVD UNIT 3813,,WEST PALM BCH,FL,78052-1389
9938001083,WENDY,RUETER,388 N STATE HIGHWAY 368 APT 5751 APT 5751,,ARVADA,CO,17268-9372
126000698,LISA,MASK,38785 S INTERSTATE 93 SERVICE DR APT 189,,BELLEVUE,WA,60070-3418
110002247,LUCY,GRISSOM,38135 MURRIETA HOT SPRINGS RD APT F386,,MINERAL WELLS,TX,85331-2390
60011947,ANGELI,HOOVER,1855 ROCK CREEK CIR UNIT 189 UNIT 189,,BRANFORD,CT,85042-6221
61007939,JOAN,TAYLOR,1855 COMMERCIAL CENTER BLVD APT 615,,NEW BRITAIN,CT,74804-1030
9907007394,JUDY,SALKOVITZ,55858 N THOMPSON PEAK PKWY APT 1831,,COMO,TX,80120-2204
4013982,PAULA,ARDALAN,5685 VILLAGE MARKET BLVD SE APT 351,,PFAFFTOWN,NC,76210-3284
9945044130,ALISON,IRWIN,7355 PLAIN CITY GEORGESVILLE RD NE,,DALLAS,TX,75002-9017
63009963,AMANDA,AMERKANIAN,5185 MARTIN LUTHER KING ST STE 588,,TALLAHASSEE,FL,93063-3810
9908027183,SUSAN,HAYDON,1885 E SPRING CREEK PKWY APT 58587,,WESTMINSTER,CO,92673-3806
65025055,JEAN,FREEMAN,5188 TOWN AND COUNTRY BLVD APT 833,,HARTLAND,MI,32779-4452
67003322,SHAWN,HASSEN,6653 MCKINNEY RANCH PKWY APT 56586,,SIMI VALLEY,CA,33573-6441
9923006425,FRANCES,DENNY,15338 ALDINE WESTFIELD RD STE 587,,XENIA,OH,63303-3115
32012743,LYDIA,SCOTT,8656 VALLEY RANCH PKWY W APT 5839,,BERNE,IN,77047-7519
9906039037,ROBYN,CUNNINGHAM,68 PERIMETER CENTER PL NE APT 685,,ARLINGTON,TX,80403-7326
9901037614,SUSANA,COSTA,5858 COLDWATER CANYON AVE APT 186,,GRAPEVINE,TX,97116-2482
9901042582,SUSIE,MERRICK,8338 N SAM HOUSTON PKWY E APT 617,,SACHSE,TX,32259-4099
12016796,LUISA,DICKSON,58158 SAN DIEGO MISSION RD APT 17,,EVERETT,WA,78130-9007
18021818,TRISH,AVINA,53758 SW SCHOLLS FERRY RD APT 335,,NOBLESVILLE,IN,92832-1024
54013206,JEANNE,CHASTAIN,58586 HIGHLAND MEADOW CIR APT 181,,JOHNSTON,IA,76043-1403
9933025140,CINDY,LANFERSIECK,333 N SAM HOUSTON PKWY E STE 388,,DODGE,TX,73159-6812
999000129,JACQUE,OSIO,53655 CHAMPION FOREST DR APT 883,,WICHITA FALLS,TX,35080-7745
24085546,CAROL,WYELS,1365 JEFFERSON COURT LN APT 5517,,SAN DIMAS,CA,95126-1614
9937028455,SHARON,IRELAND,837 SALTMEADOW BAY ARCH UNIT 153,,GARLAND,TX,1036
9923007720,ROBIN,BROOKS,555 AUGUSTA PLANTATION DR UNIT G,,CORP CHRISTI,TX,80470-7514
32011678,MELINDA,BASCH,1135 S STATE HIGHWAY 515 APT 558,,WARSAW,IN,77904-2200
40042805,LUCY,SULLIVAN,55358 CANE CROSSING RD APT 5653,,ORLANDO,FL,76063-6090
77002428,AUTUMN,POLLARD,15151 PELICAN CREEK CIR APT 585,,RIDGEFIELD PARK,NJ,80132-2854
4012946,KAREN,LUNDGREN,8181 MONTERRA VILLA TRL APT 953,,TUCSON,AZ,75686-0516
9935008681,CONNIE,SYME,5385 N A W GRIMES BLVD APT 5557,,SEABROOK,TX,76001-7485
106009856,LORRAINE,MILLER,31336 CROWN VALLEY PKWY APT 583,,FRISCO,TX,46815-8751
9921000367,DIANE,RAYA,58863 UPTOWN AVE UNIT 385 # 385,,COLORADO SPRINGS,CO,77433-1998
9933006989,LINDA,WETZEL,55855 VANCE JACKSON RD APT 5985,,SPRING,TX,80921-3297
9945053845,SALLY,EGAN,395 W STATE HIGHWAY 553 STE 388,,BRENTWOOD,TN,78249-4435
58009736,LAURA,CLOUGH,53888 PACIFIC PROMENADE APT 383,,ELIDA,OH,80501-1951
9917110804,DIANE,SPLITT,5376 N KENRICK PARKE DR APT 385,,HELOTES,TX,77459-3963
63004453,DAWN,LOUGHMAN,3711 LAS VEGAS BLVD S UNIT 1381,,PONTE VEDRA BEACH,FL,80118-8904
9932003669,ROBIN,CABRERA,55888 MANSIONS VIEW DR APT 5885,,NASHVILLE,TN,80920-6157
19023715,WENDELL,KNAPPS,3635 TEMPLETON PARK CIR APT 558,,GRANGER,IN,60077-1510
75001170,ROBIN,HOLLAND,3835 BELLAIRE RANCH DR APT 5553,,BELLA VISTA,AR,75068-3072
39038768,SUSAN,WALLS,58576 PARK MEADOWS DR UNIT 1387,,JUPITER,FL,33478-3747
124002542,NOEL,MARTIN,3935 E ROUGH RIDER RD UNIT 5153,,SEATTLE,WA,77386-4089
9916111964,CAREY,BEVINS,1918 SYCAMORE SCHOOL RD APT 536,,YUKON,OK,07666-2117
9919011328,ANA,LINTZENICH,558 IMPERIAL MAMMOTH VALLEY LN,,HOUSTON,TX,77062-2915
77005463,CANDY,STATUM,7338 S BLACKHAWK ST UNIT 55587,,ORADELL,NJ,80439-8410
9923009582,KRISTIN,TAYLOR,8153 MONTERRA CREEK LN APT 381,,SAN ANTONIO,TX,77382-1655
9938020776,NICOLE,SILLABER,5885 N GREENVILLE AVE APT 3338,,LONGMONT,CO,80504-2673
5026813,DEVON,KAUFMAN,5358 KELLER SPRINGS RD APT 351,,DAVIS,CA,32003-3296
9903037260,ANGELA,BURNSIDE,335 EMERALD SHORES CIR APT 185,,HUNTSVILLE,TX,33445-3935
9936021156,LUANNE,WOOLDRIDGE,5888 TURNER RIDGE DR APT 58587,,TEXARKANA,AR,37076-2958
9945052160,LYNNE,KLINKERT,5853 LAWTON LOOP EAST DR APT 6,,AMARILLO,TX,75097-0280
9930022613,MERRYANN,BLAYDES,5835 LOCKHILL SELMA RD APT 951,,PHILADELPHIA,PA,90045-3730
77004677,KIM,SMITH,5578 PRAIRIE DUNES VILLAGE CIR,,WYCKOFF,NJ,80004-2241
39037501,BROOKE,LOMBARDI,13188 FOREST NORTH DR APT 3588,,STUART,FL,65737-8861
9939027749,GINA,BELL,1815 SW SILVER PINE WAY APT E1,,EDMOND,OK,93063-3508
9937013055,ROBIN,SULLIVAN,5571 VILLAGE CENTER DR APT 586,,FRISCO,TX,96797-4034
63003843,PAM,HOEGEMAN,7338 LITTLE TIMBER GRV APT 585,,JACKSONVILLE,FL,48182-8202
72003897,JULIE,COLLINS,3685 HERITAGE PLACE DR APT 885,,SANTA MONICA,CA,92881-0779
65020890,LUISA,LEIGHTON,187 LONG PLANTATION BLVD APT E,,WALLED LAKE,MI,47203-1372
13020129,LEANNE,ROLLINS,3878 BATTLE CREEK HOLLOW LN SE,,CANTON,GA,76001-7638
58011114,REBECCA,MORGAN,7613 BAYMEADOWS CIR W APT 1871,,CHESTERFIELD,MI,77520-1343
9943040844,JANET,PRUITT,3638 MAGNOLIA COVE DR APT 5355,,HOUSTON,TX,90660-2817
107005874,JILL,RIZZOTTO,338 INDEPENDENCE PKWY APT 1113,,BROOMFIELD,CO,77385-9709
6046943,KELLI,MERRIFIELD,811 RENAISSANCE POINTE APT 187,,LAKE MARY,FL,63640-9703
40044804,CATHERINE,SHANKS,56585 W PORTAGE RIVER SOUTH RD,,ORLANDO,FL,48855-8227
121001446,CHARLOTTE,MCALISTER,9733 TAPESTRY PARK CIR APT 351,,UPLAND,CA,33416-1717
9925000345,KAREN,MASON,5588 MCKINNEY PLACE DR APT 883,,KERRVILLE,TX,01845-5236
9907007973,CAROL,WEST,8617 SOUTHWESTERN BLVD APT 558,,HOUSTON,TX,80403-7410
28013483,ASHLEY,HORNSTEIN,3865 BELLAIRE RANCH DR APT 915,,CYGNET,OH,80023-7428
54015928,LAURA,KIRBY,7375 JACARANDA PARK RD APT 185,,PERRY,IA,75074-2045
9923009332,PAULA,HILL,685 ORCHARD HILLS DR UNIT 5883,,ROGERS,AR,78750-3670
44010756,SHEILA,CONIS,8859 N MACARTHUR BLVD APT 1871,,SAINT LOUIS,MO,77079-4319
52018756,DARLENE,SAGER,1888 KELLER SPRINGS RD APT 51E,,CLIFTON,VA,33458-3497
120011765,KRISTEN,BEARHAM,5359 FREDERICKSBURG RD APT 183,,COLORADO SPRINGS,CO,78216-6242
9933006007,JACQUELINE,STARK,3753 COUNTRY CLUB LN NW APT D3,,CONROE,TX,85022-1209
9916112451,LORI,COULTER,7655 Southampton Ter Apt 186a,,YUKON,OK,76244-8815
9935027025,DEBBIE,SORENSEN,6633 E GREENWAY PKWY APT 5553,,FORT WORTH,TX,93065-3342
114001977,CARLA,ALLEN,6597 CASTLEGATE DR W APT 1133,,DALLAS,TX,43402-8641
21235114900,JASON,KELLY,5833 THOMPSON POINTS APT. 387,,ALVARADOHAVEN,AR,18752
110003807,BETTY,GIBBS,777 N AIR DEPOT BLVD APT 6189,,FORT WORTH,TX,95014-2633
9904041715,JULIE,BLOOM,1785 BELLEFONTAINE ST APT B35,,HOLYOKE,CO,80919-4510
21235114899,JASON,KELLY,5833 THOMPSON POINTS APT. 387,,ALVARADOHAVEN,AR,18752
25027021,BARBARA,KUHN,5358 NE CLEVELAND AVE APT 538,,DELRAY BEACH,FL,49046-9592
30010837,SARAH,LARSON,58788 KIMBLEWYCK CIR UNIT 513,,EVERETT,WA,75034-8581
9933031388,VALERIE,ACKERMAN,3338 TEMPLETON GAP RD UNIT 39,,SPRING,TX,80921-4001
9941014855,MONICA,SAWADA,388 E SOUTH WATER ST APT 3386,,JOSHUA,TX,85085-5745
39041551,SALLY,LEMBO,1988 BAY VILLAGE CIR APT 5588,,HOBE SOUND,FL,77388-4539
9923006626,CHARLENE,MONTALVO,13335 WILDERNESS OAK APT 5155,,HELOTES,TX,33327-1408
122002619,SONIA,SERPA,178 RANCHO DEL ORO DR APT 598,,LAKEHILLS,TX,43566-1468
60009996,ELAINE,TROTTER,3838 N BRAESWOOD BLVD APT TH7,,GLASTONBURY,CT,81101-8300
9917139975,JODY,SALMON,1565 MILL CROSSING DR APT 157,,SAN ANTONIO,TX,32812-6042
83000850,ROBERTA,BISHOP,7733 LOUIS PASTEUR DR APT 355,,FORT MYERS,FL,80920-4816
52019929,RAUL,KELTNER,855 LAKE CAROLYN PKWY APT 378,,JEANNETTE,PA,46220-3964
24088938,STEPHANIE,OLSON,5769 SANDSHELL CIR W APT 1581,,ALHAMBRA,CA,75189-7419
23044744,JANICE,MCMATH,5591 ROCK CREEK RIDGE BLVD SW,,TAMPA,FL,75040-8761
18019412,PATTY,DICROCE,58168 SW GREENBURG RD STE 388,,YORKTOWN,IN,75025-5821
9026846,KIMBERLY,GARNER,515 VILLA DEL SOL CIR APT 183,,SURPRISE,AZ,91362-4964
9937003868,LINDA,LUIS,535 OCEAN GRANDE BLVD APT 688,,GRANBURY,TX,75455-3937
71005350,STEPHANIE,KOST,3653 CAMERON RIDGE DR APT 513,,VENTURA,CA,80927-9630
9934003488,BEVERLY,MOORE,1318 FOREST BROOK LN APT 5588,,PARKER,CO,75204-2200
54015580,MARISA,RODRIGUES,855 LAKE CAROLYN PKWY APT 138,,OVERLAND PARK,KS,80403-7464
9934015110,DORINDA KAY,DYKSTRA,55155 S MILITARY TRL APT 5513,,GOLDEN,CO,34997-4203
9944007464,GINA,HARDY,7385 19TH AVENUE DR W APT 183,,FRIENDSWOOD,TX,78230-2876
9923011182,TANNA,SCOTT,8558 W CONTINENTAL DR APT 515,,BOERNE,TX,80308-3567
102004549,RODNEY,WELLS,13585 SANDYCREEK TER APT 5185,,SPRING,TX,89803-2134
116002623,CHARLTTE,HOSKINSON,1855 RANCH HOUSE DR W APT 156,,SAN ANTONIO,TX,76092-3233
1026494,ANDREA,JOHNSON,355 W SIERRA MADRE BLVD APT M,,SAN CLEMENTE,CA,75089-3993
106010063,RENEE,PHILLIPS,1368 PEACHTREE RD NW APT 5888,,BONHAM,TX,78155-7919
77001979,ROVENA,MANN,3955 LAUREL CANYON BLVD APT 9,,MAHWAH,NJ,76109-5203
9908009808,CHRISTINE,WHITE,1585 W SUNFLOWER AVE UNIT F55,,PLANO,TX,01001-2289
9907016371,JENNIFER,WILLIAMS,158 W EL CAMINO REAL APT 3586,,ALLEN,TX,80111-5245
26024152,ERIC,NORRIS,158 S PRAIRIE VIEW DR APT 618,,GILBERT,AZ,76063-2914
18019830,CHERYL,EWING,7358 STONEBROOK PKWY APT 3186,,FISHERS,IN,81077-0401
77003826,PAM,BRANDON,1788 WOODLAND PARK DR APT 381,,RUTHERFORD,NJ,93962-7194
116000983,MARIA,ALEXANDER,595 E ROUND GROVE RD APT 5533,,SAN ANTONIO,TX,50322-1709
72006296,LORI,SLUMSKIE,5785 CHASE POINTE CIR APT 358,,PLAYA DEL REY,CA,30040-4920
9915002388,CAROL,RICHARDS,3518 W CAREFREE HWY STE 5-355,,SHERMAN,TX,80015-4160
5023265,STEVEN,TURNPAUGH,1655 BENS BRANCH DR APT 1985,,ROSEVILLE,CA,37204-3241
115008071,NIKKI,CARTER,955 CONNECTICUT AVE STE 3583,,OKLAHOMA CITY,OK,75033-3546
9914015790,ROXENE,PERRY,3165 MARINA CITY DR UNIT 983,,HOUSTON,TX,32779-4814
9934029541,MARGARITE,KERNS,1758 OCEAN CLUB BLVD APT 386,,LONE TREE,CO,75225-4835
40041886,MARION,REED,51938 UNIVERSITY CRES APT 3B,,WINTER PARK,FL,99516-4278
71009404,CHRIS,HUGHES,69333 E PALM CANYON DR SPC 5,,SIMI VALLEY,CA,91361-3513
9937014950,MARY,PONS,58965 BURNT MILL RD APT 5351,,PLANO,TX,75033-1776
121000138,LISA,DAVIS,5735 INDIAN WOOD CIR STE 558,,LAKEWOOD,CO,27712-3521
9926002183,KALENE,KIRCHMAN,3819 KNICKERBOCKER PL APT 5E,,GARLAND,TX,77385-3685
18017582,DEBBIE,PLATTS,3131 N CAPISTRANO DR APT 183,,NOBLESVILLE,IN,34639-3742
22017488,KELLY,FAGG,3811 GREEN MEADOW DR APT 581,,HILTON HEAD,SC,77381-4542
67006405,NANCY,PLUMLEY,3178 NACOGDOCHES RD APT 5388,,NORTH HILLS,CA,30552-1645
6044854,CAROLYN,ENICH,19768 CITATION CIR APT 31181,,MISSION VIEJO,CA,77382-2086
9932000995,SANDY,TIMURLEA,5585 E WOODFIELD RD STE 188W,,NASHVILLE,TN,76116-2654
9916104149,CAROLYN,THOMAS,8585 E ALAMEDA AVE UNIT 1955,,OKLAHOMA CITY,OK,75135-0721
3027025,DOLORES,SHOOPMAN,5363 S MICHIGAN AVE APT 5358,,CHINO HILLS,CA,80504-2642
103004945,ELVIA,FIELDS,8787 SOUTHSIDE BLVD APT 1181,,CASTLE ROCK,CO,78233-7203
9945056015,LAURI,HAMILTON,388 N SHADOWBAY BLVD APT 151,,FRISCO,TX,78230-0933
9907042661,CARLA,HADGIGEORGE,55875 W MCDOWELL RD APT 1578,,THE COLONY,TX,37122-2153
71003428,AMY,HOTARD,1975 W CENTENNIAL DR APT 558,,SIMI VALLEY,CA,75243-6221
25023002,SHERRI,LUTSKY,595 TIERRA REJADA RD UNIT 57,,WEST PALM BEACH,FL,76092-7208
126001255,JOANNE,HELLSTRON,3939 HICKORY TREE LN APT 588,,PLANO,TX,77005-1836
71005215,DONNA M,CONKEL,785 S FRIENDSWOOD DR APT 385,,GARDNERVILLE,NV,67206-4135
106008377,NANCY,MACCALLUM,1551 SHY BEAR WAY NW APT 351,,CARROLLTON,TX,78230-5225
19029403,REBECCA,BLAKENEY,1855 ROCK CREEK CIR UNIT 138,,LAND O LAKES,WI,94025-6010
9914013932,KELLY,HODDE,55885 MEADOWGLEN LN APT 5583,,MISSOURI CITY,TX,77380-4617
19028093,KELLI,RASCOE,35887 LAKEVIEW BLVD APT 5188,,ARLINGTON HEIGHTS,IL,75495-1893
26023606,CAROLINE,ESQUIVEL,758 E NORTHERN AVE UNIT 5857,,CHANDLER,AZ,85233-8335
65026124,JANA,CAMPBELL,1819 CENTENNIAL OLYMPIC PARK,,WIXOM,MI,80503-8804
78000564,DAVID,DOWNING,1393 LAKE DEBRA DR APT 55386,,MOUNT PROSPECT,IL,65616-6706
9936010653,KATHRYN,THIES,5333 E INTERSTATE 38 APT 581,,ARLINGTON,TX,80550-6199
9932008418,BOBBIE,MUNRO,353 COUNTRY CLUB DR UNIT 585,,HARTSVILLE,TN,48104-6913
9938002257,LYDIA,WATSON,5568 GATEHOUSE CIR N APT 581,,APACHE JCT,AZ,93021-2915
77003757,KELLY,BAKER,5769 CAPITAL PARK DR APT 165,,RINGWOOD,NJ,06248-1280
67003681,KIMBERLY,NICKEL,595 TIERRA REJADA RD UNIT 79,,TARZANA,CA,75119-8227
9930028396,LYNN,CLAWSON,3777 TRAMWAY BLVD NE APT 683,,FULSHEAR,TX,92131-3323
9922002741,DANA,KRAFT,9585 N TWINKLING SHADOWS WAY,,LAKEWOOD,CO,48382-4454
39037815,JOE,TAASAN,38 WILLIAM F PALMER RD APT 3,,THE VILLAGES,FL,76240-9266
7016437,JENNIFER,WESTROPP,58333 EGRET BAY BLVD STE 588,,CORONA DEL MAR,CA,80227-3158
71003180,MARIE,PARADISE,3388 ROSEMEADE PKWY APT 5556,,MOORPARK,CA,76133-1626
61007477,BARBARA,CASTLE,9917 INDEPENDENCE AVE UNIT D,,BRIDGEPORT,CT,77429-3785
78002539,KAREN,HERNANDEZ,6868 Village Bend Dr # 653-1,,BRANSON,MO,30350-1170
58012294,NAN,FRY,17111 WALLER SPRING CREEK RD,,BOWLING GREEN,OH,80132-8795
9904047880,ANITA,HIBBLEN,5387 S WHISPERING MEADOWS LN,,DENVER,CO,80906-7782
9907018218,CINDY,BUKALEW,5555 PASEO DEL LAGO W APT 3E,,GLENMONT,NY,77354-3176
68006082,KRISTI,CATO,3138 LOST HILLS RD UNIT 1385,,SAN DIEGO,CA,80550-8029
31018762,BONNIE,MURAMARU,5716 LAKE ROBERTS LANDING DR,,FAIRHOPE,AL,93065-1759
23046225,DONNA,KIDD,3858 SPRINGFIELD OVERLOOK ST,,BRANDON,FL,90292-7034
123004181,KIM,BURDETTE,387 INVERNESS WAY S UNIT 388,,SAN ANTONIO,TX,95070-5246
9907043454,HEATHER,CUTRIGHT,7855 REGAL HERON CIR APT 383,,ARLINGTON,TX,76017-4444
9941014407,MELISSA,LOGUE,59139 E CAROLINA DR UNIT 581,,BURLESON,TX,78114-4519
124001466,JULIE,MCAFEE,13135 WILDERNESS OAK APT 986,,ROWLETT,TX,91436-4161
56006515,CHRISTINE,LAMBERT,115 N MESA HILLS DR APT 1351,,WELLESLEY HILLS,MA,89506-8945
9906040958,AMANDA,HUNTER,7588 S WILKINSON WAY APT 337,,MIDLOTHIAN,TX,78639-4228
35023374,SANDRA,SALYERS,533 INTERSTATE 35 N APT 5383,,ADDISON,IL,78240-2579
104006101,ADRIANA,STAVINOHA,5378 JOHN KING BLVD APT 5151,,SOUTHLAKE,TX,78254-2607
100000468,JULIE,WHEELER,8385 TUMBLEWEED TRL APT 3783,,SELDEN,NY,72758-9563
63009899,KATHY,ANTON,5319 FAIRFAX MANOR DR APT 3J,,JACKSONVILLE,FL,78240-3245
40041518,SHEILA,METHENY,3185 RIVER PARK LN S APT 956,,ALTAMONTE SPRINGS,FL,75474-0009
9917129698,LISA,MEYER,1331 CHARLESTON POINTE CT SE,,SAN ANTONIO,TX,40071-7769
9938015082,TERRI,REISS,58985 BURNT MILL RD APT 5383,,PERRYSBURG,OH,80209-4643
44009488,LORETTA,HERRING,55588 E COCHISE DR UNIT 5858,,BALLWIN,MO,75603-9526
22020769,LISA,HENNING,1855 LAKE ROBERTS LANDING DR,,CANAL WINCHESTER,OH,39402-8266
6040354,SHERRI,ARP,51979 PENNYPACKER TRL APT 15,,SAN CLEMENTE,CA,85303-2915
17071331,BONNIE,VAN ATTA,7555 S WENATCHEE WAY UNIT 5C,,WESTLAKE VILLAGE,CA,74128-5411
9908000389,MARCIA,WILLIFORD,955 US HIGHWAY 88 E APT 7586,,MAPLE GROVE,MN,90808-2211
25027901,MARCI,LUJAN,933 WILLOW SPRINGS DR APT B,,GREENACRES,FL,76016-2783
58010349,ALEX,SCHMITT,5835 SUMMIT PLACE CIR APT A,,OTTAWA HILLS,OH,32221-3271
60009962,JUDITH,HERNANDEZ,56516 E EASTER CIR UNIT 185,,SOUTH WINDSOR,CT,55350-4512
63006320,ANGELA RAY,RAMSAY,1853 RIVERSIDE AVE APT 3385,,JACKSONVILLE,FL,73078-9001
4015203,DIXIE,KNOWLES,8588 E JEFFERSON AVE APT 3C,,SAHUARITA,AZ,43551-6362
9933023972,DENISE,BURTON,3537 BRANDYWINE POINTE BLVD,,CONROE,TX,40215-1981
114006478,DONNA,PLATT,38638 DROUILLARD RD LOT 558,,DALLAS,TX,80122-3374
9912004153,ELAINE,HAINES,1737 HIDDEN SPRING FALLS DR,,BEACH CITY,TX,54665-7111
107001400,BETTY,AUBERRY,53355 Riverside Dr Unit 597,,PLATTEVILLE,CO,37205-4121
58021743,PAM,HEIDEN,11136 VICTORY BLVD APT F585,,MAUMEE,OH,43522-9319
40044909,DOROTHY,KING,585 N SARAH DEEL DR APT 135,,WINTER GARDEN,FL,75080-1824
104006919,KELLY,LEAHY,55585 COVENTRY WAY UNIT 158,,FORT WORTH,TX,77580-0753
61009199,DESIREE,RIZZA,5688 W LA JOLLA DR APT 1565,,COLLINSVILLE,CT,50266-6924
9934033261,HOLLY,PRICE,51539 LIEUTENANT NICHOLS RD,,GOLDEN,CO,50310-1949
9934007621,LORI,PERKUHN,5533 HARVEST OAK LANDING DR,,CASPER,WY,74864-4208
54014354,CAROL,GOIZUETAHAWKINS,3815 CHRISTIANA CAMPBELL CT,,LA PORTE CITY,IA,65721-6662
26024014,VICKIE,WHITEHEAD,5665 W GALVESTON ST UNIT 76,,MESA,AZ,33935-4764
9938015685,CONNIE,HARVEY,5885 COUNTRY VIEW LN APT 3G,,BOULDER,CO,73020-6621
6048307,TERRY,MERRITT,5355 LOUISIANA AVE APT 3355,,KANEOHE,HI,55344-7837
18017370,JENNIE,SCHREINER,1998 BISSONNET ST APT 58589,,INDIANAPOLIS,IN,85392-3114
9942050681,KIMBERLY,PETERS,13585 HARBOR VIEW DR UNIT B,,MISSOURI CITY,TX,72223-5519
71004193,LAUREN,BAMBURY,3385 N RANCHO LA CARLOTA RD,,SIMI VALLEY,CA,06804-3976
9923003004,HEATHER,HIBBS,8156 STRAWBERRY PLAINS PIKE,,SAN ANTONIO,TX,76248-2236
31017897,DEB,MCKIM,3586 Via Poinciana Apt 381x,,GRAHAM,NC,75034-7724
63010765,PATTY,TANEMAN,53338 MAGNOLIA SPRINGS LN E,,GREER,SC,33463-8232
60013292,SUSAN,HOLMES,53 VIA DE CASAS SUR APT 583,,STAFFORD SPRINGS,CT,97124-3522
24086451,TRACI,KILLMAN,7731 REDLANDS ST UNIT D1833,,PASADENA,CA,78254-1738
9907003450,BRENDA,HARWELL,7839 SAN PEDRO AVE APT 5585,,OAKDALE,LA,73034-6062
9917140406,ROCHELLE,DAVENPORT,6898 HARBOUR WOODS OVERLOOK,,SAN ANTONIO,TX,76655-3035
52021375,SUZANNE,BECKERS,1618 CENTENARY BLVD STE 533,,GAINESVILLE,VA,40223-2658
9917135766,SUE,HAYES,9658 TIMBER HAWK CIR APT 55,,ALMA,GA,46112-9209
9926002129,RUTH,PHILLIPS,58588 BAYMEADOWS RD APT 388,,GARLAND,TX,78006-5712
9932007766,JUDY,WOODRUFF,17831 PASEO BURLADERO APT B,,CLARKSVILLE,TN,91302-5841
9905023345,MARY,JAWORSKI,56595 GOLDENROD LN UNIT 581,,GRAPEVINE,TX,07645-2330
125001755,MELANIE,GARDNER,53965 HOLLOW WIND WAY # 585,,DECATUR,TX,72758-9048
9934025332,HEIDI,CRUMP,3158 DUDLEYS GRANT DR APT I,,HGHLNDS RANCH,CO,92587-7938
5021459,JANICE,PINCUS,185 S HEIGHTS BLVD APT 1513,,GRANITE BAY,CA,75209-3212
39031926,MELISSA,SMITH,5588 SHADOWRIDGE DR APT 589,,WEST PALM BEACH,FL,77378-1486
9932007184,MARY,HOGIN,188 RIVER VISTA DR UNIT 615,,POWELL,OH,75044-4949
122002412,NANCY,LAGER,135 GREEN HARBOR RD APT 559,,SAN ANTONIO,TX,75048-6653
9934009125,BOB,SHERWIN,695 COUNTRY CLUB DR APT 516,,LITTLETON,CO,92692-2622
83001223,JOHN,DANIELS,1568 TOWER RIDGE DR APT 755,,FORT MYERS,FL,77449-5220
9912002925,CINDY,EVELY,7563 COLONY CLUB DR APT 158,,LINDEN,MI,92107-6204
67003506,LISA,TODD,1638 LAKE SHORE DR UNIT 688,,FORT COLLINS,CO,33406-8761
65020793,LORRAINE,ROSCILI,3513 BRANDYWINE POINTE BLVD,,FARMINGTON,MI,32712-6479
9917113575,KENDY,REID,8915 VILLA RIDGE DR APT 833,,SAN ANTONIO,TX,80109-3582
63006183,KRISTEN,MILLS,7515 E PEAKVIEW AVE APT 355,,JACKSONVILLE,FL,78210-5737
39037070,RUBY,KLINKNER,53188 SHERBURNE CIR APT 781,,PORT ST LUCIE,FL,17033-9700
9933009722,ELLEN,MARTIN,8187 S PLACITA DEL BARQUERO,,LITTLETON,CO,97133-1490
9026745,SHARON,YOUNG,51668 HILLCREST RD APT 3187,,CHANDLER,AZ,75007-3502
9933000620,BARBARA,GARRARD,3538 NORTHWEST BLVD APT 558,,CONROE,TX,75070-8399
17072357,DENISE,BATTEN,3 BEVERLY COMMONS DR APT 11,,WESTLAKE VILLAGE,CA,97498-0996
10020438,PATTI,SCHALL,3878 CARSKADDON AVE APT 153,,FOUNTAIN HILLS,AZ,75078-0272
9919022611,SHELLIE,VINCENT,5331 E BASELINE RD APT 3863,,HUMBLE,TX,74075-1257
54017694,PAM,WESTFIELD,8565 INDEPENDENCE AVE APT 8,,WEST DES MOINES,IA,27603-8209
66001632,CHRISTIE,GORDON,3138 S NEWCOMBE ST UNIT 186,,FOOTHILL RANCH,CA,72223-4695
77004642,GLORIA,BASH,8117 SANTALUZ VILLAGE GRN N,,DUMONT,NJ,02740-6148
58010988,GAYLE,ENRIGHT,3585 S YOSEMITE ST UNIT 375,,TOLEDO,OH,78962-0795
40047163,DIANE,DESIMONE,9358 DOUBLE R BLVD APT 1156,,HUNTLEY,IL,78233-4744
114001861,ANGIE,SINGLETON,756 E WINCHESTER ST STE 198,,DALLAS,TX,77511-8881
114006774,KEELIE,FORTUNATO,6586 VANCE JACKSON RD APT 8,,WAXAHACHIE,TX,76262-7602
9933013934,DEBBIE,HRNCIR,9536 CALLE DIAZ WAY APT 885,,CYPRESS,TX,01002-3404
18018481,CARLA,ALBRECHT,13953 DORRINGTON ESTATES LN,,FISHERS,IN,78249-4122
33019571,MARGARET,TRACY,1551 E ALAMEDA AVE UNIT 516,,ALPHARETTA,GA,78114-4504
39040579,MARSHA,LAPLANTE,5685 NATOMAS BLVD APT 57388,,VERO BEACH,FL,75094-3778
111003723,LISA,DUVALL,53658 BEECHNUT ST APT 6387,,HOUSTON,TX,71019-0421
9943053453,NANCY,JAGGERS,5389 W BUSINESS 83 APT 716,,SPLENDORA,TX,76629-5129
39031812,CAROL,BLOCK,1758 HOMECREST AVE APT 353,,JUPITER,FL,74602-0545
105006083,FRED,KUBALA,59855 INNSBROOK DR APT 588,,ARLINGTON,TX,73179-1247
32012094,KATHY,THACKER,3987 SAN ROCCO DR UNIT 511,,FORT WAYNE,IN,91001-1901
9942053723,SHAREL,FOWLER,3991 SABLE PINE CIR APT B5,,VICTORIA,TX,13041-8747
9937007369,AIDA,MCCLOSKY,18863 N GRAND STAIRCASE DR,,ALLEN,TX,78023-0333
71007527,JENNIFER,HAZLEWOOD,8588 E UNION AVE UNIT 5985,,CASTLE ROCK,CO,39502-4261
74004091,SHELLEY,ODOM,5518 E ALGONQUIN RD APT 1R,,HOLLYWOOD,FL,72956-6656
110003974,LUDWINA,HOPKINS,3988 COUNTY LINE RD APT 3A,,FORT WORTH,TX,91377-5544
21235114910,JOHN,ROWE,5558 CHERYL RAPID APT. 333,,MARTINCHESTER,AZ,29282
9944001521,BARBARA,CROOKER,6888 ELDORADO PKWY APT 317,,BAYTOWN,TX,48381-3367
121003949,JEANETTE,AXSOM,3588 WEEKS PARK LN APT 199,,LAKEWOOD,CO,92708-4904
9941106509,DEBBIE,SEWELL,5195 EL MERCADO WAY UNIT C,,ALVARADO,TX,77356-5350
9912003531,ELLERY,ROBINSON,3758 N HERMITAGE AVE APT 3,,NEWBURY PARK,CA,75189-4371
9925002795,TERESA,JACKS,3985 S FLAGLER DR APT 5885,,BOERNE,TX,76087-8241
9938019357,LISA,THOMURE,5988 MOSTELLER DR UNIT 591,,THORNTON,CO,92679-5126
9911008608,MICHELLE,LAWS,55655 BLUCHER AVE UNIT 556,,GRANBURY,TX,70817-9308
106004854,MELODY,PETERSON,1731 HIDDEN SPRING VALE DR,,PLANO,TX,07446-2103
50021004,MARIE,BILNEY,588 HARBORVIEW DR UNIT 381,,CALIFON,NJ,73034-4743
108003438,MELISSA,WALKER,5718 SCRUGGS WAY APT 51585,,HILLSDALE,NJ,63038-1513
18022416,REBECCA,HANDEL,53853 CAPTAINS ROW APT 389,,FISHERS,IN,91761-5421
6040871,LAURA,ALVAREZ,57733 DEVONSHIRE ST UNIT 1,,TURNER,OR,80134-7499
9945061833,LINDA,KLEMA,5755 SNOW CREEK PT APT 383,,MIDLOTHIAN,TX,32250-7600
21235114912,JESUS,ROWE,5558 CHERYL RAPID APT. 333,,MARTINCHESTER,AZ,29282
103005968,SUE,JARMAN,8855 LATITUDES WAY APT 955,,CASTLE ROCK,CO,07656-2022
9938007617,JILL,LUCERO,58355 RIVERSIDE DR APT 383,,CASPER,WY,76060-0335
9926000264,ROZ,FACEMIRE,51559 WASHINGTON LN APT A5,,DALLAS,TX,91011-1441
9933010730,KRISTIN,NOWAK,115 N COLUMBUS DR APT 3955,,CONROE,TX,63017-7129
19025614,AVIS,MORGAN,18638 SAN LUCAS LN APT 185,,CRYSTAL LAKE,IL,73008-4932
59013929,NANCY,TREFZER,57339 SE 83TH FOXGROVE AVE,,MORENO VALLEY,CA,92691-5628
126001875,PAT,ZAMORA,1919 POST OAK BLVD APT 553,,HERNDON,VA,53120-2338
9923008924,MICHELE,MATTHEWS,5885 WASHINGTON LANDING DR,,SAINT CHARLES,MO,75025-2225
115002041,ANGEL,COHEN,8659 NOTTINGHAM POINTE WAY,,OKLAHOMA CITY,OK,93021-2807
9908009088,KAY,ENGLISH,6666 BROOKMONT TER APT 681,,ARVADA,CO,72744-0236
59013223,PAULA,HOWELL,389 BRIDGEBORO RD APT 3336,,CORONA,CA,93065-3533
9936007061,CHRISTINA,MARTINEZ,3535 COTTONWOOD SPRINGS DR,,GRAND PRAIRIE,TX,85396-7892
33019268,MELINDA,ALGIERI,5876 SILVER STAR SCHOOL RD,,LANSING,MI,33410-1329
31016624,MICHELLE,MILLER,1818 WIND RIVER LN APT 355,,HILLSBOROUGH,NC,07052-4125
2015625,KATHLEEN,KRAMERSMEIER,56158 VENTURA BLVD STE 138,,ARLETA,CA,75033-1120
39038216,CINDY,DAILEY,198 W LAKE PARK RD APT 883,,NASHVILLE,TN,94401-4239
107001233,MELISSA,CAMPBELL,5555 N FLAGLER DR APT 5556,,THORNTON,CO,80920-4602
116002403,EMILY,KETRING,3115 VIA ARBOLADA UNIT 558,,SAN ANTONIO,TX,92651-3443
999001732,ANNA,CHESLEY,5931 FULLERTON AVE APT 586,,FORT WORTH,TX,76476-0340
34016806,MARY,SAVANT,13158 N 13RD AVE UNIT 1555,,ANTIOCH,IL,77388-6156
106005942,SONIA,VOYTEK,51518 ALTERNATE A5A APT H5,,ASHEVILLE,NC,06002-1791
63006689,KAREN,NICOLAI,5958 NW 591ND AVE UNIT 185,,SAINT AUGUSTINE,FL,06074-2915
41022046,MARY,WEBB,1588 FAIR PARK AVE APT 355,,EAGLE RIVER,WI,06089-9769
114005057,CAROL,DOYLE,1381 CAROL VIEW DR APT 185,,SPRING,TX,48327-4521
21235114911,JOHN,ROWE,5558 CHERYL RAPID APT. 333,,MARTINCHESTER,AZ,29282
9936017965,JULIE,EPES,553 TALAVERA PKWY APT 5153,,MIDLOTHIAN,TX,76904-5266
18017745,REBECCA,STUBBEMAN,58888 553TH CT NE APT I181,,COLUMBUS,IN,85749-9576
106006627,LIZ,JACOBSON,1388 OLD SOUTH DR APT 5783,,ALLEN,TX,85044-7030
9933003085,ULYSSES,CROOK,5855 S VALENTIA ST UNIT 13,,SPRING,TX,97702-9683
28014023,SANDRA,TABB,55587 CYPRESSWOOD TRAIL DR,,SALT LAKE CTY,UT,73018-6726
54016000,CATHY,KNOX,6363 SAN FELIPE ST APT 565,,URBANDALE,IA,77035-5120
3028493,ESTHER,MANCINI,58885 E SANCTUARY RIDGE LN,,GARDEN GROVE,CA,34104-5947
124001493,NANETTE,BACILE,3989 HAVERWOOD LN APT 5385,,SACHSE,TX,76088-5204
77001438,KEVIN,TURK,3335 COLLEVILLE SUR MER LN,,RIVER VALE,NJ,78654-5795
9937034150,DEBBIE,HOBBS,1158 WESTVIEW BLVD APT 515,,ALEDO,TX,75023-1338
9945045298,GINA,BEARRINGER,1859 CAMINO DEL MAR APT 58,,DALLAS,TX,95118-1146
9916123646,CYNTHIA,RUSSELL,55685 E JAMISON DR APT 513,,GRAND JUNCTION,CO,92835-2123
47017698,ZETTA,MENDOZA,3885 VITRUVIAN WAY APT 569,,LOUISVILLE,KY,76018-2034
54013117,BARBARA,FREEHLING,5888 SW VISTA AVE APT 5185,,WEST DES MOINES,IA,98221-3226
106007744,PATRICIA,BOUTIN,115 N NEW JERSEY ST APT 58,,MCKINNEY,TX,73013-1354
122003461,APRIL,RUBINO,5358 PARKVIEW CIR UNIT 181,,BOERNE,TX,75067-6121
9932040863,JENNIFER,TANNHEIMER,533 PASTURE SIDE WAY APT P,,PADUCAH,KY,97124-4044
9904048097,SHARON,SAYLOR,1838 VIA MARIPOSA E UNIT C,,CASTLE PINES,CO,95602-9513
52021130,RACHEL,TATE,188 FOUNTAINS LN APT 51383,,FAIRFAX,VA,77009-2737
60012432,DOUG,CROMER,788 558TH AVE NE APT N5581,,WINDHAM,ME,77586-3322
9923004062,JANELLE,CARLSON,6183 TWIN OAKS DR APT 5563,,MURFREESBORO,TN,91730-3333
125000762,ERIN,MAYO,9735 TOUCHTON RD UNIT 5783,,ARGYLE,TX,85374-4822
39041205,LACEY,MCNEELY,388 PLAINVILLE AVE APT 111,,WESTON,FL,06029-4127
67004490,LACEY,OBRIEN,1818 LAKE OSBORNE DR APT 5,,MOORPARK,CA,76112-1080
9915071166,RUTH,GEISTWEIT,5318 MARINA BAY DR APT 385,,DALLAS,TX,75225-6641
26022353,GAIL,GUTIERREZ,7588 WESTHAVEN CIR APT 181,,WOODSTOCK,CT,78258-1619
2997451,SUE,SHIRLEY,5555 N AINSWORTH ST APT 68,,PORTLAND,OR,91325-4446
9908008885,MISSY,WISEMAN,55535 MEMORIAL DR APT 8587,,LOUISVILLE,CO,78209-4636
106010023,RUTH ANN,MORGAN,1315 WILLOWBROOK DR APT E7,,PLEASANT VIEW,TN,14085-9516
116002108,JOANNE,BUNNELL,588 BUCKINGHAM DR APT 138,,SAINT HEDWIG,TX,07652-3325
65026441,SARA,ROBERTS,1785 CLOVER HILL RIDGE RD,,COMMERCE TOWNSHIP,MI,85379-7424
42014820,LAURA,HOFFMAN,55388 LOOKOUT RD APT 5611,,EUREKA SPRINGS,AR,60142-6374
9916117034,CATHY,SMITH,3558 MOHR ESTATE SOUTH DR,,BETHANY,OK,75034-7534
52019277,CHRISTINA,DANSAK,7373 E 19TH ST N APT W183,,MC LEAN,VA,63119-5094
106012505,SUSIE,RUBIN,35 ROYAL COUNTY DOWN CRES,,LITTLE ELM,TX,73116-5701
9932037398,JOSEFINA,ALLEY,533 N WASHINGTON ST APT 3,,EVANSVILLE,IN,76028-3613
9921002277,TAMMY,WHITE,59517 TIMBERLAKE WOODS LN,,COLORADO SPRINGS,CO,88011-8664
9916103557,ANNE,GRAVITT,8678 SW 539TH AVE APT 553,,OKLAHOMA CITY,OK,46750-2310
106011466,DONNA,JONES,51658 CAMBERLEY FOREST DR,,DALLAS,TX,50010-9113
114000631,GINGER,HAYES,1615 COVINGTON POINTE WAY,,KEMP,TX,78212-1839
34016084,JUDITH,WALTERS,38758 MELCREST ESTATES DR,,HIGHLAND PARK,IL,85258-3004
9939024799,AMY,WARD,1888 HIGHLAND RD APT 5557,,PLANO,TX,85340-8540
61007468,ESTELLE,BROCKWAY,5351 LINDLEY AVE UNIT 553,,WATERTOWN,CT,92663-4908
115007612,DEBORAH,PONZI,557 W AVENIDA SAN ANTONIO,,OKLAHOMA CITY,OK,37138-1025
39034185,COLETTE,ROSE,58758 GREENBRIAR VILLA DR,,WEST PALM BEACH,FL,78015-4122
18020854,JAYNE,HUNT,9886 HOMESTEAD RIDGE PKWY,,INDIANAPOLIS,IN,20695-3286
44011173,STEPHANIE,FLOREZ,3835 W LAWTHER DR APT 886,,SAINT LOUIS,MO,75043-5051
47018832,KELLY,REITZ,53853 PARADISE VILLAS GRV,,LA GRANGE,KY,48180-2915
114005370,MILDRED,PHIPPS,355 COUNTRY CLUB DR APT 5,,FRISCO,TX,80919-5557
125000304,LIBBY,LAGANA,5675 VERMILLION BLUFFS DR,,FORT WORTH,TX,06441-4118
63011680,FRIEDA,STAPERT,3851 DEL MONTE AVE APT 56,,JACKSONVILLE,FL,60188-2960
107006875,BARBARA,NAJERA,5851 OLD COLONY RD LOT 38,,NIWOT,CO,37221-3010
106012027,DEBBIE,JACOB,735 MOHAWK HILLS DR APT B,,FRISCO,TX,75039-3654
39041072,KATINA,TEO,3588 FAIRMOUNT ST APT 153,,LAKE WORTH,FL,78230-5619
11019014,DORIS,HANNOUD,3888 E RENNER RD APT 5938,,SAN JOSE,CA,50263-8240
122002113,DEBBIE,BIEHL,657 OLD NASHVILLE DIRT RD,,SAN ANTONIO,TX,06118-2366
59010405,TERRI,WISE,8558 AVENIDA DE LAS ONDAS,,CHINO,CA,76248-5416
65023916,MICHELLE,MCCREADY,55585 LOCHWOOD DR APT 351,,JACKSON,TN,37918-4543
10020303,DANIELLE,GOODWIN,5388 Keller Pkwy Apt 5531,,HIGHLANDS RANCH,CO,59405-4123
63010556,KAREN,SPURRIER,3685 De Zavala Rd Apt 156,,JACKSONVILLE,FL,78260-1430
9923007709,JOANNA,HALLIGAN,1858 CLASSIC DR UNIT 1659,,SAN ANTONIO,TX,97006-7600
9930020233,IMELDA,STOVALL,1558 N OCEAN BLVD APT 983,,FRISCO,TX,46032-8313
9934035641,AMY,FRANK,7915 PRESERVE CIR APT 336,,CENTENNIAL,CO,75442-1405
10021050,SHARON,MATTHEWS,55681 N PEACEFUL NIGHT RD,,SCOTTSDALE,AZ,85331-1548
110004468,CHERYL,KNIGHTS,39887 CEDAR BLVD UNIT 155,,AZLE,TX,91701-9201
9921002579,KIM,ROMERO,5398 Buckingham Gate Blvd,,TREXLERTOWN,PA,81632-4209
103006316,JOEL,HUDSON LEHL,5588 LAWNMONT DR APT 5888,,DENVER,CO,44890-9329
126000104,JUDY,HANF,1 MARINE VIEW PLZ APT 58E,,SAN CLEMENTE,CA,37922-1999
68006038,CARLA,KING,1588 YORKSTOWN DR APT 535,,OCEANSIDE,CA,07652-2127
9912002680,KAREN,MAY,8965 CRIGHTON CROSSING DR,,FORT WORTH,TX,40299-4700
9945052604,BRENDA,KORESSEL,3855 SAINT JOHN CHURCH RD,,ALLEN,TX,46216-1067
9915001501,JANET,ROBERTSON,3863 N GOLDENROD RD STE 6,,DALLAS,TX,73120-1851
9937001232,ARLENE,LANDRY,5588 N PRIEST DR APT 5883,,RICHMOND,TX,76064-1859
9908007454,SHERYL,EASLEY,5668 HAWTHORNE HEIGHTS DR,,WINDSOR,CO,76012-4254
9913066252,JOAN,MCALLISTER,53363 BEACH BLVD UNIT 333,,BAYTOWN,TX,77057-1450
106011379,KARINE,GEARHART,59555 COUNTRY MOUNTAIN CT,,PLANO,TX,07506-3416
9935019471,DONNA,ROMBES,58575 COLLINS AVE APT 887,,FORT WORTH,TX,91789-2434
18017803,ELIZABETH,HUTCHINS,9833 WHISPERING PINE CURV,,MCCORDSVILLE,IN,48382-1552
83000857,ALICIA,STEVENS,758 NW 585TH AVE UNIT 388,,FORT MYERS,FL,78249-2493
18020413,SUSAN,MOBLEY,5353 CALLE LUCHETTI APT 8,,AVON,IN,76017-4146
114005605,SUSIE,KAISER,693 WYNDHAM CROSSINGS CIR,,ROYSE CITY,TX,77379-8891
21235114909,LARRY,CAMERON,131 AVILA FORGES APT. 863,,MOOREVIEW,TX,35752
105005428,MELODY,TRESPICIO,3535 S MONACO ST UNIT 538,,ARLINGTON,TX,30115-1811
58010053,MAXINE,ROSKEY,3383 AMERICAN DR APT 1385,,TOLEDO,OH,92691-5513
17071180,GAYE,SELLS,7788 E COUNTY ROAD 5888 N,,AGOURA HILLS,CA,78861-5507
9904044979,TINA,RAY,57113 BUFFALO VALLEY PATH,,GREENWOOD VILLAGE,CO,78231-1229
9923000244,DARCILLA,BOHAN,53987 MONTFORT DR APT 515,,SAN ANTONIO,TX,97133-1490
12014649,VIRGINIA,KENNEDY,1555 PORTLAND AVE APT 189,,SAMMAMISH,WA,78258-7342
9902011494,LAURA,BURTON,7138 WURZBACH RD APT 5383,,MOUNT JULIET,TN,90293-7922
9943044929,LELIA,PARKER,35358 N CLEAR CROSSING RD,,TOMBALL,TX,34945-4423
24090557,LINDA,HUTCHENS,1885 VININGS CIR APT 5585,,CHANDLER,AZ,91786-2749
9922005481,JOANN,ELIZONDO,1136 CANYONLANDS DR APT B,,DENVER,CO,75077-7166
9934015525,ERIN,DUKE,58368 SANTA GERTRUDES AVE,,LITTLETON,CO,84108-1842
63007363,CONNIE,CLORFEINE,1988 TOWNSGATE RD STE 185,,JACKSONVILLE,FL,78023-3761
124003272,TONI,TUSO,8875 N COUNTY ROAD 5858 E,,DALLAS,TX,80109-8690
9913069372,LOIS,GRAYBILL,5835 SANTA FE MOUNTAIN RD,,HOUSTON,TX,85266-5252
9945053353,DIANE,HARGRODER,3335 FALL CREEK RD APT 51,,ROGERSVILLE,MO,75067-3756
9937016208,MARIA,BYRNE,53853 WEXFORD HOLLOW RD N,,OKLAHOMA CITY,OK,80127-4354
9933000377,BONNIE,CHRISTIAN,6868 SHORE BLVD S APT 788,,SPRING,TX,74137-4016
9937001940,LORI,BARTON,5585 STONEYBROOK GROVE LN,,POTTSBORO,TX,75070-8552
9937037880,BERTHA,DEMARE,56535 NW PEBBLE BEACH WAY,,GARLAND,TX,70663-5077
115008312,CAROL,CHRISMAN,157 AVENIDA GRANADA APT 5,,EDMOND,OK,32712-3940
77004068,NANCY,TOLAND,5758 WILTSHIRE VILLAGE DR,,BERGENFIELD,NJ,33909-2737
9936013403,CAROL,MATHIS,6135 SAPPHIRE POINTE BLVD,,WALTHALL,MS,32533-5736
114002914,PAUL,CORDWELL,53533 BAYWOOD VILLAGES DR,,MURPHY,TX,44012-3128
32011875,MARGARET,ILCHYSHYN,58668 LEOPARD ST APT 5385,,FORT WAYNE,IN,90069-5039
18019940,PAMELA,RUPERT,55988 SANDALWOOD CREEK DR,,MOORESVILLE,IN,63141-8502
60011848,CHERYL,JONES,58368 HAMPSHIRE GREEN AVE,,WEST HARTFORD,CT,06023-1116
77001424,ANGELA,JOHNSON,8355 N VANDIVER RD APT 39,,NEW MILFORD,NJ,75071-3086
21235114908,JAMES,CAMERON,131 AVILA FORGES APT. 863,,MOOREVIEW,TX,35752
59011297,CAROL,LENZ,55888 E 515ST AVE UNIT I3,,RANCHO CUCAMONGA,CA,76108-9270
9925002147,PAMELA,SCHLOOT,1985 W VICTORY BLVD APT L,,PIPE CREEK,TX,46163-9707
68005097,JOHANNA,ROYE,5535 N CORONADO VISTAS PL,,SANTEE,CA,67226-3421
83001527,FLORENCE,SPENCER,5718 OAK BEND LN UNIT 186,,CAPE CORAL,FL,72145-0337
124002504,LINDA,COLTHARP,538 MANCHESTER DR APT 351,,ROCKWALL,TX,83864-9210
9943048304,DEBRA,MATTHEWS,3358 NORTHLINE AVE UNIT A,,MONTGOMERY,TX,92637-4017
9909168817,CYNTHIA,BURDICK,58519 E COUNTY ROAD 588 S,,BROKEN ARROW,OK,77057-2321
9944002235,BRITTANY,EGENOLF,3555 S CRYSTAL WAY UNIT C,,HOUSTON,TX,37172-2204
40039201,MAGGIE,PERKINS,5151 AMERICANA LN APT 383,,ALTAMONTE SPRINGS,FL,76028-1140
116002804,ASSUNTA,CARR,58833 36TH AVE W APT A583,,SAN ANTONIO,TX,43085-2480
63009151,JUDY,HAMAN,55887 SUNBURST ST APT 581,,SAINT JOHNS,FL,33437-3605
120004387,JANET,ZIMMER,5786 BRIARWOOD ESTATES DR,,COLORADO SPGS,CO,77059-4015
112002226,MARLENE,WOMACK,5 CHARLES RIDGE RD UNIT A,,SPRING,TX,80021-4183
61008297,BECKIE,DYDA,3158 E RENNER RD APT 1335,,FARMINGTON,CT,71106-7683
9934027829,DONNA,MARTIN,111 PENNBRIGHT DR STE 588,,CONIFER,CO,77040-2007
122003755,CAROLYN,STEWARD,7865 VALLAGIO LN UNIT 388,,SAN ANTONIO,TX,33470-1524
61008423,SHIRLEY,MICHAEL,3838 MEREDITH WAY APT 386,,MELBOURNE,FL,34210-2681
122001973,JANICE,KRAWCZYNSKI,789 NIGHTINGALE AVE APT A,,LAREDO,TX,76354-2621
77001107,DEBRA,SPULER,3659 MEMBERS CLUB BLVD SE,,TOWNSHIP OF WASHINGTON,NJ,92131-2264
21235114907,JAMES,CAMERON,131 AVILA FORGES APT. 863,,MOOREVIEW,TX,35752
59013264,CASSIE,BIRD,8655 FOOTHILL BLVD SPC 15,,RANCHO CUCAMONGA,CA,77320-1323
122002766,BRENDA,TAYLOR,53158 N SUNSET GALLERY DR,,SAN ANTONIO,TX,89521-3824
9908007496,SHELLIE,MALONE,786 S JUPITER RD APT 1587,,BRIGHTON,CO,92690-4188
30011179,PAT,VIREN,3535 S MONACO ST UNIT 336,,SEATTLE,WA,62832-3413
18020699,AMY,WESTFALL,3785 DANFORTH DR APT 5589,,JAMESTOWN,IN,91302-3147
9923000107,LESLIE,FORD,5558 W STONES CROSSING RD,,LUFKIN,TX,92620-3410
100000481,JEANETTE,MAYDON,6951 HIGHWAY 78 S APT 519,,CENTEREACH,NY,40205-2010
5020611,DOTTIE,YANCEY,9531 S WHISPERING PINE DR,,ROCKLIN,CA,20170-5903
64009811,JANET,BROOKS,53395 HUNTERS CROSSING DR,,ROSLINDALE,MA,62002-7619
58009872,TRINE,MCCLAVE,1885 HIGHWAY 368 APT 3583,,OREGON,OH,37066-6505
9902011548,SHARON,FRIESENHAHN,58185 N COUNTY ROAD 658 E,,FAIRVIEW,TN,40299-4387
35019531,KRISTIN,EASTER,8537 E ARAPAHOE RD UNIT J,,CAPE CORAL,FL,75071-6619
9934032203,SHARON,GULOTTA,8855 SE 569TH BEAUFORT ST,,RANCHO CUCAMONGA,CA,76308-3267
9936014301,ANNIE,SINGH,9315 ROLATER RD APT 1357,,ARLINGTON,TX,80027-1668
9915001482,ANGELA,STOLTZFUS,1388 KATHRYN LN APT 3358,,MCKINNEY,TX,76036-3248
123002370,KANDY,HOUSE,385 N RUSTLERS CANYON DR,,LAKE JACKSON,TX,85296-4026
9942047129,ELEANOR,CARDENAS,53155 ADMIRAL AVE UNIT D,,LAKE JACKSON,TX,77504-2509
114005529,JANE,KUTZ,3113 LEMMON AVE APT 3536,,DALLAS,TX,33414-3504
55009340,JAN,EMMENEWGER,18936 VERDE MOUNTAIN TRL,,DENNIS,MA,06010-2616
120003146,BARBARA,SANFORD,51838 WILLIS WAUKEGAN RD,,PEYTON,CO,50265-5448
38032368,YVETTE,MURPHY,55756 HERITAGE SQUARE RD,,CARY,NC,78613-3989
68005398,VICKEY,HUETT,58118 DE SOTO AVE UNIT 6,,SAN DIEGO,CA,77388-6934
160021622,DIANA,ARMSTRONG,568 BUMBLEBEE ST UNIT 53,,SURPRISE,AZ,75428-5246
61006692,RITA MARIA,FOSTER,55855 CROOKED LAKE WAY S,,NORTH GRANBY,CT,77356-8382
9945046182,MILLIE,SWEET,8975 ROCKPOND MEADOWS DR,,DALLAS,TX,84129-6851
43024448,BETTY,DUEBER,51953 GRANT CIR E UNIT C,,WILOUGHBY HLS,OH,33415-4788
6046790,SHARON,CARVER,55 CALLE DE LOS GRABADOS,,SAN JUAN CAPO,CA,37122-8244
18017212,BRANDI,MARTIN,353 W BRITTON RD APT 159,,FISHERS,IN,77005-4262
18017171,PAT,BAKER,758 QUINNIPIAC AVE APT 3,,INDIANAPOLIS,IN,73012-6734
110005328,GAYLA,RENFRO,8335 PARKLAND ST APT 585,,WHITNEY,TX,80123-6622
26024817,JUDY,KAUFMAN,5935 S PIERPONT APT 1855,,MESA,AZ,48375-2715
9942054837,DENISE,HAUBERT,58733 ALYSSUM LN APT 581,,FRIENDSWOOD,TX,92336-5309
77003278,BETTINA,JAFFE,3866 E COUNTY ROAD 988 N,,ORADELL,NJ,80020-6140
9904040944,TERRI,MIMMS,651 OLD PLANTERSVILLE RD,,ELIZABETH,CO,33484-1121
19026821,MARILYN,BENJAMIN,58835 CAIRN MOUNTAIN WAY,,LAKE IN THE HILLS,IL,52584-8119
126000523,SHELLY,RAMSDEN,1688 VENTURA DR APT 5555,,FRISCO,TX,75024-7549
106004623,JILL,MORGAN,335 BRIDGE ST NW APT 786,,MCKINNEY,TX,06042-3610
9935024379,AMY,STRONG,51761 SUNOWA SPRINGS TRL,,SOUTHLAKE,TX,78230-5873
110001891,JOAN,ZIMMERMAN,16555 CLOVERLAND PARK LN,,FORT WORTH,TX,44094-9685
124003699,MICHELLE,JAMES,1938 E LAKE HARTRIDGE DR,,MURPHY,TX,91748-4801
9936027351,YEN,ENG,5888 ASYLUM AVE STE 1516,,ARLINGTON,TX,76034-1011
9906039569,DEE,DAWSON,11575 LEANNE TER APT 339,,CROWLEY,TX,48150-3706
56007531,SHERRY,SILVER,355 N STONEMAN AVE APT B,,NORTH ATTLEBORO,MA,77478-3715
75000167,LEEVON,BROWN,5165 WATERWITCH COVE CIR,,SPRINGDALE,AR,94588-3542
9907010781,MELODEE,ANDERSON,1598 S UECKER LN APT 653,,ABILENE,TX,60004-2947
17069805,LEIGH,MERRITT,11933 ANTIQUA ESTATES CT,,FURLONG,PA,75013-8517
121002637,PAULINE,LACY,6556 BROADWAY ST STE 588,,STEAMBOAT SPR,CO,73034-3436
112001799,REBECCA,GORDON,3563 KINGSRIDGE MANOR DR,,CONROE,TX,64801-1000
18021850,ANNE,PERLROTH,18571 WILLIAMS CANYON RD,,Carmel,IN,33498-6729
105005016,BILLIE,SMITH,5189 DRIPPING SPRINGS LN,,PALMER,TX,34787-5582
13019720,JOHN,REMIGINO,587 PATERSON AVE APT 553,,ATLANTA,GA,80111-4462
9913070874,DOROTHY,BROOKS,655 E WEBER DR UNIT 5855,,DODGE,TX,40222-5652
13021003,LAURA,HUMENIK,3838 Ne 533rd St Apt Ag3,,ATLANTA,GA,76108-3952
38036916,BROOK,STRAUB,6688 PRESTON RD APT 5613,,WASHINGTON,MI,14027-0333
13021232,LISA J,LENSKE,1135 MARILLA ST APT 3311,,EATONTON,GA,71106-8404
47018819,BRITTANY,KROLIKOWSKI,5687 AMERADA CIR APT 555,,SAN LUIS OBISPO,CA,78016-4118
5027530,MICHELLE,SHIOMI,9885 WURZBACH RD APT 581,,MANCHESTER,CT,76063-4015
114003538,MARGIE,WRIGHT,5315 NE INDEPENDENCE AVE,,ODESSA,TX,85718-4746
101002043,RACHIEL,THORDSEN,6391 GRISTMILL SQUARE LN,,OLD HICKORY,TN,90631-3354
9909176137,LORENE,ALLMEYER,685 W SPRING VALLEY PIKE,,PLATTE CITY,MO,75418-5510
124004054,PATRICIA,WIGGINS,1588 OLD FARM RD APT 356,,FORNEY,TX,77650-1275
78002441,LINDA,WELTHA,7851 CHESTNUT HILL DR SE,,RED OAK,IA,91001-2004
78002016,SARAH,HAYS,3889 LAVISTA CIR APT 118,,AVON LAKE,OH,80237-2539
9915065786,LISA,OPP,35138 KENSINGTON PARK DR,,ARGYLE,TX,06029-2307
9903003070,LILLIAN,MCGOON,58539 N PRAIRIE HILLS DR,,SPRING,TX,98932-9403
15081398,MARY MARGARET,ODLE,8615 WELLINGTON POINT DR,,NORTHRIDGE,CA,80603-3894
124001987,CLAUDIA,PATTON,3685 66TH ST W APT 5656A,,DALLAS,TX,80214-6051
61010265,KAREN,ORDAZ,56535 STALLION SHORES CT,,COLLINSVILLE,CT,65616-7402
9915004534,KIM,GRACE,55836 MOORPARK ST UNIT A,,COMMERCE,TX,77389-3820
9943046823,GINNY,MCDONALD,5555 SW LANDING CREEK DR,,SPRING,TX,95621-6428
22019986,ROBERT,ROMINE,5816 SANBORN AVE APT 581,,MADISON,CT,37122-0015
54017394,LORI,PENISH,1578 FAIRWAY VILLAS LN S,,CENTERVILLE,IA,64157-8539
75000446,JEAN,PATTEN,1736 TRITT SPRINGS DR NE,,ROGERS,AR,78216-3553
106008536,KAREN,ERARD,5588 SW HAMMOCK CREEK DR,,CARROLLTON,TX,80504-1204
65025856,LESLEY,FABER,5358 BANDERA HWY APT 385,,WEST BLOOMFIELD,MI,60035-5906
18021817,BARB,CURELLA,5788 N COUNTY ROAD 558 E,,ARCADIA,IN,28803-2879
9903037229,PITA,FREIERMUTH,53388 DICKENS ST APT 185,,FLOWER MOUND,TX,75023-2301
40048660,DEBRA,GILVEAR,655 BREAKFAST POINT BLVD,,SANFORD,FL,80020-3849
107003499,LAURA,TINTA,915 TOLLIVER PL APT A581,,BAKERSFIELD,CA,60193-1779
11018700,MARTHA,COOK,9137 REGENTS RD UNIT 517,,SAN JOSE,CA,94116-1909
72001099,CARMEN,BAUMANN,51589 STATE HIGHWAY 55 W,,VILLANOVA,PA,37203-1396
120001459,JULIE,GRIFFIN,6783 W LAKE INVERNESS CT,,COLORADO SPRINGS,CO,90712-3428
19028763,RENEE,SCOTT,51883 S HIDDEN VALLEY RD,,GREENFIELD,IN,40026-9700
105002701,CAROL,WALLACE,3788 LEGACY DR APT 17187,,ARLINGTON,TX,78232-1058
9937041495,ROSE,WORLEY,1355 N WHITE CHAPEL BLVD,,FRISCO,TX,80108-8890
9945047682,SARA,BRITT,3788 CANYON TRL APT 5587,,KAUFMAN,TX,92084-3336
110002776,MARY JO,GIGGY,1636 STATE HIGHWAY 555 E,,SPRING,TX,77354-5332
9920013401,DORIE,ELLIOT,5585 VINELAND CIR UNIT B,,LLANO,TX,76018-3125
40051571,ANN,BLACK,1853 CROCKETT ST APT 358,,REDMOND,OR,90009-8171
9907018280,JUDY,HARDY,5183 WALNUT HILL FARM DR,,FRISCO,TX,91765-3810
60010238,YVONNE,CARL,55588 CUTTEN RD APT 1381,,BROAD BROOK,CT,74013-1259
120005561,AUDREY,FRIEL,5683 AMERADA CIR APT 733,,COLORADO SPRINGS,CO,77546-4703
82000484,SHELLEY,CROWE,859 W JOHN CARPENTER FWY,,CORONA,CA,75022-7060
9921010845,JEAN,STEC,3885 WOODLAND AVE APT 53,,COLORADO SPGS,CO,80232-7150
22016812,VICKI,CAMPBELL,58781 GLASS MOUNTAIN TRL,,GROVE CITY,OH,77346-4033
3026394,BARB,WILSON,355 SPARKLING SPRINGS DR,,YORBA LINDA,CA,77706-2102
28015053,LANNIE,MAKUPSON,551 PALM POINT CIR APT C,,PARK CITY,UT,84790-4700
9911003171,SUSAN,RICHARD,3785 COVINGTON RD APT 35,,CROWLEY,TX,81052-9533
25027700,MARY,SPRADLIN,5588 NE 55TH AVE APT 335,,MONTGOMERY,AL,91436-3000
60009575,WENDY,HAQUE,3381 E DESERT TRUMPET RD,,ELLINGTON,CT,75013-3608
18019796,PATTIE,STAGNER,5588 OAK TREE AVE APT J1,,INDIANAPOLIS,IN,73107-3901
9901045383,KIM,BETANCOURT,5585 VINELAND CIR UNIT C,,CHRISTIANSTED,VI,92692-1525
18020117,CYNTHIA,MULLIGAN,357 BLACKSHEAR DR LOT C7,,MCCORDSVILLE,IN,75020-3912
60013396,SUE,HAITAS,53187 AVENUE OF THE GRVS,,EAST HARTFORD,CT,94510-3956
113001311,DANIELLE,GRAVES,5555 BERING DR UNIT 5583,,CYPRESS,TX,93063-2446
110003665,KARI,TOOLEY,8588 W QUINCY AVE APT M6,,BURLESON,TX,28139-7838
33019424,JEANNE,SCHWARTZ,5119 N FLETCHER AVE UPPR,,DACULA,GA,20191-3607
114008102,NANCY,JOHNSON,1319 E COUNTRY CLUB DR S,,LITTLETON,CO,06790-3361
60010730,JOAN,MURPHY,13379 SCHUETZENGROUND RD,,GLASTONBURY,CT,06374-0263
9930005197,BARBARA,ROSEN,535 N Main St Apt 583165,,SHIRLEY,AR,32081-0525
9901038019,JANE,DECOULAZ,13859 W DESERT VISTA TRL,,MURFREESBORO,TN,75075-8041
23042131,DONNA,CORP,588 W TEXAS AVE APT 5311,,COLORADO SPRINGS,CO,75189-8147
34014488,STEPHANIE,MORGAN,7355 WINDHAM HARBOUR AVE,,SKOKIE,IL,73099-6658
58009344,ANNETTE,JORDAN,885 E WALNUT ST APT 5556,,SYLVANIA,OH,95130-1120
20013669,KRISTA,SPAULDING,9635 WILSHIRE LAKES BLVD,,SPRINGFIELD,MA,37130-8132
9942047514,MORGAN,HARRIS,8895 BRIGHTON LN STE 585,,PASADENA,TX,40031-9467
51010315,MARIA,RANDALL,136 S JOSEPHINE TOBIN DR,,DENVER,CO,93021-3147
9906032192,DRU,KEEN,55368 KENYON WAY STE 585,,DENTON,TX,90292-7067
9905011462,MARILYN,RORY,111 MONTEREY RD UNIT 585,,KELLER,TX,97006-8400
63004088,KAREN,CLOUGH,8987 MOUNTAIN LAUREL WAY,,JACKSONVILLE,FL,76182-8426
71009005,TANIA,SHAH,3983 N Story Rd Apt 511b,,SIMI VALLEY,CA,63011-2026
105003071,JULIA,COLOSIMO,657 N PLEASANT VALLEY DR,,ARLINGTON,TX,75048-5548
15082680,ANGELITA,JOHNSON,58885 MIDWAY RD APT 5853,,NEWBURY PARK,CA,75013-3095
9942051014,LAURIE,NATION,8383 SOUTHERN PRAIRIE DR,,LEAGUE CITY,TX,77384-5055
61008662,ERIN,ALLEN,53588 W 98TH TER APT 383,,WINSTED,CT,74631-6749
17070769,ALISHA,ROSS,1758 PIEDMONT AVE APT 18,,WESTLAKE VILLAGE,CA,57601-0128
39039280,TESS,WILLIAMS,5985 SOLDIERS DR UNIT 35,,LAKE WORTH,FL,77581-5299
6044819,JENNY,SALAMONE,3683 TORREY CIR APT V189,,DANA POINT,CA,75024-6321
59011882,KATHY,SCHLAEGER,116 PINE HOV CIR APT D-1,,POMONA,CA,73403-0178
11016176,MELANIE,SLADE,3876 WOODBRIDGE CREEK DR,,SAN JOSE,CA,77386-1193
113001947,STEPHENIE,CARMENATES,338 N PARKSIDE DR UNIT F,,HOUSTON,TX,92251-8832
32013997,GAYLE,COOK,51588 STATE HIGHWAY 56 N,,N MANCHESTER,IN,48236-3456
26026134,BEVERLY,COTHERN,338 HAYDENVILLE RD APT F,,MESA,AZ,77025-3064
123001529,BEVERLEY,SIMPSON,896 QUINNIPIAC AVE APT 7,,BOERNE,TX,72908-0729
118003208,KATHY,BENLI,8858 OAKDELL WAY APT 581,,KATY,TX,76021-4148
61008451,MARIA,AMADOR,59818 S SAINT ANDREWS DR,,CANAAN,CT,85234-3857
22020377,ALICIA,COVINGTON,3391 S COUNTY ROAD 375 E,,COLUMBUS,OH,46055-9254
72005184,MARILYN,CROOKS,6687 OLD COLLINSVILLE RD,,TORRANCE,CA,20659-5729
9905023213,KATHLEEN,AMAYA,58753 HATTERAS ST UNIT 9,,GRAND PRAIRIE,TX,92831-2055
9906041779,SAGER,EULITZ,888 PLEASANT ST APT 5683,,ARLINGTON,TX,92069-8121
114005403,BRYCE,ARNESS,388 W BITTERS RD APT 385,,SHREVEPORT,LA,33414-5546
9932007559,BETTIE,SIMPSON,5856 FOREST HIGHLANDS DR,,FRANKLIN,TN,91730-6790
7016090,GENEVIEVE,ROMER,51737 SPRING MOUNTAIN DR,,NEWPORT COAST,CA,46033-8203
120005778,OFELIA,HURLEY,53515 CORBEL CIR APT 155,,COLORADO SPRINGS,CO,75205-1523
116003486,MICHELE,NORMAN,988 LYNNFIELD ST UNIT 33,,SAN ANTONIO,TX,75071-4783
9940143732,INEZ,IGARASHI,7357 SAINT PETERSBURG DR,,METAIRIE,LA,02048-3245
110006496,DEBBY,THRELKELE,893 RONDA SEVILLA UNIT B,,BENBROOK,TX,91730-6204
9934032174,LYNN,COLEMAN,53588 CUTTEN RD APT 6181,,LITTLETON,CO,73012-6846
9907005953,BETSY,BROOKS,53159 SETTLERS POINT TRL,,PLANO,TX,93455-4166
9944002525,MARK,ELIZONDO,1788 CLUB RIDGE DR APT 9,,KATY,TX,29926-2515
66001807,ELIZABETH,FENNER,3656 CARDIFF AVE APT 188,,SEAL BEACH,CA,76028-8416
999001215,MARY,RACINE,5915 S HANNIBAL CT APT F,,SOUTHLAKE,TX,32068-5794
9923004637,ANNIE,OAKLEY,3938 WOODMAN AVE APT 51,,SAN ANTONIO,TX,92887-2612
9932006661,ROXIE,JURGENS,53366 KIGER MUSTANG CIR,,BOWLING GREEN,KY,42103-6245
60009376,JOHN AND KIM,DAHLIN,58387 555ST AVENUE CT E,,LONGMEADOW,MA,75080-3905
83001132,KATHY,HATHEWAY,13183 CALICO CORNERS LN,,CAPE CORAL,FL,29909-7139
124005154,GENEVIEVE,DIGIROLOMO,55675 CALOOSA CREEK CIR,,DALLAS,TX,92029-5906
9930033159,DEBBIE,PFLEGING,55531 CRESCENT BAY BLVD,,LEWISVILLE,TX,50265-5791
40046899,JACKIE,MENVILLE,1385 BOULEVARD NAPOLEON,,APOPKA,FL,77459-3364
106001791,PAIGE,KRUEGER,3939 W BUCKEYE RD STE 3,,PROSPER,TX,46033-8141
9932033670,DEBBIE,FRUTCHEY,51595 STANLEY CANYON RD,,PEARLAND,TX,22153-3922
9904047364,DANIELA,WATERS,683 GUNTERS MOUNTAIN LN,,CASTLE ROCK,CO,95833-3605
54014112,CHERYL,DEAN,5883 E DUSTY COYOTE CIR,,JOHNSTON,IA,77494-2966
105001335,CAROLYN,ALMARAZ,915 S MAIN ST UNIT 3135,,GRAND PRAIRIE,TX,90732-2951
106007912,ALEXA,SCHLINK,8586 GLENRIDGE CT APT D,,ANTHEM,AZ,73045-8200
9916106918,TERESA,MARTIN,1557 S DOVER ST UNIT 68,,OKLAHOMA CITY,OK,32082-4346
27022892,MEGAN,WHITFIELD,6686 E RUNNING DEER TRL,,SAINT LOUIS,MO,80487-3035
59010898,CATHY,LOONEY,789 CUMBERLAND RIDGE LN,,IMPERIAL,CA,32779-3105
9914016546,MARY,MCQUADE,6339 S FREMONT PEAK CIR,,SPRING,TX,80809-1016
122003809,MARY,PRIMLEY,58881 N 51TH ST UNIT 38,,LAREDO,TX,75032-5968
56007546,JULIE,MALLY,3985 SUNBEAM RD APT 817,,MANSFIELD,MA,77090-2130
59013940,TAMELA,RAWLS,7863 SAINT AUGUSTINE DR,,CHINO HILLS,CA,33409-6166
3026854,JULIE,GARRETT,53918 HUNTER JACKSON DR,,ORANGE,CA,33401-3447
72003607,MARCIA,MASINI,3936 BUFFALO GRASS LOOP,,LOS ANGELES,CA,78626-1944
9942048036,MANDY,TIEDT,1316 Boxer Palm Apt 556,,HOUSTON,TX,85044-6105
1025299,MARYANN,BARLOW,1386 LEXINGTON WOODS DR,,MONTROSE,CA,73034-8387
9936006213,TAMRA,SELF,1856 KINDERTON MANOR DR,,ENNIS,TX,65203-7252
9938023015,STEPHANIE,GRUN,588 RS COUNTY ROAD 3313,,BOULDER,CO,46011-3138
9934004687,MICHAEL,DOWEY,5658 PURPLE MARTIN TRCE,,COLORADO SPRINGS,CO,64803-4804
9941010963,CARI,BAZAN,938 KINGWOOD DR APT 658,,FORT WORTH,TX,78626-7073
4013111,PATRICIA,JARVIS,51719 GRANDE POPLAR CIR,,BRISTOL,CT,80538-6239
9908004593,BARBARA,HUNT,53339 PEYTON DR APT 158,,DENVER,CO,92679-5113
103006296,SUZANNE,BELT,3353 LOVELAND PASS DR E,,LARKSPUR,CO,80129-6206
9918099022,GWYN,ODBERT,5158 HIGHWAY 78 STE 758,,SANTA TERESA,NM,76028-7686
105004358,SANDY,FRANCO,5188 W KNICKERBOCKER DR,,LAFAYETTE,LA,02062-5651
18017233,ANNE,REED,55753 WHISPER VALLEY ST,,FISHERS,IN,98052-1832
72005520,JANICE,MCCOOL,5858 5/1 WASHINGTON WAY,,SANTA ANA,CA,80920-4712
9938005977,PATTY,GURWELL,9633 E 5TH AVE APT 5183,,ARVADA,CO,06033-2136
9934035058,MARLENE,HUSKA,1355 WILLESDEN GREEN RD,,MONTGOMERY,TX,50021-6704
61007037,JAN,RYAN,55181 CARRIAGE VIEW WAY,,PLAINVILLE,MA,46168-8326
9923006662,MARY,ROBNETT,315 NE LEAPING FROG WAY,,SAN ANTONIO,TX,78643-2588
115005667,KATIE,FARREN,53133 RIDGEWOOD LAKE CT,,OKLAHOMA CITY,OK,76249-0363
120005705,HEATHER,HUFFAKER,831 SW LAKE CHARLES CIR,,LAFAYETTE,IN,48173-8640
9916119590,PAULA,BLAZINA,1888 SW 33TH AVE APT 53,,OKLAHOMA CITY,OK,77536-3825
9936023837,VERNIE,CRAIG,15587 31ND AVE S APT H1,,SCOTTSDALE,AZ,10992-1335
4014394,DONNA,SCOTT,3685 155TH LN SE APT 15,,TUCSON,AZ,80921-3701
26024105,MARY,HERRERA,589 HUCKLEBERRY HILL RD,,TEMPE,AZ,92679-5144
17070150,BRANDY,HOGE,5975 STATE HIGHWAY 78 N,,THOUSAND OAKS,CA,92614-7000
118004071,MANDY,BAIR,355 GRAPEVINE HWY STE A,,SAINT LOUIS,MO,01075-2502
61008616,RACHEL,PRESTON,685 BROADWAY ST APT 151,,HARTFORD,CT,93561-7284
9934001182,PHYLLIS,TOWNEND,58915 Bay Woods Lake Dr,,ENGLEWOOD,CO,77339-5026
115007850,STEPHANIE,RICHARDSON,858 BELLEVUE RD APT 573,,OKLAHOMA CITY,OK,73064-8250
24086769,PATTY,MCLEES,15959 N FARTHINGDALE CT,,SIERRA MADRE,CA,77566-3156
9914014373,PHEBE,SCHWARTZ,55136 SW MEADOWLARK CIR,,HOUSTON,TX,38655-7400
9944003411,MARILYN,WILSON,5919 E BRAMBLE BERRY LN,,NEW BRAUNFELS,TX,80111-4150
9919003420,PAMELA,SHASHKOFF,5788 EMBASSY DR APT 788,,MISSION,TX,92013-0744
78003024,NELLIE,ENGLISH,51683 SE OLD CYPRESS DR,,YUKON,OK,76645-2940
105006839,MINDY,DANDREA,5953 COLLEGE HILLS BLVD,,MANSFIELD,TX,77511-5231
40046942,KIM,SMITH,58868 GREENWICH WOOD DR,,ORLANDO,FL,87114-4272
75000016,JAN,JACOBS,331 CATTLEBARON PARC DR,,ROGERS,AR,60007-4026
105002291,BARBARA,BESSE,386 CAMINO SAN CLEMENTE,,ARLINGTON,TX,63109-3331
71006838,LORI,SOPER,5715 S 58TH ST UNIT 783,,SIMI VALLEY,CA,06450-7134
9945063427,ROSLYN,BOATMAN,5955 OAK CREEK LN APT C,,MESQUITE,TX,32082-2122
9941012905,MARIA,BULGER,5653 CARDINAL FLOWER CT,,BENBROOK,TX,75429-1020
40048580,RACHEL,WEBER,9585 SW SPRING CREST DR,,CLERMONT,FL,76065-5258
58011815,CHRIS,EDWARDS,58636 PRINCE WILLIAM LN,,TOLEDO,OH,37415-7025
9933027087,EMILY,LAFOND,56588 SPACE CENTER BLVD,,SPRING,TX,20181-3669
114002759,JOANNA,INGRAM,5657 S PENNSYLVANIA AVE,,CRANDALL,TX,78253-6264
9937035356,JANE,EDDINGTON,1518 AN COUNTY ROAD 331,,DALLAS,TX,43537-3220
9937033428,JULIE,DEEGEAR,6531 BRENTWOOD CHASE DR,,MCKINNEY,TX,10016-2522
9932008444,LAUREL,FULTON,18388 SAUMS RD APT 1885,,ANTIOCH,TN,30075-2160
106004226,JENNY,PENNA,3335 CHEYENNE VILLA CIR,,SADLER,TX,32034-0301
54018099,JILL,LOPEZ,5335 E JUNE ST UNIT 188,,WEST DES MOINES,IA,76140-7918
39037525,CATHY,EATON,5888 PASEO DE LA CUMBRE,,CHICAGO,IL,73159-6312
17068338,JENNIFER,HINTON,13586 S COUNTY ROAD 155,,AGOURA HILLS,CA,46123-7271
71002738,EMMA,PACE,55357 CEDAR POINTE DR N,,MOORPARK,CA,91360-1612
9917109036,AMANDA,NELSON,6551 MCCART AVE STE 185,,UNIVERSAL CITY,TX,46143-6738
9933017220,JANICE,WILSON,5558 GARY HUNT RD APT C,,CONROE,TX,92503-5615
47018668,MARCIA,RESER,5538 LEXINGTON WOODS LN,,LOUISVILLE,KY,50265-2902
40041975,APRIL,REYES,3833 E MORNING VISTA LN,,LAKE WALES,FL,33410-1237
54017557,CATHY,MENDOZA,3888 N OCEAN DR APT 31E,,ANKENY,IA,92630-8019
46022518,CATHY,YOULTON,5889 PRAIRIE HEIGHTS DR,,NEW LONDON,CT,76036-3483
9907042628,LUCY,VOLK,5865 BOLD SPRINGS RD NW,,MARION,IL,92014-2068
58012102,LAURA,SHAHRESTANI,58186 EMERALD FOREST DR,,BOWLING GREEN,OH,77382-1601
53011148,DEBBIE,OSTER,3656 PRAIRIE POINT BLVD,,MOLALLA,OR,77384-3821
56009498,MARGARET,BURGAR,5785 MOBILE AVE APT 115,,HINGHAM,MA,76513-3397
83001444,GERRY,SHAUVER,51315 MCGREGOR PALMS DR,,ESTERO,FL,07456-1303
53011051,CONNIE,RIPMA,9818 ENCHANTED RIDGE DR,,GIG HARBOR,WA,78221-1908
39034429,PEGGY,SHULL,5818 ROLLING MEADOWS LN,,PALM BEACH GARDENS,FL,63131-3918
9028135,JACKIE,CHAPMAN,858 SW MARSH HARBOR BAY,,SUN CITY,AZ,92629-1750
60013298,CRISTY,MICHAILUK,19588 MEDEA LN APT 5553,,MERIDEN,CT,77386-7050
7017054,SHERRY,TAFT,55991 BUBBLING BROOK ST,,NEWPORT BEACH,CA,77302-3035
9932007060,DIANE,WACO,7856 CRABAPPLE LN APT 5,,FRANKLIN,TN,90278-4228
59014278,DEBORAH,HOLLAND,3968 E FLOWER ST APT 53,,SAN DIEGO,CA,77069-1429
119001914,NANCY,DEGROFF,1635 SUNSHINE VALLEY CT,,ARAB,AL,78013-2017
9938009509,MELODY,ANDERSON,53575 S COUNTRY WOOD DR,,COLLINSVILLE,CT,06840-6117
60010682,DORI,MCKNIGHT,51383 RUE FOUNTAINBLEAU,,WETHERSFIELD,CT,76020-1363
63011403,BETH,BOYD,1385 W LONESOME DOVE DR,,EAST ISLIP,NY,78070-6036
71003797,ANITA,POUNDS,3855 WOODLAND PARK BLVD,,MOORPARK,CA,76645-1603
42017027,GEORGE,ALLEN,5175 SMOKEY MOUNTAIN PL,,KANEOHE,HI,50651-1002
106009545,NICKI,RIOS,33691 LIGHTHOUSE POINTE,,MCKINNEY,TX,75051-4108
7014559,JODI,DURAN,7335 COUNTRY COMMONS LN,,COSTA MESA,CA,80919-3939
65023958,PAULETTE,MANNING,1657 RUHLAND AVE APT 15,,WHITE LAKE,MI,78234-1090
65025254,SHARI,WALL,816 ARLINGTON POINTE DR,,MASON,MI,38606-7473
65026144,LEORA,MORENO,15688 W STATE ROUTE 579,,BRIGHTON,MI,78252-2271
55010513,BEVERLY,WILLIAMS,5655 PARKKNOLL PLACE DR,,SUN CITY CENTER,FL,80921-3635
71008089,JAMIE,ALBRIGHT,5388 SPANISH NEEDLE TRL,,SIMI VALLEY,CA,76063-3480
9922000576,CAMERON,PATTON,51385 E HARVEST GLEN DR,,LAKEWOOD,CO,91709-2818
83001408,DIANE,ALLEN,5315 STRAWBERRY HILL RD,,NAPLES,FL,76244-5842
115006521,KATHLEEN,JOHNSON,8895 FALCON POINTE LOOP,,YUKON,OK,76028-7494
9904044421,SUSIE,MOHON,53535 CRESCENT CREEK DR,,TOPEKA,KS,95688-4640
9917128851,SARA,KRYSIAK,1638 NATIONS COMMONS ST,,SAN ANTONIO,TX,37075-5637
9923005698,SHIRLEY,DUBUSKY,8586 LEIGHWOOD CREEK CT,,SAN ANTONIO,TX,91031-6850
9917132567,SANDRA,BRYNGELSON,17817 MERCHANT HILLS LN,,LUFKIN,TX,76205-8590
9902012265,LAURA,PENSANTI,53581 PROSPECT POINT DR,,FRANKLIN,TN,06098-1040
9907003794,MARISSA,SPARKS,7888 NORTHERN PL APT 33,,FRISCO,TX,33901-6726
9022381,KATHY,HOLLAND,5783 GREENLAND PARK CIR,,CAVE CREEK,AZ,77433-2134
65020625,JILL,ACHE,39 S CAMELLIA GROVE CIR,,NOVI,MI,97232-4417
9917107980,MARTHA,DEMAREE,1551 PLEASANT VALLEY DR,,NEW BRAUNFELS,TX,46143-1718
9933020045,MARY LOU,MARX,51533 STATE HIGHWAY 185,,SPRING,TX,34786-5610
114001553,KATHLEEN,HENDERSON,615 NW GRAND BLVD STE A,,FARMERSVILLE,TX,77340-8937
15080612,DONNA,ROEDER,9613 CRESCENT VIEW DR N,,TUCSON,AZ,01749-3310
34017632,DIANE,ELDREDGE,5863 MOUNTAIN MAPLE AVE,,CHICAGO,IL,50327-7102
9941014639,RACHEL,AIELLO,3189 WESTBURY GLEN BLVD,,BURLESON,TX,76248-8903
75000014,KRIS,HAWKINS,51355 WINTER GARDENS DR,,BENTONVILLE,AR,01778-1113
108006186,RACHEL,ELLIS,1689 ADMIRALS WALK DR E,,RICHARDSON,TX,22030-4534
106008210,VICKI,NEITZEL,55351 RANDOM VALLEY CIR,,FRISCO,TX,80108-9048
118001423,GEORGE,ALTSCHUL,1558 CENTER AVE APT 56D,,CENTER POINT,TX,33462-4664
53013502,ELIZABETH,BLAGG,55586 ROUND MOUNTAIN DR,,BEAVERTON,OR,78278-2206
104003259,VIRGINIA,HUBBARD,58855 CLIFFTON FORGE DR,,COLLEYVILLE,TX,74953-9347
19023039,DEBBIE,CANNON,55819 ELK HEAD RANGE RD,,Barrington,IL,48188-2316
124004693,GINA,RAIMER,1385 MEMORIAL DRIVE EXT,,STREETMAN,TX,91739-1824
113001381,CHRISTINE,MOREAU,58511 BLANCA SPRINGS CT,,SONORA,TX,68106-4510
47019484,JENNIFER,DEVINE,5388 N OCEAN DR APT 15A,,TELL CITY,IN,75025-5059
47019246,TINA,VANZANT,358 N CYPRESS DR APT 55,,LOUISVILLE,KY,77384-3126
104006234,BECKY,FLOWERS,3619 MEDICAL DR APT 586,,NORTH RICHLAND HILLS,TX,75238-2713
9942043777,LUCINDA,PARZIALE,58633 PICTURED ROCKS DR,,TYRONE,GA,73099-1017
44011912,JODI,BURNS,5883 SW PIGEON PLUM WAY,,DEFIANCE,MO,95051-5639
107004858,ANNE,JIMENEZ,6585 N MAJOR DR APT 713,,DENVER,CO,78023-3669
9933014810,KEVIN,THOMAS,53615 LAKESIDE PLACE DR,,SPRING,TX,46074-8323
24086514,ROSARIO,BRANDT,338 HILLCREST AVE APT C,,RANCHO CUCAMONGA,CA,75063-6104
9917131037,CAROL,MCNAMARA,3995 CHERRY BLOSSOM CIR,,HONDO,TX,73507-3437
9923005855,LAUREEN,EVANGELISTA,53391 COUNTY ROAD 581 S,,SAN ANTONIO,TX,76017-2034
570018027,BARBARA,MONASTERSKY,7978 CHASE MEADOWS DR W,,COLUMBUS,OH,32765-9190
106008304,VICKI,BAKER,53535 CHADWICK CT APT 5,,GAINESVILLE,TX,91360-3430
106011071,ROCHELLE,GEARY,1568 STATE HIGHWAY 33 E,,DENTON,TX,07628-2309
115008360,LYN,MACKIE,3338 BURTON WAY APT 553,,EDMOND,OK,76103-1209
9903034921,TRICIA,NOWINSKI,6885 WALLACE MEADOWS CT,,SPRING,TX,50327-8068
101000803,PATRICIA,SHAIKO,8895 MARIPOSA GROVE CIR,,KINGSTON SPRINGS,TN,80550-5970
9915000786,BRENDA,OBER,5858 ALBEMARLE BEACH RD,,DALLAS,TX,90042-5518
9922004810,BECKY,MURRELL,3555 PROMONTORY PEAK DR,,MORRISON,CO,72211-2089
65026353,BEVERLY,SHAPIRO,55387 MESQUITE TREE TRL,,NORTHVILLE,MI,78577-1835
9937038159,AMANDA,AGENS,779 PROSPECT AVE APT A9,,VAN ALSTYNE,TX,78130-3385
9917133716,LIN,RAMSEY,3115 HARPETH SPRINGS DR,,NEW BRAUNFELS,TX,85286-2648
32013884,SANDRA,BEST,119 N FORT CHRISTMAS RD,,FORT WAYNE,IN,06010-0111
9925002129,OREAN,BENNETT,399 WESTGLEN VILLAGE DR,,Zapata,TX,80134-2529
31020011,LANA,BIALA,55881 GREEN MEADOW LOOP,,DURHAM,NC,95762-7644
54014878,KAREN,CLARK,6583 FAIRWAY ESTATES DR,,CORALVILLE,IA,97123-7032
59009255,GERI,STAUFFER,53758 OLD LIVINGSTON RD,,COVINA,CA,06033-4120
125001172,SAUNDRA,JOHNSON,5353 MOUNT GREENWICH CT,,FLOWER MOUND,TX,80112-4351
58012050,KATHLEEN,CURRIER,51581 LAGUNA TERRACE DR,,MAUMEE,OH,33414-3903
15082672,MARTHA,HARDCASTLE,8636 EAGLE MOUNTAIN CIR,,VAN NUYS,CA,76088-5434
9902012975,BOBBIE,BARTON,55653 QUEEN VICTORIA CT,,BOWLING GREEN,KY,75009-2835
9915066275,THERESA,REED,179 COLLIGNON WAY APT 5,,DALLAS,TX,75071-7994
999000437,KATHY,KENNY,555 FRANKLIN RD STE 518,,BRENTWOOD,TN,91303-1010
9933018101,LAURA,ESTES,6833 GARTH RD APT 51383,,SPRING,TX,77388-3099
110001430,LOUIS,BONETTI,18555 GENEVA SPRINGS LN,,FORT WORTH,TX,77706-5015
9937029435,STACEY,STRATTON,5557 IMPERIAL VALLEY LN,,ALLEN,TX,77006-1048
9902013952,JERE,COODY,53858 WINDWOOD FALLS LN,,NASHVILLE,TN,63146-4904
120004183,TAMMY,GARCIA,3318 CALLE AZUL UNIT 5F,,COLORADO SPRINGS,CO,46845-8984
26025231,AIMEE,RUTH,619 W DEMING PL APT 353,,GILBERT,AZ,40026-9700
9915070419,KELLY,RAMIREZ,18186 N RIO MOUNTAIN CT,,ARLINGTON,TX,43725-2065
9909167511,MARY,KRIPKE,53533 HUNTERS VALLEY ST,,FORT SMITH,AR,93001-2460
71006970,RUTH,KOEHLER,5559 HIGHLAND PARK DR N,,ENCINO,CA,92009-9545
9941102893,CAROL,BLANTON,51318 PEBBLEPOINTE PASS,,SAGINAW,TX,73115-4403
9923006657,AMANDA,REVELS,15811 COYOTE SPRINGS CT,,HELOTES,TX,85295-5446
77004882,LORY,TANACEA,33383 GOLDEN LANTERN ST,,LYNDHURST,NJ,33912-0873
78001764,NANCY,BATTS,5115 NW 15ST ST APT 588,,BELLFLOWER,CA,95124-4413
15079908,KRISTI,MITTELSTEADT,3689 CAMDEN ISLAND CT N,,SAN DIMAS,CA,36117-6018
40047780,ISABELLE,ANDERSON,5838 GENTER ST UNIT 381,,KNOXVILLE,TN,75071-5978
9919011280,PAM,STEIN,685 SAMUELS AVE APT 358,,BATON ROUGE,LA,92620-1930
25025849,VERONICA,SMITH,9573 HAMPTON RESERVE DR,,DELRAY BEACH,FL,91302-5883
9942046876,DONNA,VERCHER,75 CHERRY HILLS FARM DR,,HOUSTON,TX,46062-4102
100000421,PEGGI,AHERN,58597 MOUNTAIN MAPLE LN,,COMMACK,NY,93065-4826
77004036,MELISSA,JOY,515 ELM SPRING HILLS DR,,WAYNE,NJ,75070-5154
999000241,CLAUDIA,MASSEY,5688 E SPRING VALLEY RD,,KELLER,TX,06057-1019
53009991,FRANCISO,CHARLES,1885 S MASON RD APT 585,,PORTLAND,OR,78578-2662
107004891,LAURA SUE,STITH,69 WINTHROP HARBOR ST N,,WESTMINSTER,CO,78228-3921
103005636,JAIMIE,GLORA,5358 BOCA CIEGA ISLE DR,,LITTLETON,CO,97229-1573
75000155,JODI,CROWLEY,51335 GILMORE AVE APT 5,,CLARKSVILLE,AR,92130-3226
9930033020,BARBARA,ERSKINE,8788 WOODWAY DR APT 553,,SOUTHLAKE,TX,73069-8502
32012515,CONNIE,MCGUIRE,5783 MARION ANDERSON RD,,WARSAW,IN,76092-8253
5025498,PATRICIA,SWARTHOUT,3835 MEDICAL DR APT 583,,FOLSOM,CA,32092-1090
11017751,DAVIA,BURCH,5333 GASTON AVE APT 586,,SPRECKELS,CA,90045-7100
9904043482,HEATHER,CHAPMAN,58888 WINDMILL FARMS RD,,CENTENNIAL,CO,78023-4504
14016810,LYNN,MAYNARD,55981 HIGHWAY 3 APT 513,,SEBASTOPOL,CA,40245-8494
9936006284,SUMMER,TEEL,5998 W WOLFENSBERGER CT,,MANSFIELD,TX,80127-5750
19029393,LINDA,JONES,3583 E PRICKLY PEAR TRL,,BUFFALO GROVE,IL,77386-3151
22017427,MARIE,KWASNIESKI,58188 KILLION ST APT 16,,COLUMBUS,OH,77346-6100
9937012406,CAROL,FOX,1358 LAURELDALE PARK LN,,GRANVILLE,OH,90045-2455
6039034,DONNA,SHEPHERD,35155 QUAIL OAK PARK LN,,PARKER,CO,80138-8456
77003850,VICKIE,CRAIG,3375 CASCINA CIR UNIT B,,MIDDLETOWN,NY,60056-4320
570014982,KRISTEN,KLEINMAN,58658 E 66TH ST APT 559,,NEW ROCHELLE,NY,73008-4638
56007471,SUSIE,FELTON,1831 SAINT EDMUNDS XING,,CAMBRIDGE,MA,60193-1720
9907015528,APRIL,DURAN,56655 HUNTING VALLEY ST,,PLANO,TX,20724-6115
32012321,KELLIE,MARTIN,59381 BRITTANY CREEK DR,,DELPHOS,OH,01532-1046
63008290,UTE,MECKINNON,9637 FOREST LN APT 5331,,JACKSONVILLE,FL,75070-7025
107008280,NORMA,PFEIFFER,5685 WILLOW CROSSING CT,,GREELEY,CO,78231-2432
22018904,NANCY,VALENZUELE,39 WELLINGTON COLONY DR,,THORNVILLE,OH,52803-3435
60009204,DENISE,SMYTH,51513 BEAULINE ABBEY ST,,STAMFORD,CT,78230-3506
39031692,DONNA,SAATHOFF,5783 STERLING GREEN TRL,,DOTHAN,AL,91301-2864
108005028,JANICE,DICKERSON,7863 WHITE BUTTERFLY LN,,TALIHINA,OK,02045-1419
106007232,KATHY,GACONNIER,3558 VIA MARINA APT 587,,BOSSIER CITY,LA,91405-3043
62017536,SANDRA,SMITH,5955 E SPRING VALLEY RD,,SHREWSBURY,MA,76011-5020
9933014781,ISABEL,ABRUZZO,885 GLENWAY DR UNIT 151,,MONTGOMERY,TX,30515-0048
9936014128,BECKY,PARDUE,56863 W BRYCE CANYON LN,,WEATHERFORD,TX,47586-2001
54018102,WARREN,LEISNER,53368 WEEPING WILLOW DR,,UNIVERSITY PK,IA,72703-9805
9934015203,KIM,TEMPLE,1888 CORABEL LN APT 587,,IGNACIO,CO,76034-7638
83000742,KAREN,ROUX,9595 GARLAND RD APT 338,,BONITA SPRINGS,FL,75070-2948
120004085,COLLEEN,GREEN,5389 COUNTY STREET 1878,,COLORADO SPRINGS,CO,76088-8409
9933004291,SUSAN,GRAHAM,5816 CALLENDER HILL RD,,MONTGOMERY,TX,80602-7368
9904042005,KAY,MARTINEZ,37558 N LAUREL PARK DR,,CENTENNIAL,CO,30809-3914
9945061485,FARLEY,PARKS,3373 WOODMAN AVE APT 9,,DAVIS,OK,76063-4861
9942043908,LESLIE,TUMLINSON,7338 WOODLAND CREEK LN,,HOUSTON,TX,91304-3114
115007922,ALISA,PRESTIDGE,1615 LITTLE JOHN ST SW,,ENID,OK,78230-5622
110000513,JENNIFER,KENNY,53877 RICH SPRINGS WAY,,WAXAHACHIE,TX,94536-3468
47020007,DEBRA,GUNTER,53838 ROCKY RIVER RD N,,EVANSVILLE,IN,80127-6310
58011713,JAMIE,LASKE,393 S HAMPTON CLUB WAY,,OREGON,OH,92673-6847
120006155,DANA,ADAMS,75 OLD MEADOW PLAIN RD,,COLORADO SPGS,CO,78248-1669
60010134,RHONA,PEACOCK,3559 WILDWOOD RIDGE DR,,SOUTHAMPTON,MA,85138-8961
112002251,VALERIE,YOUNG,5538 WESTERN WILLOW DR,,HOUSTON,TX,80433-1531
60009803,CAROLYN,BRATUN,58876 HARBOR SIDE BLVD,,COLUMBIA,CT,46804-6551
9912007648,NORA,TANNOS,5813 S PENNSYLVANIA ST,,ALVIN,TX,29451-2668
71008175,MARTI,MAHON,558 JONES VALLEY DR SE,,SWEDESBORO,NJ,75225-5113
9904037464,KIM,SMITH,788 SHERWOOD FOREST DR,,POWELL,WY,92626-4760
9028189,MICHELLE,KITTO,55938 PAMELA HOLLY TRL,,SAN MARCOS,CA,80026-9417
9937014691,MELISSA,GORYL,18558 DIAMOND CREEK DR,,EDMOND,OK,06798-4000
75001163,GINA,MINNICH,5869 SPRING LANDING DR,,ROGERS,AR,78248-1339
106011218,PAM,OBERFELD,9818 STATE ROUTE 585 W,,PLANO,TX,74105-7344
114004135,CAROL,SMITH,7887 HIDDEN RIVER TRCE,,DALLAS,TX,67880-1641
58011867,MAUREEN,WILSON,3685 N RIVER CANYON RD,,CONOVER,NC,78250-7108
9925002942,SHIRLEY,WOOD,375 MOUNTAIN SHADOW LN,,DICKINSON,TX,20155-1348
52015400,BRENDA,HAMMER,59859 YELLOW THRUSH DR,,ANNANDALE,VA,77535-0033
59012085,KYNA,CONNORS,56 HUCKLEBERRY HILL RD,,RANCHO CUCAMONGA,CA,65810-2435
115003515,CARLETTA,HOEDL,13316 PAINTED HILLS ST,,OKLAHOMA CITY,OK,43571-9752
9939024513,CHRISTY,EDMONDSON,7315 VALENCIA GROVE CT,,WICHITA,KS,77382-2406
9916105551,DIANE,KNIGHT,58597 N US HIGHWAY 583,,NORMAN,OK,78363-2624
18019964,JANA,RUSSELL,18388 AVENIDA HACIENDA,,KOKOMO,IN,07458-2336
160023326,KIM,STACEY,6385 W 6TH AVE UNIT A9,,CASTRO VALLEY,CA,78260-2636
40038450,DIANA,MILLER,556 VIA ESTRADA UNIT U,,ORLANDO,FL,80228-5031
9934015167,REBECCA,GONZALEZ,518 JERUSALEM RD APT 5,,HOUSTON,TX,59102-6868
71004705,LISA,HOLDER,5585 W SAGUARO PARK LN,,WESTLAKE VLG,CA,62245-2030
20014999,ERICA,TYNDALL,13591 WINDSONG APT 17K,,Kansas City,MO,46077-1251
116001953,SUSAN,FORTE,55565 BENTLEY CHASE DR,,PORTLAND,OR,75002-4682
14016530,LYNN,BRINSON,358 PROSPECT ST UNIT 1,,CARLSBAD,CA,06248-1202
9903004764,SALLIE,JORGENSEN,1183 RIVA ROW APT 5381,,WILLIS,TX,77375-4449
107008475,LINDA,HENDERSON,3187 SW STONEPOINT AVE,,GRAND JUNCTION,CO,48336-1672
32012389,PAM,STANGER,55157 COUNTY ROUTE 555,,TACOMA,WA,79423-6040
9911005974,JENNIFER,GUERRERO,58887 WALSTON RIDGE CT,,FORT WORTH,TX,77025-1642
9937016933,SUE,FELTON,9189 QUARTZ LN APT 181,,SPRING BRANCH,TX,92116-1913
9904039162,NICOLE,GRANTHAM,535 S YORK ST UNIT 518,,FARMINGTON,NM,01778-2853
9903032080,LISA,PETERS,55335 S 151ND EAST AVE,,SPRING,TX,85298-4237
121000643,MARIA,ZAROSKY,5588 N COURTNEY OAK LN,,EVERGREEN,CO,75058-3527
40047716,CELESTE,GARCIA,37 N BEECH SPRINGS CIR,,SAN JUAN,PR,75035-8528
83000155,JANET,FOX,683 S SAINT CECILIA DR,,NAPLES,FL,07401-1130
15081329,GAIL,ALLRED,9385 S SILENT HILLS DR,,WOODLAND HILLS,CA,75019-3289
110004265,JULIE,GONZALES,6555 CHEYENNE CREEK DR,,FORT WORTH,TX,01056-0367
71003688,KAREN,SHEPPARD,57159 KOBUK VALLEY CIR,,GRANADA HILLS,CA,33475-0375
9902011537,JAN,HARPER,3511 E CHERRY HILLS DR,,HENDERSONVILLE,TN,46077-8242
77002769,BRIDGET,BUTLER,6815 E LONG SHADOW TRL,,WESTWOOD,NJ,33904-8736
18019494,DANETTE,TUCKER,1338 PRIVATE ROAD 1388,,ATTICA,IN,77377-2801
22019747,DONNA,SMITHEY,3585 W GREEN OAKS BLVD,,COLUMBUS,OH,91362-5005
17068089,BETTY,HERNANDEZ,59713 TWISTED CREEK DR,,THOUSAND OAKS,CA,40299-4446
60008623,MAGGIE,PALOMERA,158 N PEARL ST APT 383,,ELLINGTON,CT,63017-3423
11019350,LISA,WY,558 MAJOR FERGUSONS HL,,GILROY,CA,98290-9026
9942040881,NANCY,HUNT,5955 SANDY LAKE RD OFC,,SANTA FE,TX,78230-2758
47018689,,,1633 W 81ND WAY UNIT B,,HODGENVILLE,KY,75238-1801
59013981,ROBIN,STANLEY,5659 LIBERTY OAKS BLVD,,CORONA,CA,92677-5635
110001497,GREGG,BARRY,15395 PACIFIC HILLS DR,,GRAPEVINE,TX,92019-3868
18017373,TRUDY,CHEN,36 RIDGEWOOD TER STE 5,,WADESVILLE,IN,39771-6601
52016698,MONIKA,DAVIS,3553 AVENIDA MARAVILLA,,FAIRFAX,VA,92704-8507
9921001698,ROSA,YEARWOOD,58633 LANDRUM POINT LN,,SAN CLEMENTE,CA,77433-2592
9907011114,LEE,WATKINS,1833 E TORREY PINES PL,,FLOWER MOUND,TX,34109-0751
122003333,RENEE,IVY,831 ROLLING MEADOWS DR,,SAN ANTONIO,TX,80126-2288
18018218,KATHY,DISCH,5553 TRANQUIL TRAIL DR,,DAYTON,OH,91342-3476
120004649,LORELLE,LUMM,5653 BRILLIANT CUT WAY,,PALMER LAKE,CO,80104-7847
9932004081,ELIZABETH,DENHARD,5551 CLIFTON LN APT 53,,FRANKLIN,TN,46580-7355
9923007192,KELLY,BITZ,5885 EUREKA RD APT 393,,ADKINS,TX,07446-1812
43025386,ANDREA,RODGERS,53663 SILVER GLEN DR E,,CLEVELAND HEIGHTS,OH,85262-3622
72005758,HELEN,HARVEY,53737 INDIGO LAKES CIR,,SOUTH LYON,MI,92404-2420
6043510,JUDY,GOODWIN,355 PEARRE SPRINGS WAY,,ALISO VIEJO,CA,73030-0630
9933010881,LISA,RAMSEY,3818 GULF BLVD STE 588,,THE WOODLANDS,TX,06067-2727
1023557,SUSAN,DELZEITH,1787 E PEBBLE BEACH DR,,GLENDALE,AZ,77386-2014
33016715,SHIRLEY,MCPHERSON,3858 SHADOW CANYON CIR,,ALPHARETTA,GA,80525-9689
60011857,MEGHAN,KEISER,5395 WAVERTON RANCH RD,,STORRS MANSFIELD,CT,75019-3444
26022161,ELIZABETH,TATE,53957 GRANITE PEAK AVE,,PHOENIX,AZ,76092-8855
110005659,SHARON,DILL,1189 CURTIS AVE UNIT 3,,FORT WORTH,TX,77346-1283
9916099786,SHARON,SUMNER,518 DEHAVEN DR APT 333,,OKLAHOMA CITY,OK,76179-2398
31016456,DENISE,CONTI,1586 W EMERALD BEND CT,,ROXBORO,NC,72712-5575
9903000137,JANET,COTTER,5155 W LAKE ST APT 583,,HUMBLE,TX,76065-4887
32011710,LAUREL,SORIA,576 5/1 LITTLE PARK RD,,LAGRO,IN,79768-2971
123003152,CHARLES,SCHEINER,99 BURR OAK LN UNIT D1,,YOAKUM,TX,63366-5558
9919016179,HILLARY,GROSZ,6331 EAGLE FEATHER TRL,,MAGNOLIA,TX,06098-1847
9908010416,JUDY,WEBB,7377 PRIVATE ROAD 1563,,LONGMONT,CO,32092-0781
9925000578,RICHARD,WILLIS,158 ARROWFEATHER DR NE,,BOERNE,TX,80124-8413
1025953,JILL,MONTGOMERY,887 HARBOUR POINTE WAY,,CORONA,CA,78248-2705
60008996,BRANDI,BROWN,3737 WINDING FOREST DR,,GLASTONBURY,CT,30092-1351
9908004226,JENNIFER,EBERSOLE,3555 AIRWAY AVE STE E1,,ARVADA,CO,33543-3910
120004854,NANCIE,ENRIQUEZ,5358 MAGNOLIA RIDGE RD,,MONUMENT,CO,92691-2635
9934004755,JAY,LYONS,51756 EASTERN SHORE DR,,BEL AIR,MD,06791-0283
11020243,SHARON,NATIONS,3956 TARPON SPRINGS DR,,CUPERTINO,CA,77573-4651
107008014,LINDA,BECKER,59855 INDIAN SUMMER LN,,ARVADA,CO,77386-2749
63010148,DAWN,POPP,1953 SPRING CYPRESS RD,,FORT PIERCE,FL,95117-1627
72003589,KIMBERLY,KINJORSKI,55597 NW NIGHTSHADE DR,,MISSION VIEJO,CA,50073-9018
6041280,DEBBIE,POWELL,6881 N FOREST CREST ST,,LADERA RANCH,CA,75025-6584
116003215,LAURA,MCLOUGHLIN,6955 TIMBERSPRINGS CIR,,VICTORIA,TX,30542-6317
9917129324,STEPHANIE,AUSMUS,9151 STONE MOUNTAIN RD,,DEVINE,TX,43235-8445
64010957,KATHLEEN,RUGGIERO,587 NW HALL OF FAME DR,,WALTHAM,MA,91362-5381
55008745,LORIE,LEE,6886 AMELIA TERRACE CT,,MAUMEE,OH,75028-3061
59011557,CATHY,SANDAVOL,5 OLD CONNECTICUT PATH,,MIRA LOMA,CA,76109-3118
9907003126,MARGARET,MASON,53835 EATON HOLLOW AVE,,MCKINNEY,TX,73013-6975
47020060,LESLIE,GUTIERREZ,55855 HOLLY SPRINGS DR,,MADISON,IN,80919-3570
9937025979,SHEILA,STARR,16335 ROMANCE POINT ST,,CASTLE ROCK,CO,97116-1602
100000499,CARRIE,LYNN,9889 N MAY AVE APT 557,,RONKONKOMA,NY,40243-1815
65025214,LORI,MARGAGLIONE,5759 TECUMSEH RIVER RD,,WEST BLOOMFIELD,MI,75054-6771
9915005685,BUFFY,BARRETT,3655 TOWNSHIP ROAD 553,,MCKINNEY,TX,06032-1137
77000275,SUSAN,JEANOTTE,1815 HICKORY HOLLOW LN,,WESTWOOD,NJ,48168-9473
9907011455,DEBRA,DESANTOS,55758 ARROYO DR SPC 65,,BRIDGEWATER,MA,75482-3709
9922003890,ALISA,MAZOUR,17831 SANTA SUSANA CIR,,ARVADA,CO,46032-9588
103002708,HILLARY,MURPHY,1587 OLIVIA SPRINGS LN,,ARLINGTON,VA,46041-3455
9941107202,LIZZ,DORN,3676 LAWRENCEVILLE HWY,,FORT WORTH,TX,85383-5266
9934033325,JANE,BUTLER,5559 UPLAND HILLS DR S,,COLORADO SPGS,CO,37128-6264
9914017662,DONNA,PAULAUSKY,55383 CLOVIS POINTE DR,,DRIFTWOOD,TX,93060-2021
105000116,JOYCE,THORNBURG,6951 REGENTS PARK BLVD,,ARLINGTON,TX,33029-3068
122000959,DELIA,LAVENDER,1383 COUNTRY CLUB BLVD,,SAN ANTONIO,TX,33463-5930
17072112,JUDITH,LEE,59 SAINT ANDREWS CLOSE,,MALIBU,CA,33463-4347
9923001659,AMY,BUATHIER,13598 HEATHER FIELD CT,,SAN ANTONIO,TX,97756-7377
54017317,JUDY,SCHULZ,5138 COLEMAN BOYLAN DR,,DAVENPORT,IA,80013-2259
61009464,SUSAN,ROSE,58585 RIVER ESTATES LN,,SOUTHINGTON,CT,34117-2134
9912005228,RANDY,RUIZ,5185 OLD STAR RANCH VW,,RICHMOND,TX,71106-7706
61006393,LAURA,NEARGARDER,3187 NE RENAISSANCE DR,,TORRINGTON,CT,75077-2103
115000246,FRANCINE,SOLIS,3135 CANYON TERRACE DR,,NORMAN,OK,92656-1922
116002315,MICHELLE,ROSE,3338 OWENS ST UNIT 586,,CANYON LAKE,TX,33449-8035
111003153,THERESA,CAYO,51688 COBBLESTONE PKWY,,BRUNSWICK,GA,48135-1285
18021665,KELLI,HAIGHT,38959 AUTUMN CANYON LN,,PENDLETON,IN,92630-1833
9907013541,MARY ANN,DAVIS,53881 PRINCE FOREST CT,,MCKINNEY,TX,06084-2263
107006806,NANCY,JACKSON,1563 U S HIGHWAY 598 E,,LOUISVILLE,CO,75013-5484
113000080,RHONDA,JOHNSON,58556 MIDDLEBROOKS TER,,HOUSTON,TX,76133-7906
9902015308,APRIL,FOGEL,9378 BEAUCLERC COVE LN,,MURFREESBORO,TN,78258-7734
9937009229,KIMBERLY,TEAGUE,3386 STALLION BROOK LN,,SAINT LOUIS,MO,14027-0333
9937032076,CINDY,SMITH,57659 FRAGRANT ROSE CT,,PLANO,TX,48150-2792
125001881,CARA,RAYMOND,6886 HICKORY VALLEY RD,,KELLER,TX,91730-1106
63006143,LAVONNE,OSBORN,6788 TURTLE CREEK BLVD,,JACKSONVILLE,FL,07675-2708
115004275,MELANIE,JOSEPHSON,388 W 55TH AVE UNIT 9A,,BETHANY,OK,76092-7228
9937013535,SHERRY,KROENKE,153 EAGLETON LAKE BLVD,,FRISCO,TX,34109-0661
11020500,CHRISTINE,STINSON,9538 LAKE FISCHER BLVD,,FREMONT,CA,75062-5790
3023908,ELIZABETH,CRAVENS,158 W CROSS ST APT 183,,WALNUT,CA,77005-4027
27021275,PAULA,BERGER,59358 SHADY BLOSSOM DR,,SPRINGFIELD,IL,91362-5359
17072437,KATHERINE,LESAGE,5738 SAWYERS GREEN TRL,,SIMI VALLEY,CA,46034-9555
116000928,WENDY,ESPIRITU,3873 CORINTHIAN BAY DR,,FLORESVILLE,TX,77598-8526
121002309,SUSAN,JANTZEN,5753 WINDING HOLLOW LN,,LITTLETON,CO,06033-4157
18022270,ANGELA,BOOTS,1558 ENCHANTED LAKE DR,,COLUMBUS,IN,75230-3005
78004198,PENELOPE,CAVANAUGH,5853 CIMMARON CREEK CT,,REEDS SPRING,MO,95035-4526
116000001,LISA,JOUBLIN,6855 INDEPENDENCE BLVD,,OKLAHOMA CITY,OK,32789-2549
9917129246,NANCY,REEDY,9 LITTLE BAY HARBOR DR,,LIVE OAK,TX,77581-6368
9937008804,JOSE,CASS,1311 BLUE SAPPHIRE CIR,,MEREDITH,NH,33426-7615
68005615,JULIE,CROWLEY,597 N COUNTY ROAD 5888,,COLUMBIA,CA,80108-8393
75000311,KIM,EBERTS,59375 MISTY MORNING DR,,OAK RIDGE,TN,91784-2002
122000401,SHIRLEY,DENNY,1316 STILLER RIDGE WAY,,SAN ANTONIO,TX,20155-6615
54013702,RAQUELLE,SETOLA,55515 WOODBRIDGE LN NW,,WEST DES MOINES,IA,48081-1279
115001695,DENISE,BORDENGA,53737 CAMINO DEL SUELO,,BLACKWELL,OK,28105-0770
9932003404,ANDREA,PFENNIG,58757 TORREY PINES CIR,,NASHVILLE,TN,78248-1628
71003950,JEAN,LITTLE,3515 HEAVENLY RIDGE ST,,THOUSAND OAKS,CA,99801-1962
1025010,NANETTE,WALENTA,63315 OLD DESCHUTES RD,,MT PLEASANT,SC,75803-6809
9911110920,MEGAN,LUTHER,3385 E RAY RD APT 1875,,WEATHERFORD,TX,32746-2200
22020991,BETH,SANDRY,9883 PRAIRIE CLOVER LN,,NAPLES,FL,48331-2897
9944005377,DEBBI,SCHRAMM,559 W 57TH ST STE 5385,,HOUSTON,TX,80401-5063
9923004983,FRAN,ROW,3365 CRIPPLE CREEK TRL,,HOUSTON,TX,78861-0261
9908011091,KRISTI,GILES,55358 PLEASANT VIEW DR,,GOLDEN,CO,80923-3403
123000586,MARY,OTOOLE,53155 PITTMAN RD LOT 1,,HONDO,TX,33474-0376
111003779,BARBIE,CARRASQUILLO,5333 WINCHUCK RIVER RD,,DEER PARK,TX,81215-0806
9917121984,CHERYL,MARCHESINI,587 GUINEVERES RETREAT,,BOERNE,TX,93065-5755
107003917,DAPHNE,BALBO,5858 STANSTED MANOR DR,,LOUISVILLE,CO,78121-4260
6039806,DENISE,DEWITT,6685 95TH STREET CT NW,,MISSION VIEJO,CA,27970-9422
9933009256,TORI,MULLINS,388 CHANEY RD APT 5183,,MONTGOMERY,TX,76116-7694
42017216,JUDY,FIREOVED,6551 BANDERA AVE APT B,,SANTA BARBARA,CA,76087-7387
65024289,TRACY,GREENLEA,5556 HUNTERS RIDGE CIR,,HIGHLAND,MI,01451-1330
42017768,MELISSA,THEBERT,638 HUNTLEY HEIGHTS DR,,PLEASANT GROVE,UT,76001-7384
25024266,CASEY,KILGUS,5853 MYSTIC STREAMS DR,,ROYAL PALM BEACH,FL,73042-0143
39034470,JOANN,ANDERSON,1138 TARPLEY RD APT 33,,PALM BEACH GARDENS,FL,80020-5399
107003903,ANNETTE,BREWER,561 PLOUGHMANS BEND DR,,SUPERIOR,CO,33411-4628
58009503,ALESIA,RICE,7935 CRANES POINTE WAY,,SYLVANIA,OH,33428-1154
66002314,KAYE,ALLEN,51355 CRYSTAL RANCH RD,,MAPLE VALLEY,WA,75173-8402
77004196,ANN,KALAMANKA,971 E IRONBRIDGE CIR N,,WAYNE,NJ,27615-2501
9903002971,JAMES,ROSENZWEIG,1115 CANTON ST APT 519,,CONROE,TX,78230-1638
28012231,JODI,CHILDS,3151 E MORNING STAR LN,,NAMPA,ID,92614-7970
39038348,CHARLOTTE,GRANT,517 W AVENIDA VALENCIA,,JUPITER,FL,75013-5019
40040114,KIM,RODGERS,51758 KNIGHTSBRIDGE DR,,GAINESVILLE,FL,80228-5902
9932035779,JANE,BURICH,7593 REFLECTION BAY DR,,COOKEVILLE,TN,77471-4835
58012007,ELLEN,DEBENEDETTI,5573 VICTORIA ISLE WAY,,NORTHWOOD,OH,80134-6032
18019607,LUANN,FREEZE,5789 SOUTHERN HILLS DR,,GREENWOOD,IN,80112-2448
9939030270,MARY GAY,SHERRILL,9368 CRAVEN RD APT 583,,BENTONVILLE,AR,85209-4323
21019738,MARGRET,WADE,7387 S RIVER WILLOW DR,,CINCINNATI,OH,42038-8973
39034682,MELISSA,MCINTOSH,56 STAMFORD ST APT 587,,JUPITER,FL,32714-2319
9926000525,FRANCES,VAISMAN,5955 S 39TH ST UNIT 53,,SAINT LOUIS,MO,46037-9111
9919000652,KRISTA,FLEMING,5958 E 57TH ST STE 558,,HOUSTON,TX,10576-1705
114002828,DEBORAH,BALZER,9758 E VALLEY HILLS DR,,HOOKS,TX,75033-3155
34015897,TERRI,FONTANA,5788 STATE HIGHWAY 593,,NEW BRITAIN,CT,27613-6969
106001048,TONI,CLUTTS,51581 BADLANDS BEND LN,,CELINA,TX,80920-7348
112000809,ELIZABETH,WINGFIELD,16811 CHAPMAN FALLS DR,,KINGWOOD,TX,90242-2649
102003197,KIM,MORGAN,59385 E CLEAR CREEK DR,,HOUSTON,TX,33413-1058
83000848,AMY,JENNINGS,353 N FINCH AVE UNIT B,,MOORE HAVEN,FL,92117-4421
105004382,TAMI,BEACH,6686 S REED WAY UNIT B,,ARLINGTON,TX,76126-3802
9932007605,MONICA,CROCKETT,51585 RUSHING CREEK DR,,BRENTWOOD,TN,75028-2961
77005190,KRISTEN,VAN ALLEN,1355 FAIRFIELD BEND DR,,EDGEWATER,NJ,06070-1936
9934020041,PAM,LYNE,535 W CHERRY AVE APT C,,CHANDLER,TX,48638-4496
58011955,KAITLYN,BAYSINGER,686 ENCHANTED TRAIL DR,,ARCHBOLD,OH,75050-2722
9941102667,BETH,ESKEW,658 W ALEXIS RD APT 51,,KNOX CITY,TX,29072-7765
45012563,YVONNE,CONTRERAS,593 W RUSSET GROVE CIR,,HEALDSBURG,CA,75025-6488
31015535,JOYCE,ALCANTARA,36395 PEAK TO PEAK HWY,,GRAHAM,NC,80124-5488
114007753,KIM,WALKER,5935 PRINCETON RUN TRL,,BONHAM,TX,32765-7505
9917136814,BRENDA,ALVAREZ,1755 GARDEN SPRINGS DR,,SAN ANTONIO,TX,92625-1541
15082464,TERESA,SEIF,3867 ROCKY MOUNTAIN DR,,LA VERNE,CA,76689-3141
103001043,CYNTHIA,CLEMENTS,318 STATE HIGHWAY 75 N,,DENVER,CO,29909-7142
9902009899,KATRIN,PAGE,3737 W END AVE APT 383,,OLD HICKORY,TN,93063-2039
71006999,AMY,MONSON,56879 E TALL TIMBER LN,,SIMI VALLEY,CA,76012-1769
9945050094,ELIZABETH,ANDERSON,3988 TUNDRA SWAN CT NW,,CORSICANA,TX,77377-9018
54016079,HEATHER,MARTINEZ,6177 BROAD STRIPES AVE,,GRIMES,IA,75146-5116
51010028,SHERRY,FINKBEINER,5835 N OLD CARRIAGE RD,,SOUTHLAKE,TX,43537-9239
17069795,THERESA,HILL,3335 COUNTRY HAVEN CIR,,CAMARILLO,CA,46250-2248
101000023,RUTH,NUSS,5555 WILSON RD APT 531,,GOODLETTSVILLE,TN,98385-0263
25024968,ANN,HASKEL,51586 VILLAGE CREST CT,,BOYNTON BEACH,FL,47918-7851
22021058,JUDY,SMITH,3185 GOLDEN SPRINGS DR,,COLUMBUS,OH,32257-5430
124003943,KATHERINE,SNOWDON,5158 OLD MILFORD FARMS,,BOYD,TX,92071-2222
52019913,SHEREE,BALTZER,566 PLEASANT VALLEY ST,,RESTON,VA,48331-2963
9942043772,DEBRA,KINSLER,55355 STATE HIGHWAY 33,,PASADENA,TX,32828-8332
120001140,MINDY,EWRY,9851 DIAMOND POINTE DR,,COLORADO SPRINGS,CO,92708-1159
9935002722,LINH,ZAPUTIL,58955 HAMLEN PARK DR S,,GRAPEVINE,TX,76248-5463
52019303,MIRIAM,EVANS,5365 WALNUT GROVE LN N,,CENTREVILLE,VA,76001-5937
9933025764,MARCI,TUMLINSON,85 W WALNUT ST APT 387,,SPRING,TX,07470-8453
9930017230,TRISH,REINERT,5513 PROSPECT LAKES DR,,LAGUNA HILLS,CA,32225-6837
9941105706,DEBBIE,KAY,5188 REMINGTON PARK DR,,NORTH RICHLAND HILLS,TX,75238-2508
9917140515,JERRY,RENN,98 OLD MEADOW PLAIN RD,,MCALLEN,TX,46783-0053
115000366,PAT,WOODRUFF,3855 LYLE CREEK AVE NE,,POTEAU,OK,46167-9387
9937001574,LISA,TEDFORD,5688 E WASHINGTON BLVD,,FRISCO,TX,33463-4299
39038742,BRENDA,WILLIAMSON,5786 COLBY AVE APT 381,,PALM BEACH GARDENS,FL,06062-3113
6038179,DIANE,HARMS,718 HUNTLEY DR APT 583,,COSTA MESA,CA,72762-8145
75000394,BARBARA,MANGO,3539 PEBBLE BEACH BLVD,,FAYETTEVILLE,AR,91784-7366
6044385,LORETTA,HADDAD,3616 HIGHLAND LAKES DR,,SAN DIEGO,CA,07401-1435
9937012661,PATRICIA,LYONS,858 RAYFORD RD APT 583,,FRISCO,TX,55369-5416
25028325,SHARON,WHEELER,3915 W 583TH DR UNIT D,,BOYNTON BEACH,FL,95714-0256
9937037679,TERRY,DYESS,553 S MERRYWEATHER CIR,,MCKINNEY,TX,92336-5204
9917116937,FRAN,HECKMAN,3335 E CALIFORNIA BLVD,,SAN ANTONIO,TX,76135-3930
59012167,LISA,BURNS,3953 SOUTHERN HILLS DR,,CORONA,CA,78261-2493
10017468,NANCY,WOODS,3588 BELLEAU WOODS CIR,,SCOTTSDALE,AZ,07506-2401
114005777,MARGUERITE,SNYDER,55188 PARK ROW APT 186,,DAWSON,TX,73142-4311
9942049913,SHERYL,WEATHERFORD,9638 CANYON MEADOWS DR,,TEXAS CITY,TX,77024-2100
122001424,DEBBIE,DAYTON,153 Papaya Dr Apt M-55,,SAN ANTONIO,TX,91362-5458
999003122,MARY,MILAM,685 PLOUGHMANS BEND DR,,SOUTHLAKE,TX,77379-8010
105004019,LINDA,ROBESON,785 SW WINTERGARDEN DR,,CEDAR HILL,TX,06883-3038
9941017310,GERTRUDE,HAYES,11858 MOUNTAIN ASH CIR,,GRANBURY,TX,40241-2415
33016769,SANDY,KOSE,5535 S HIDDENBROOK TRL,,SUWANEE,GA,77381-3130
9930032231,CRYSTAL,NICHOLSON,57356 HILLTOP RIDGE DR,,DALLAS,TX,75019-3234
19027126,MARSHA,GOW,155 APACHE MOUNTAIN LN,,PALATINE,IL,28303-4911
54017667,MEGAN,DORRELL,3153 SPRING CYPRESS RD,,MOBRIDGE,SD,76016-1863
18016975,TONA,MCELROY,3538 INDIAN SUMMER TRL,,BROWNSBURG,IN,46012-9457
39040446,PATRICIA,STELJES,3885 BROWN TRL STE 583,,SCOTTSDALE,AZ,78256-2362
18018006,LILLIAN,RAMSEY,35635 Sleepy Hollow Dr,,INDIANAPOLIS,IN,04106-4614
61006365,NATASHA,JORDAN,53375 SAINT ANDREWS DR,,BRISTOL,CT,33909-2546
60012056,DIANE,MCINNIS,518 LEHANE TER APT 381,,SPRINGFIELD,MA,91750-1726
9941104742,JAIME,HANING,59553 WINDING TRAIL LN,,CHICO,CA,92557-6510
12013421,JUDY,TREADAWAY,3153 REMINGTON PARK CT,,BELLEVUE,WA,92679-1028
9913060225,KAREN,ERWIN,6535 AVERY DR APT 8386,,HOUSTON,TX,77474-8746
17072758,LORI,BUCHANAN,1793 LAWRENCE MILL RUN,,NEWBURY PARK,CA,77304-1608
25022537,MARY,LAM,3355 MEREDITH WOODS ST,,LONGMEADOW,MA,76028-6221
15082308,LISA,KONSTANTINIDIS,53111 AUTUMN VALLEY DR,,PORTER RANCH,CA,80127-3552
9937041538,SHIRLEY,HICKS,7588 SNOWPEA CT UNIT B,,DALLAS,TX,32708-5534
40048355,ERIN,KLING,57675 SW FARMINGTON RD,,WINTER PARK,FL,92057-7340
49013850,ANN,FORNATORE,3355 PARKRIDGE GLEN DR,,ASHEBORO,NC,78256-2458
25026264,CECILIA,VIGILIO,13817 S ROCKY BROOK DR,,WAYNESVILLE,NC,76180-6312
18022957,JEAN,KLATT,5555 PECAN CROSSING DR,,BROWNSBURG,IN,06042-3133
53013325,CHRISTINA,LYONS,3568 HONEYSUCKLE DR SE,,PORTLAND,OR,85387-2793
18020250,KATE,WEAVER,58137 WILLOWBRIDGE WAY,,CONCORD,NH,78226-1686
9923002493,ERIKA,ENGLE,7835 SE DOUBLE TREE DR,,SAN ANTONIO,TX,79764-1212
60009284,ANITA,ZOCH,51957 GREEN VALLEY DR,,WINDSOR,CT,18017-1112
103006234,DAWN,SAUER,3767 COUNTY ROAD 1551,,PARKER,CO,78231-1703
54017986,JERRY,VANNEST,6968 CROOKED FENCE DR,,JOHNSTON,IA,47396-9340
9917126206,LAURA,EVERTOWSHI,399 W BAY ST APT A185,,MIDWEST CITY,OK,91362-5458
9903035924,ALICE,ALLEN,5175 RIVER BLOSSOM LN,,SPRING,TX,98674-8217
4014883,KAREN,WASDEN,39385 LINCOLNSHIRE CT,,VAIL,AZ,33430-4111
9925002213,DEBBIE,GOFORTH,5136 5ST ST N APT 183,,LANSING,MI,80401-7023
11016327,DOROTHY,ZLOTNICK,5688 GREEN CRICKET CT,,CORONA,CA,80122-3906
9903001113,MARY,DOWDELL,68979 WOODS VALLEY PL,,CONROE,TX,77629-0061
9912005850,MARY,MCCABE,55633 SE WINGSPAN WAY,,LA PORTE,TX,97006-5566
9938024315,CARON,SANDERSON,7553 MICHIGAN ISLE RD,,LOUISVILLE,CO,76016-1626
77002417,DENISE,SAUNDERS,3853 E WASHINGTON AVE,,SADDLE RIVER,NJ,80016-6078
9923001301,SHIRLEY,MCCAIN,938 N LAKE CLAIRE CIR,,BOERNE,TX,75165-1705
9942046016,SHERRIE,POND,3758 S BEAR ST UNIT B,,LEAGUE CITY,TX,91401-1325
25023544,SUSAN,RITTER,3338 PIERCE ARROW CIR,,BOCA RATON,FL,78133-4822
9911111161,MICHELLE,LANG,5333 DANBURY PARKS DR,,DALLAS,TX,73078-4239
65025162,FRANCES,DAVIS,8955 VILLAGE HILLS DR,,WEST BLOOMFIELD,MI,48178-9535
126001143,MICHELLE,BENNETT,6881 GRAND PRAIRIE DR,,DALLAS,TX,77546-6303
21235114914,DEBORAH,SMITH,9818 LARSON MOUNTAINS,,MORALESTON,IL,12968
31020120,LYNNE,MCMILLIN,5588 SANDY SPRINGS DR,,RALEIGH,NC,06109-1509
9903001119,GAIL,STREIB,59938 58TH FAIRWAY DR,,HOUSTON,TX,78251-4704
5026353,JILL,LIPPERT,3183 COUNTRY GROVE DR,,YUBA CITY,CA,77356-5795
9922001451,CONSTANCE,POULTER,55359 E ROY ROGERS RD,,GOLDEN,CO,93551-2968
40042337,CONNIE,GROVE,3559 TOWERING OAKS DR,,DELAND,FL,29414-9071
9936019717,ELIZABETH,SHEPARD,53389 FOSSIL CREEK LN,,ARLINGTON,TX,07645-2228
47018600,TINA,BREWSTER,517 W SILVER SANDS DR,,LOUISVILLE,KY,01564-2367
49015084,DEBORAH,HAHN,11565 VIA SANTA MARIA,,MINT HILL,NC,85020-3721
59012888,HAZEL,DELGADO,59381 SIERRA RATON RD,,FONTANA,CA,77573-1979
23041620,SANDY,ZEEK,5888 HIGHLAND OAKS DR,,WESLEY CHAPEL,FL,76028-1064
33019053,JOANNE,KOPMAN,5386 NE KINGSBRIAR DR,,ATLANTA,GA,95128-1856
59010986,JOANNE,BESHEARS,356 WALNUT ST APT 387,,CLAREMONT,CA,77227-7759
104007459,KATIE,MOORE,55737 MOUNT LASSEN CT,,ARLINGTON,TX,84117-7463
122002089,ANGELA,FLATH,5113 RICHLAND OAKS DR,,QUEENS VILLAGE,NY,80123-1367
999001283,LAURIE,VALDES,55919 CHURCHILL DOWNS,,KELLER,TX,77573-6355
18019226,SANDY,ELLIS,56858 BRIDLE RIDGE DR,,EVANSVILLE,IN,48042-5641
9943051338,KAREN,TURNER,11 S PINEY PLAINS CIR,,TOOL,TX,77382-2512
54016435,TONYA,WHILLOCK,5385 OCEAN FRONT WALK,,ALBUQUERQUE,NM,43402-1760
55015914,ANNE,CASEY,5835 RIVER MEADOWS PL,,FORT MYERS,FL,72019-1439
115006344,JACQUELIN,HUNTER,785 SOUTHERN HILLS DR,,NEWALLA,OK,97053-9508
18021378,ROSEMARY,WOLFE,5873 STATE HIGHWAY KK,,FISHERS,IN,77571-9578
7013423,JANICE,SHOUP,3935 SAXTON HOLLOW RD,,HUNTINGTON BEACH,CA,37075-8746
58010767,TONI,BOLAND,585 CROSSING POINT DR,,CASTALIA,OH,76226-0579
71005641,WILLIAM,VANKOOTEN,5889 NW WATERFRONT DR,,INDIANAPOLIS,IN,75044-2126
45012858,MICHELLE,WASHINGTON,558 W RACING CLOUD CT,,EL DORADO HILLS,CA,77059-2836
106003071,TRACY,ACUNZO,6966 CRESCENT BOAT LN,,FRISCO,TX,40299-8376
66004861,DEBRA,DEMORROW,38865 LANTERN HILL CT,,W HOLLYWOOD,CA,72712-4075
19029689,HAPPY,PAWLOWSKI,583 N LAKEWOOD RUN DR,,LOVES PARK,IL,80026-1293
9921007389,CHRISTINE,KATZ,5557 THOUSAND OAKS DR,,COLORADO SPRINGS,CO,49770-2774
1023416,ANN MARIE,JACOBSEN,6118 HIDDEN CANYON RD,,SCOTTSDALE,AZ,75026-1534
9923011297,AMIE,ROMAN,5785 LAKE TAWAKONI DR,,HELOTES,TX,22030-2431
49016589,DEBRA,CAIN,16559 CARRINGTON BLVD,,FORT MILL,SC,07606-1626
9916110480,CONNIE,MCINTOSH,6389 SAINT MICHAEL DR,,YUKON,OK,65714-6127
9937025229,TERESA,MCENANEY,6558 S MCALLISTER AVE,,PLANO,TX,80634-4221
9917135997,ARLENE,ROSATI,579 PELICAN POINTE RD,,PORT SAINT LUCIE,FL,97213-1969
47019491,BEVERLY,BOGGS,5336 KIEFER BLUFFS DR,,LOUISVILLE,KY,76201-2418
9917123041,OLIVIA,PANKRATZ,3888 WOODMONT PARK LN,,BOERNE,TX,20136-2012
121000081,CANDY,GUTHALS,58516 DIAMOND LAKE RD,,DENVER,CO,37013-5103
124002515,NANCY,ORMSBY,6386 CLEAR SPRINGS CT,,ROCKWALL,TX,63090-5388
106010412,KIM,FRYAR,581 N ROLLING OAKS LN,,FRISCO,TX,58103-5730
123001892,ELLIE,INGRAM,5859 HUNTERS CREEK RD,,SAN ANTONIO,TX,66215-5428
22016901,CONNIE,KITE,859 S PANNA MARIA AVE,,GALLOWAY,OH,54665-7111
106009150,STACY,BAILEY,513 MAYFIELD RD APT A,,ALLEN,TX,91750-7305
17069027,REBECCA,SPARKS,5888 VILLAGE GREEN CT,,THOUSAND OAKS,CA,78065-4408
71005310,HELEN,APPLEBY,51388 N STATE ROAD 61,,SIMI VALLEY,CA,76013-5245
9930021714,TERRI,HALE,5385 CROOKED STICK DR,,MANSFIELD,TX,33076-2796
9905014714,PENNY,FREZZA,1535 VANTAGE RIDGE CT,,NORTH RICHLAND HILLS,TX,78260-4806
122003024,JEAN,STAMEY,53189 W PALO VERDE DR,,SAN ANTONIO,TX,78596-5653
9908008163,SHERRY,CAREYHAASS,5388 COUNTRY RIDGE DR,,WAKEFIELD,KS,72758-9568
39033905,BRIAN,VANPELT,3585 MEADOW WALK BLVD,,POMPANO BEACH,FL,33415-1334
9904046238,BARBARA,ADAMIEC,3689 W UNIVERSITY AVE,,ENGLEWOOD,CO,40222-6339
125001877,JOANN,GRIFFIN,535 TEMPLE AVE UNIT 7,,FORT WORTH,TX,44221-5531
120004093,THERESA,MODERSKI,51715 WALNUT RIDGE DR,,ARVADA,CO,48335-1242
122002405,KELLY,CARLSON,53651 PRAIRIE LAKE DR,,WESTBURY,NY,94023-0163
39030880,MARY,HORWITZ,18381 VERDE CANYON DR,,PORT SAINT LUCIE,FL,77389-3717
44010555,TAMMY,BASSO,8855 EDGEWOOD PARK DR,,INDIANAPOLIS,IN,32257-5010
54017617,JUANITA,LINDGREN,618 IVYWOOD LN UNIT G,,WATERLOO,IA,34108-2600
118000118,TAMI,GRANDE,53385 WILLOW FALLS CT,,CORPUS CHRISTI,TX,77581-5287
47018900,MARGARET,MARGRAVES,313 NW WINTERCREST RD,,LOUISVILLE,KY,80906-2923
67003177,KAREN,POLLARD,3333 COUNTRYTRAILS CT,,CAMARILLO,CA,30092-1863
9936009688,KIMBERLY,MAGEE,55787 WHITE SUMMIT CT,,ARLINGTON,TX,77334-0419
106008193,ROSA,LOPEZ,3535 N BOULDER CANYON,,FRISCO,TX,06033-1809
126001226,BEVERLY,HAIDER,31766 OLD PORTLAND RD,,IRVING,TX,06118-2909
9933001068,MARILYN,HAYDEN,55739 WHISPERWOOD WAY,,SPRING,TX,77385-6902
19028563,GAIL,MCBRIEN,1858 BENDING BOUGH LN,,HUNTLEY,IL,33029-4300
45010744,GWYNETH,SELEC,5838 RUSTIC KNOLLS DR,,PACIFICA,CA,76017-8208
9902011254,KATHLEEN,CARTER,5318 BIG MOSS LAKE RD,,THOMPSONS STATION,TN,75402-7621
111002848,TRACY,MILLER,7185 COPPER CREEK WAY,,LEAGUE CITY,TX,75081-5076
105005142,PATRICIA,BEABER,655 HIDDEN MEADOWS RD,,MANSFIELD,TX,48170-3600
64008272,RHONDA,TOWNSEND,13958 PACK SADDLE TRL,,DEDHAM,MA,47834-7790
61008200,NOVA,LOCKARD,1113 E FARM BROOK WAY,,COLLINSVILLE,CT,77060-2481
11016034,DEBBIE,EUBANKS,58385 BIG GERONIMO ST,,SAN JOSE,CA,33404-2536
9916117842,EDNA,WHITTEN,5195 HUNTERS TRAIL DR,,AMBER,OK,43617-1340
71005422,SUSAN,ALLEN,6737 WINDOM PEAK BLVD,,SIMI VALLEY,CA,72223-5511
25025081,SUSAN,CHUNG,9565 PINEVIEW LAKE CT,,ROYAL PALM BEACH,FL,50213-1490
121003854,NINA,GUTIERREZ,8113 SAINT PATRICK ST,,LAKEWOOD,CO,77389-4168
106008661,VICKI,CLARKE,38 LIBERTY SQ APT 593,,PLANO,TX,48081-2072
24086906,ROCHELE,VIOX,3353 MYSTIC VALLEY CT,,SCOTTSDALE,AZ,43551-9479
9903032928,KIMBERLY,LOHMAN,555 BEGONIA AVE APT A,,COPPELL,TX,80230-7212
33018914,VICKY,HUME,3583 RAMBLIN CREEK RD,,NORCROSS,GA,43528-8309
103005362,JULIE,COOK,5355 WINDING RIVER RD,,WICHITA,KS,43402-9421
40044039,JENNIFER,BORST,1973 ROLLING HILLS LN,,SAN JUAN,PR,46260-2107
25026583,ALTA,FITZPATRICK,13583 CANYON PINES PL,,WELLINGTON,FL,60018-1727
103005905,JO,WILLIAMS,6385 N AIR DEPOT BLVD,,DENVER,CO,73120-1420
53010097,KARIN,LEON,157 BISHOPS FOREST DR,,MARKHAM,ON,77382-2058
9942048783,KAY,TOMLIN,9378 TRANQUIL PARK DR,,BACLIFF,TX,75024-6327
9906038602,OLIVIA,HAHN,8189 N WATER TOWER RD,,ARLINGTON,TX,77339-4450
38036258,MARY,ROSE,5618 WELLS FARGO DR E,,STERLING HEIGHTS,MI,00919-1301
63005328,LISA,HORACEK,3886 E CASTLERIDGE DR,,PECATONICA,IL,46962-1804
5025209,SHELLEY,MILLER,6537 NEWLIN AVE APT C,,MARYSVILLE,CA,33027-4455
18020976,JULIE,BERTA,3813 PRAIRIE KNOLL CT,,INDIANAPOLIS,IN,03253-6330
9917129504,GRACE,DUBOIS,5585 E SAN MIGUEL AVE,,VICTORIA,TX,76048-1451
47016464,JOY,HERRON,3138 PRINCE GEORGE DR,,FRANKFORT,KY,77504-3503
9934017814,DOROTHEA,ALLEN,55381 WOODSONG LOOP N,,LAKEWOOD,CO,27040-9508
63010949,ALICE,LARKIN,3558 N BRAESWOOD BLVD,,JACKSONVILLE,FL,75032-1963
21235114915,KAREN,SMITH,9818 LARSON MOUNTAINS,,MORALESTON,IL,12968
75000087,PAM,HOWORTH,13633 WINTERGREEN CIR,,ROGERS,AR,80215-5914
107002130,JENNIFER,RONDON,8113 HERITAGE PARK DR,,BRIGHTON,CO,62704-5599
9923007035,KEITH,WILSON,51765 SW EVERGREEN ST,,SAN ANTONIO,TX,75002-4813
54013543,TIFFANY,WEBB,5335 EAST ST UNIT 155,,WOODWARD,IA,78042-8541
9903001875,JASNA,SHATTOW,17958 COPPER CREEK LN,,SPRING,TX,91301-4042
54016463,RIKKI,CROWDER,5883 WINTER KNOLL WAY,,MOUNT PLEASANT,IA,76102-1352
18021437,JENNIFER,FULLER,5918 COUNTRY MOSS WAY,,INDIANAPOLIS,IN,64804-2932
9938012614,EMILY,THOMPSON,5677 VIA VALMONTE CIR,,ARVADA,CO,43450-9818
106007242,DEBBIE,GONNERMAN,3518 CABRILLO MESA DR,,FRISCO,TX,92869-4907
9903032240,STANLEY,TRAVIS,335 WILLOW SPRINGS DR,,FRANKLIN,TN,94553-0221
42016982,ANNE,ACKLEY,5688 KANSAS ST UNIT D,,BELLFLOWER,CA,80923-6402
114002254,JENNIFER,BARNETT,58888 NW ANASTASIA DR,,DALLAS,TX,73036-5935
55013571,TERESA,LANIER,6671 BEAN MOUNTAIN LN,,OCALA,FL,78249-2003
58009690,MARY ELLEN,DURHAM,3 HUNTERS CROSSING CT,,OTTAWA HILLS,OH,67104-1240
60012279,SARAH,BALCONI,5817 SAINT HELENA AVE,,TOLLAND,CT,37064-4270
82000361,BARBARA,KING,1365 GRINDLEY PARK ST,,Corona,CA,71603-7130
9906042615,HUEI,CERASE,57335 BENDING POST DR,,WAXAHACHIE,TX,28711-2640
11020722,PAULA,HOWARD,53531 MARBLEPOINTE LN,,MINDEN,NV,77373-4935
63009385,THERESA,SUMMERS,966 MAXWELL BRANCH RD,,PONTE VEDRA,FL,75013-6128
26020298,AMANDA,BELLUOMINI,1818 Cochran St # 313,,TEMPE,AZ,64834-0073
9923001453,LINDA,FOX,6181 E BALSAM FIR CIR,,SAN ANTONIO,TX,78232-2639
105006921,JULIA,REESJONES,7335 SW AMBASSADOR PL,,ALLEN,TX,76249-4083
9912008112,KIM,GIDDINGS,53575 FOREST GREEN LN,,WEBSTER,TX,80501-1037
1027774,STACEY,BELL,5775 COCHRAN ST APT C,,YORBA LINDA,CA,31558-8511
9917119692,TINA,KORTALS,58333 E STATE ROAD 31,,COMFORT,TX,80229-2633
9907007458,JOANNE,HOLTER,55788 SUMMIT PARKE DR,,FRISCO,TX,07670-3808
107008375,JANNA,INGRAM,3359B BAYOU FOREST DR,,THORNTON,CO,90292-7244
18022213,EVA,HIERSCHE,1355 LAVENDER HILL LN,,KOKOMO,IN,50131-7422
78000001,SHANA,WINDLE,3868 N 73RD ST APT 56,,SPRINGFIELD,MO,91750-3116
103005781,SANDY,MA,5813 SIENA OAKS CIR W,,ALTOONA,WI,85710-7955
9921012292,ELAINE,LOWRIE,5518 PEPPER DR SPC 33,,PUEBLO,CO,85255-6145
9921003021,JENNIFER,GROVES,595 N PINTO POINT CIR,,ROSEVILLE,CA,78010-5594
9917134010,LISA,MAGGIORE,585 LAKE BRANTLEY TER,,SAN ANTONIO,TX,85382-5154
9907017859,JOELLEN,BECKER,3856 HUNTINGTON CIR S,,PLANO,TX,07860-0341
54016880,HALEY,BITHER,13858 N WARMSTONE WAY,,INDIANOLA,IA,02339-3507
121003094,RITA,WILT,53637 CRESSINGTON CIR,,CENTENNIAL,CO,97701-8219
18019849,MARY,ESKELSON,58583 E SHADY ROCK LN,,PITTSBORO,IN,85297-7841
58012079,AMANDA,GOODE,5357 CHERRY BROOK WAY,,LAMBERTVILLE,MI,93021-9783
18019079,MICHELLE,JOHLFS,5187 MALLARD CREEK RD,,PARKER CITY,IN,80919-4234
58009709,BARBARA,QUESNEL,9 CAMBRIDGE CIRCLE CT,,WATERVILLE,OH,77063-6164
44011562,LESLIE,FISHER,3585 LITTLE HOLLOW PL,,BALLWIN,MO,97317-9457
71002377,KATHY,MACOMB,5591 NW WEYBRIDGE WAY,,AURORA,CO,80911-2951
105005954,EFFIE,HOPFENBECK,39758 COUNTRY CLUB DR,,ARLINGTON,TX,75287-7220
115005340,BRENDA,PRASANNA,355 88TH ST UNIT 5585,,PURCELL,OK,78230-5838
12016764,JACQUOLYN,SCRAVER,3938 HIDDEN MEADOW DR,,MERCER ISLAND,WA,80007-7576
54014345,MARY LOU,WILKINS,55181 S 78TH EAST AVE,,DAVENPORT,IA,92115-2043
110005656,MINERVA,GRAY,55858 EL AMARILLO AVE,,FORT WORTH,TX,91423-2542
18022915,AMY,STOREY,5857 COUNTY ROAD 5513,,INDIANAPOLIS,IN,77302-4412
9937008572,WENDY,COX,3789 E VILLA MARIA DR,,FRISCO,TX,77358-0009
25023856,BARBARA,CALDWELL,1517 SIR LOCKESLEY DR,,BLUFFTON,SC,43551-5482
40042722,BARBIE,HARTMAN,6316 SINGING CREEK LN,,FRUITLAND PARK,FL,80127-5754
116001926,LAURA,TRUJILLO,388 LEGACY DR APT 115,,ORLANDO,FL,34471-6290
21235114913,DEBORAH,SMITH,9818 LARSON MOUNTAINS,,MORALESTON,IL,12968
9919023149,PATTI,SANFORD,53559 LANDIS VILLA DR,,GROVE CITY,OH,77549-1620
78001841,NICKI,JOHNSON,7561 SW IRON HORSE ST,,FORT SMITH,AR,07410-5921
9934025131,INGRID,FLINT,659 WATERFORD VIEW CT,,CENTENNIAL,CO,92262-1259
66005043,PAULA,FENTON,1533 HERITAGE PARK LN,,LAGUNA NIGUEL,CA,80304-2136
11018359,KAREN,ARMADA,58885 W CHARTWELL CIR,,SUNNYVALE,CA,73099-6894
112001247,PAM,VAUGHT,5755 DUMMERMUTH RD NW,,SPRING,TX,33414-8038
115003889,APRIL,SNIDER,3735 SAINT ANDREWS DR,,OKLAHOMA CITY,OK,01452-1344
9942043547,DIANE,MOHLER,1939 CONSTELLATION PL,,SOMERVILLE,TX,06896-1409
25025697,CAROL,DIAMOND,6851 WILD STALLION RD,,WELLINGTON,FL,37922-7611
18016839,DEBORAH,CASTRO,3585 COUNTY ROAD 5886,,LOUISVILLE,KY,30269-1071
25024523,HOLLY,VARNER,58159 TALL CYPRESS DR,,WELLINGTON,FL,34276-4182
9915066009,DEENA,STRICKLAND,3 W CHEYENNE RD APT 6,,WESTON,FL,92008-4668
9921008717,MICHELE,GROGAN,51987 SUNSET BLUFF CT,,COLORADO SPRINGS,CO,54650-9371
999002911,SHARON,VILLANUEVA,796 CALLE LAS COLINAS,,ARLINGTON,TX,30601-3922
9937038472,JOYCE,MARSHALL,167 N SILVERSHIRE CIR,,ARGYLE,TX,46205-3557
55014122,KATHLEEN,WHITE,53883 COUNTRY SIDE ST,,WORCESTER,MA,78130-3393
123000527,LEEANN,BRADY,1855 SUMMERSIDE RD SE,,BOERNE,TX,07840-3305
18017228,ROBERTA,AZBILL,53833 CHISOM CREEK ST,,CICERO,IN,50111-8607
106001132,JACKIE,MACPHERSON,1585 SAINT ANDREWS DR,,MCKINNEY,TX,48603-1941
50019311,ELLEN,LALA,539 WRIGHT ST APT 383,,SADDLE RIVER,NJ,75033-1377
66004040,STEVE,CAPRAI,5338 NW INNISBROOK PL,,IRVINE,CA,46825-5812
18022378,RHONDA,GERDES,53669 RUNNING BEAR DR,,INDIANAPOLIS,IN,73142-4807
101002692,WENDY,PICKERING,788 SILVER VALLEY TRL,,NASHVILLE,TN,72712-5086
9910150352,IDA,CECIL,6558 YANK WAY APT 385,,TOMBALL,TX,80303-3038
570012542,SHERRY,DONOHUE,5185 W WASHINGTON AVE,,SUFFIELD,CT,33436-2002
82000140,LORI,DOLPH,358 BIRD AVE UNIT 687,,NORCO,CA,95310-1512
9942053772,GAIL,SETCHELL,5886 PORT MANLEIGH PL,,HOUSTON,TX,46011-9604
115007464,JENNIFER,THOMPSON,6383 COUNTY ROAD 7338,,OKLAHOMA CITY,OK,93065-2780
1026170,PATSY,PAYNE,7553 NE STONEWATER ST,,WENTZVILLE,MO,43420-3206
18019717,DENISE,MCNEIL,58388 FAIRWAY OAKS SQ,,GREENWOOD,IN,77399-1057
9919009861,DIANE,OSBORNE,1593 LARSON CREEK WAY,,MARBLE FALLS,TX,91360-2216
9919022731,CHRISTINA,TOMLINSON,1387 BLACKJACK OAK ST,,FORT WORTH,TX,76502-6631
39042146,CHRISTINE,CARLIN,3383 S HALLS POINT CT,,STUART,FL,40245-8420
47018533,ALLENE,LORING,1539 CARRIAGE LAMP DR,,LOUISVILLE,KY,77318-7514
39034000,LISA,DUNN,3851 W 531ND ST APT A,,MERIDEN,CT,06040-8624
102004356,ASHELY,SHANNON,5336 CLEAR CREEK BLVD,,MAGNOLIA,TX,77406-2183
77001788,PENNY,LOVE,3651 COUNTY ROAD 3553,,MAYWOOD,NJ,78108-2229
68004189,BARB,OWENS,58351 BLUE RIDGE DR S,,SAN DIEGO,CA,79423-3630
54015947,TRACY,GLASS,38 S WILLOW POINT CIR,,PANAMA,IA,06614-8145
9942052829,CONNIE,WOOD,53158 FIJI WAY UNIT A,,FRIENDSWOOD,TX,75402-6250
126001690,CYNTHIA,BURNS,1769 BIG DRY CREEK DR,,CORSICANA,TX,06107-1309
115000896,KARLA,TORRES,5553 WHISPERWOOD BLVD,,NORMAN,OK,80005-3474
48015170,MONICA,MAESTREJUAN,5385 CHICAGO CREEK RD,,LINTHICUM HEIGHTS,MD,60091-1127
18018984,JEAN,RAZZOUK,3383 NOTTINGHILL DR W,,WHEATFIELD,IN,60004-5742
9936020162,LINDA,EHLINGER,3559 MULBERRY PARK LN,,GRAND PRAIRIE,TX,60005-3479
103005999,JOANN,NORMAN,9785 SW EASTBROOK CIR,,SANFORD,FL,75028-3041
19028333,GAIL,HAMPTON,5119 HARRISON GLEN LN,,CAROL STREAM,IL,75089-9569
40042914,SUE,ZIEREIS,3833 PLEASANT GLEN DR,,LAGUNA NIGUEL,CA,34990-2239
9901041736,SANDRA,GAUTILLE,653 N CASA GRANDE CIR,,DALLAS,TX,75758-2347
123000420,KARI,AXSON,5165 S AARON UNIT 365,,SAN ANTONIO,TX,26142-0149
26021440,KRIS,HOWARD,988 5ST AVE S STE 383,,SCOTTSDALE,AZ,78247-2173
64009914,ELAINE,TURNER,56976 NC HIGHWAY 58 N,,HUDSON,MA,75006-3416
3026409,PEGGY,HUMISTON,3588 HICKORY STICK RD,,BUENA PARK,CA,76017-1062
9938016753,MICHELE,CHARBONNEAU,5811 VERMONT ST APT 3,,LOVELAND,CO,37138-1959
9916109645,PAMELA,GARAVAGLIA,5536 MOUNT HELENA AVE,,LAWTON,OK,97053-9756
9934001774,HEATHER,LYNCH,9818 VANCE ST APT 583,,GARDEN CITY,KS,73013-9694
9907009097,TERESA,FERM,385 PARADISE POINT DR,,HERNANDO,MS,77017-5547
40051236,DIANNE,SMITH,335 PRIVATE ROAD 3139,,SORRENTO,FL,80229-2633
9945051628,JEANNE,ONDRACKOVA,6883 BLENDON CHASE DR,,DALLAS,TX,80132-9410
118004010,ANN,DOCKRAY,3886 GOUGH ST APT 583,,BEAUMONT,TX,76063-6743
121003243,ANN,ARNOLD,18986 MEADOW BELLE CT,,LAKEWOOD,CO,78163-1760
121001191,LYNETTE,HARDIN,51753 TRIPLE CROWN RD,,GOLDEN,CO,30062-5366
58010796,CAMI,EZRATTY,35135 VALLEY FORGE DR,,WHITEHOUSE,OH,62226-7838
39040107,KAREN,LYON,1587 TEAL BAY BEND LN,,WINTER GARDEN,FL,72712-5094
65024840,JUDY,TRICHE,9388 COIT RD APT 1558,,FARMINGTON HILLS,MI,65615-1108
114008083,INA,SERPA,5658 COUNCIL GROVE LN,,DALLAS,TX,32246-9200
60013335,MARGARET,JOHNSON,58867 CYPRESS BEND DR,,GLASTONBURY,CT,37211-6228
112000288,JOANN,RABBANI,58158 BLACK FOREST RD,,HOUSTON,TX,93012-9254
2014371,DEBBIE,CLARK,5753 BONNABEL TRCE NE,,NORTHRIDGE,CA,76020-3014
68002138,PAULA,HALE,7858 SPRING FOREST ST,,SAN DIEGO,CA,91031-6850
9916098781,ANNE,ADAIR,7678 E ROSE GARDEN LN,,LAWTON,OK,75115-4637
40046684,JUDY,GONZALEZ,56338 CASCADE VIEW LN,,KISSIMMEE,FL,40245-6536
4015070,LINDA,CAAMANO,8356 TIMBER MEADOW DR,,TUCSON,AZ,92629-3812
124000620,TINA,STIEHMPOTTER,3565 S ALMA SCHOOL RD,,ALLEN,TX,77356-5494
30011221,MERRY,CANADA,5738 COUNTY ROAD 5958,,SPRING,TX,34119-4825
123001268,STEPHANIE,VATTEROTT,5868 WESTCHESTER DR E,,SAN ANTONIO,TX,33417-5713
115005301,CLAUDIA,LOPES,16517 HIDEAWAY RUN DR,,SEGUIN,TX,98033-3834
9940014402,KIM,FICKEL,58885 FOREST GLADE DR,,SANDY,UT,85249-4826
72006928,MARIA,ALMON,5139 JUNEAU AVE APT A,,LOS ANGELES,CA,92860-3723
40044427,CARRIE,BENDER,587 APRIL WATERS DR W,,OCOEE,FL,46814-7555
116003308,MARY,MEGGISON,5815 MEADOW BREEZE CT,,SAN DIEGO,TX,06074-2887
123001454,HOLLY,HALL,1858 WILLOW RIDGE CIR,,SAN ANTONIO,TX,77339-1388
9934030469,SARA,STOVALL,585 N ACACIA PARK CIR,,AURORA,CO,34135-7526
55012828,GERALD,LINDHORST,55358 WATERS CREEK DR,,ESTERO,FL,73025-2736
58011580,DEBBIE,RISING,7856 CHARLES RIDGE RD,,MONROE,MI,28412-2933
12016881,CHRIS AND BECKY,SMITH,38 MURMURING CREEK PL,,OVIEDO,FL,92592-3259
71008859,FRANCES,MCFARLAND,55518 E STONEBRIAR DR,,MOORPARK,CA,91741-4010
9907005084,MARY,MORROW,55515 COUNTRY EDGE DR,,PLANO,TX,73042-0143
78004297,DEBRA,RILEY,5536 MEADOW BRIDGE LN,,MARSHALL,MO,01118-1518
58011746,DEBBIE,HENRICHSON,1689 RIB MOUNTAIN WAY,,CLOVER,SC,80016-2496
60012978,JUDY,BRYANT,7 E MAJESTIC WOODS PL,,GLASTONBURY,CT,34108-2652
71008607,SUSAN,MARTIN,5338 BINZ ENGLEMAN RD,,BENICIA,CA,92883-5928
75000912,JOAN,SZEKELY,9395 S SAN ESTEBAN DR,,FARMINGTON,AR,33920-4639
9923007728,LIZ,CARMICHAEL,5753 SAVOY PL APT 558,,SAN ANTONIO,TX,80906-4509
9917125570,CAROLYN,WHITE,1558 CORY CROSSING LN,,SAN ANTONIO,TX,77396-4232
9917138396,MARIA,AZAR,8157 11ND STREET CT W,,GAINESVILLE,FL,50320-2002
44009800,LISA,ADAME,16111 STATE ROUTE 186,,CAPE GIRARDEAU,MO,34952-8050
47017978,RHONDA,RZEMIEN,785 CASTLE PINES DR N,,COXS CREEK,KY,78006-4233
39039186,RIA,ROECKER,786 TERRACE RIDGE CIR,,STUART,FL,75010-4101
77002492,ELIZABETH,BURKART,7185 S WASHINGTON WAY,,PARSIPPANY,NJ,78050-0095
9923008106,HEATHER,MYATT,151 FOSSIL HILLS LOOP,,EL PASO,TX,44853-9763
65023041,SANDRA,PASLEY,18 W CANAL ST APT 553,,LIVONIA,MI,76132-1152
116001361,BECKY,ONEILL,9857 E PINE VALLEY DR,,HOWE,OK,75034-8587
26023802,CHERYL,FEIST,53561 SPUR BRANCH CIR,,MESA,AZ,75751-2937
60013141,JANET,SIEGEL,5353 SW 89TH ST STE B,,ORLANDO,FL,43147-8665
40049219,LAURIE,JONTE,3873 BEECH TREE DR SE,,CLIVE,IA,76108-3889
26024858,KATHERINE,THOMAS,53317 RIVER FOREST DR,CHANDLER ,CHANDLER,AZ,91361-4513
71006078,KATHLEEN,DOWNING,53655 OLD CHATWOOD PL,,OXNARD,CA,80107-8568
19023457,KELLY,BLAIR,95 S DOWNY WILLOW CIR,,INVERNESS,IL,50325-7020
118004386,ROBERT,RABE,3556 BELLAIRE PARK CT,,HUMBLE,TX,06074-2079
18019166,VICKI,PEREZ,3353 S LAFONTAINE AVE,,INDIANAPOLIS,IN,07405-2503
114002355,TERI,BROCK,6 WENBELLE DR APT 583,,DALLAS,TX,90602-2650
50017481,KATHY,CORNETTE,1851 W NATHAN LOWE RD,,BRANCHBURG,NJ,37027-4443
9907005718,ELIZABETH,SAWYER,7786 PONTIAC TRAIL RD,,FRISCO,TX,75494-2025
30010593,SALLY,ROBBINS,558 SANDSTONE BEND LN,,PUYALLUP,WA,77375-3283
9915068121,MICHELE,SAKAL,3866 GREENSWARD VW NW,,LADONIA,TX,75248-2953
47019666,JEAN,STEPHENSON,51835 VISTA RANCH WAY,,LOUISVILLE,KY,91601-2636
9945051511,CHERYL,PETERS,651 PARK HIGHLANDS DR,,RICHARDSON,TX,75056-1143
9934022699,DONALD,HAUBER,55585 DOVES MEADOW DR,,FISHERVILLE,KY,91360-3646
9027262,ALLYSON,ALESIANI,5681 E BRISTLECONE DR,,PHOENIX,AZ,75080-1507
39038877,MARTHA,ANDREWS,318 E BJ TUNNELL BLVD,,GREENSBORO,NC,43230-8300
9908009158,CATHIE,STUTSMAN,58339 BROOKHOLLOW CIR,,LOUISVILLE,CO,48301-3644
64008533,PATRICIA,SEARS,58585 VALLEY FORGE DR,,FRAMINGHAM,MA,80401-2137
18020455,ABBY,WALKER,3131 E TREKKER RIM DR,,LOWELL,MI,75206-5307
9921006268,KATHY,PRADO,8187 SHOOTING STAR LN,,BRECKENRIDGE,CO,63043-2870
9920000436,LAURIE,KESSLER,3658 KATIES CREEK AVE,,LLANO,TX,80920-1424
40045146,MELINDA,ANTOINE,53583 QUIET STREAM CT,,MELBOURNE,FL,32114-3913
18017188,DONNA,SOTO,1573 FAIRWAY ACRES DR,,SHELBYVILLE,IN,92037-4615
115007944,BETTY,MATLOCK,55386 WHISPER GLEN ST,,CLEBURNE,TX,79701-3211
65024230,STACY,ADAMS,3581 SOMERSET BLVD SE,,SAINT CLAIR SHORES,MI,65721-5994
9935007245,MICHELLE,LYBRAND,35 BROOKWOOD DR APT A,,EULESS,TX,06029-2914
9917137366,CAROL,HABIG,553 NW WINTERCREST RD,,SAN ANTONIO,TX,91765-3618
9935022126,MARILYN,GRANT,58655 SUNSET POINT LN,,SOUTHLAKE,TX,77580-1283
106007106,LEA ANN,CARROLL,351 NE 3RD ST APT 381,,FRISCO,TX,73107-2520
9932039297,ELIZABETH,TELFORD,1888 NW COURTYARD CIR,,BATESVILLE,MS,75143-8440
107000184,SUSIE,GINGER,3583 QUEENSBURY WAY E,,BROOMFIELD,CO,43004-0020
9914017618,KIM,VANHAAFTEN,1813 LEONARD CREEK LN,,HOUSTON,TX,75089-7161
77002960,JOHN,BRNOVICH,75 CIMARRON VALLEY DR,,PARAMUS,NJ,66223-2231
44011184,JOE,TODD,17688 EAGLES CREST DR,,BRADENTON,FL,77219-1654
60013548,SONDRA,SAVOIE,3558 HARBOR ISLAND DR,,EAST LONGMEADOW,MA,77429-8145
7014248,SHEILA,CAMEROTA,9315 E WALNUT TREE DR,,LAGUNA WOODS,CA,94550-9312
59009031,DEE DEE,CARSON,5665 N DESERT VIEW DR,,FONTANA,CA,98006-4617
1024109,SALLY,ALTERI,7553 BIG BEAR LAKE DR,,LOS ANGELES,CA,37027-2812
9943052041,GEORGIA,SMITH,8853 PRIEST MEADOW CT,,SPRING,TX,75071-3146
110005333,DIANNE,SCHWARTZ,58 S DOWNY WILLOW CIR,,WILLOW PARK,TX,78240-3047
39035726,SHELLI,SCHMIDT,5583 CHIMNEY WORKS DR,,JUPITER,FL,88345-5548
121000491,ELEANOR,MUSCATELLO,1735 SHADOW CANYON RD,,LAKEWOOD,CO,75159-6266
9908010274,MARY LOU,WOLFARD,55357 GREAT MEADOW DR,,THORNTON,CO,78163-2457
52021504,BRANDI,HEMMING,51338 WESTHAMPTON CIR,,LIVERPOOL,NY,91602-1511
77002422,STEPHANIE,CURRY,58817 ROCKY HOLLOW RD,,PARAMUS,NJ,30024-3413
9937015757,AMANDA,PERETT,588 DOUGLAS EDWARD DR,,HUGO,OK,40291-3998
4012197,DEBORAH,CLARK,5853 W CASTLEWOOD AVE,,TUCSON,AZ,92821-6525
18019308,MARY,SHORE,3563 ALASKIAN SUNRISE,,DALEVILLE,IN,43551-3463
9942052617,GRACE,CHAMBERLAIN,5558 ASTOR LN APT 555,,PASADENA,TX,46033-8654
54017909,VI,GAMMONS,3568 QUARRY POINT CIR,,CLIVE,IA,78132-4272
111003194,MARIA,HART,38179 MORRIS CREEK RD,,MAGNOLIA,TX,06469-1159
65021440,KENDA,ONKEN,635 IVYWOOD LN UNIT E,,ROCHESTER,NY,22030-1851
104003620,JANIS,STANLEY,19 COUNTRY LIFE ACRES,,FORT WORTH,TX,35759-2528
18022563,PATRICIA,LYND,6715 CRESTA BONITA DR,,FRANKFORT,IN,76639-3194
64011435,MICHELLE,SCHLUTERMAN,55553 SPRING HEATH CT,,METHUEN,MA,80624-9109
33019336,DONNA,WILLIAMS,18569 SHELTER COVE DR,,DULUTH,GA,01890-3444
110004771,TRISH,CARRILLO,9655 CEDAR RIDGE DR E,,FORT WORTH,TX,06019-3001
63009773,VIRGINIA,COLWELL,358 PHEASANT HILL CIR,,JACKSONVILLE,FL,76234-5125
6042025,BARB,HARRELL,5138 CACTUS FLOWER DR,,OMAHA,NE,77382-5363
20015640,KATHY,SARZUELA,5538 FOUNTAIN VIEW DR,,OKLAHOMA CITY,OK,80403-2348
9937029877,HARRIET,SURGENT,73 W CHIPPENS HILL RD,,ANKENY,IA,77302-4723
9936020943,TRACY,WINANS,5836 SAN FELICIANO DR,,KATY,TX,77450-7550
9943054849,CLARISSA,GARCIA,5338 FIRENZE DR APT C,,SPRING,TX,75052-3403
124003400,JANA,RADCLIFF,5351 SHALLOW LAKE CIR,,RICHARDSON,TX,78258-4119
71006464,SARA,GREEN,31 W MIRROR RIDGE CIR,,CAMARILLO,CA,06084-2124
115007402,BARBARA,WILLIAMSON,9913 LAUREL CHERRY DR,,YUKON,OK,78240-3324
9938023161,SANDY,CAMARA,6585 BENTLEY RIDGE DR,,LONGMONT,CO,91301-6431
44011502,DEBORAH,MCCOMAS,7611 ARROYO VISTA AVE,,SPRINGFIELD,IL,22015-4239
116000809,BECKY,BLAIR,58533 MORGAN RIDGE DR,,SAN ANTONIO,TX,48381-5104
116003462,STEPH,V,5868 WESTCHESTER DR E,,SAN ANTONIO,TX,33417-5713
71007005,LAURA,BECKER,56755 APRIL FALLS TRL,,THOUSAND OAKS,CA,76050-3867
9942045638,LAURA,DAY,1568 MOUNT VERNON AVE,,MONT BELVIEU,TX,77354-4632
125000638,KATE,LARKINS,8885 LEMENS SPICE TRL,,CLARKSTON,MI,75035-2902
40038398,SHARI,LOPEZ,7555 SONOMA VALLEY DR,,CROSSVILLE,TN,92690-4188
39030088,JILL,ROBERTS,5 HORIZON RD APT 1189,,PALM BEACH GARDENS,FL,32259-1938
78003840,REBECCA,JOHNSON,13553 W LAKE SHORE DR,,CONWAY,AR,46147-0274
66002052,DIANNE,ALLRED,581 FOREST SPRINGS DR,,ORANGE,CA,10994-1955
9938023717,LINDA,REED,1531 CAMINO DEL PLATA,,PARKER,CO,80226-1206
56008452,TRACEY,GOLDSTEIN,6886 PLEASANT OAKS PL,,BURKE,VA,30022-6201
12014234,CRYSTAL,HODGE,5613 CROOKED CREEK DR,,BELLEVUE,WA,10562-2096
112000827,REBECCA,CORY,377 PEACH ORCHARD CIR,,SPRING,TX,75022-7814
106011422,LINDA,PODORSKI,591 TOWNSHIP ROAD 339,,PLANO,TX,32407-2529
106009283,DEBORAH,DONAHUE,5713 JEFFERSON AVE NE,,BUDA,TX,73401-6932
9940143491,CAROLINE,AMMONS,153 SAINT FRANCIS AVE,,DICKINSON,TX,75232-1309
9936025991,JENNIFER,MCCAIG,5658 CALMING WATER DR,,COPPELL,TX,40601-3706
18017033,SHERRI,PHAM,3885 S SADDLEBROOK LN,,ADVANCE,NC,78258-1944
15082006,ALLISON,JAVID,3555 EMERALD GROVE DR,,PALMDALE,CA,75156-9150
66004271,LINDA,MCLAREN,53733 BARTON GROVE LN,,SANTA ANA,CA,96813-5075
9934035045,LORI,PYSHER,8586 HEATHER RUN DR N,,NORTH EASTON,MA,63304-6974
6046623,STACEY,CEGLA,5585 WINDY MEADOWS DR,,TRABUCO CANYON,CA,77573-2478
6044443,VICTOR,DRISKILL,1358 WOODSFIELD LN NE,,HARLAN,IN,75205-1248
17071160,SHARON,EDWARDS,569 HIGHLAND HILLS DR,,THOUSAND OAKS,CA,48178-8829
107004489,SONJA,CODDING,397 GROSSE POINTE CIR,,LONGMONT,CO,75076-1633
9917125548,CARRIE,ARCHIBALD,3337 SW 73TH ST APT G,,GOLDSBORO,NC,77389-3257
53010378,RENEE,ELETTO,3187 QUEENSBURY WAY W,,PORTLAND,OR,02780-4364
19025809,CONNIE,NEDDEAU,9655 COUNTY ROAD 53 N,,ITASCA,IL,97068-3214
39031987,PATTYE,COPPOLO,5313 TWISTING STAR DR,,LOXAHATCHEE,FL,60015-2028
9902009967,CASEY,LOCKHART,13359 WILLOW CREEK DR,,FRANKLIN,TN,80214-2351
47015462,ANN,COOKE,8139 SAN FERNANDO WAY,,LOUISVILLE,KY,37220-1704
31016928,SALLY,LAGOMARSINO,58378 LAZY SUMMER WAY,,CARY,NC,77379-2927
55012224,GINA,FIELD,5639 SE 3TH ST APT 5A,,SUN CITY CENTER,FL,75069-1534
9943058883,MARGARET,GOLDMAN,5898 CRYSTAL FALLS DR,,SPRING,TX,76063-4635
122002302,REBECCA,BECKER,55358 BROMLEY BEND DR,,SAN ANTONIO,TX,30022-5548
62019067,TRACY,BULLER,6515 FERN AVE UNIT 97,,ELKO,NV,77388-3085
63008695,VALERIE,SPEZZA,368 E HAPPY CANYON RD,,ORANGE PARK,FL,32256-2860
9923010575,BOBBIE,THOMAS,3366 COUNTY ROAD 3589,,SAN ANTONIO,TX,01867-1310
103004197,MELISSA,MACFADYEN,1738 LAUREL VALLEY LN,,PARKER,CO,76054-1914
77005414,DOTTI,SMITH,51995 W 63TH DR APT B,,FORT LEE,NJ,37143-2001
71004111,MELISSA,HARTMANN,1353 8TH STREET CT SW,,SIMI VALLEY,CA,75075-6420
71004748,JENNIFER,SCOTTO,5813 SIENA OAKS CIR W,,SIMI VALLEY,CA,92672-5481
18022750,ALEXIS,GRAHAM,3653 BARNES SCHOOL RD,,GREENWOOD,IN,78223-3886
65025927,TAMMY,MASSEY,3556 LANTERN LIGHT DR,,LIVONIA,MI,23451-6392
9942050094,CHERIE,ORBAN,788 S PECAN CREEK TRL,,BEACH CITY,TX,78258-7890
31016201,JENNIE,BOONE,58635 US HIGHWAY 58 E,,NEW YORK,NY,75035-5854
40041066,TARA,ERWIN,3333 Eagle Creek Pkwy,,ORWIGSBURG,PA,06787-1084
116002626,KIM,ROSACKER,8333 E CHARTER OAK DR,,SAN ANTONIO,TX,66223-1328
9944006775,SIMONE,TEAGUE,6783 RHODE ISLAND TRL,,LEAGUE CITY,TX,77401-5003
114007814,LORIE,RAINWATER,553 NW 6TH ST STE 186,,POMONA,CA,06089-9771
31018442,LISA,KLEINECKE,3388 THOROUGHBRED RUN,,STEDMAN,NC,80905-7839
120002985,KATHLEEN,NEUFELD,6585 BALDWIN ACRES CT,,EAGLE RIVER,AK,90266-4138
9917120832,MARY,HENRY,9376 US HIGHWAY 175 S,,NEW BRAUNFELS,TX,01073-9473
9933012534,ANGEL,SHREVE,19838 LAKE HOUSTON LN,,SPRING,TX,80237-3462
9921009358,BRENDA,BOYD,5388 FLOYD HAMPTON RD,,PHOENIX,AZ,37205-3204
9945051652,BETTY,TIDD,5755 COCHRAN ST APT H,,WESTMINSTER,CO,78624-7572
47020076,MELISSA,BAKER,5118 N INSPIRATION RD,,TRUMBULL,CT,77373-6976
9917129500,DEBBY,FERRARI,8313 S US HIGHWAY 187,,OXFORD,MS,77566-5670
72006333,EUGENE,SNYDER,3316 SARATOGA HILL RD,,LOS ANGELES,CA,93065-1425
9912005853,SARAH,STEWART,513 TULIP POPLAR CRST,,WEBSTER,TX,92880-3454
109002691,KIMBERLY,STIPE,6359 LAUREL VALLEY RD,,LULING,LA,75204-1587
60012754,BETTY,VAUGHAN,589 ALCALDE MORENO ST,,HEBRON,CT,33408-2733
9941016852,ANITA,ROBERTSON,8573 CANDLEFLOWER CIR,,WEATHERFORD,TX,73170-2429
111003040,SANDRA,FERRELL,5386 OAKDALE CREEK CT,,LEAGUE CITY,TX,80023-3972
114000043,GLORIA,HELM,3658 SLIPPERY ROCK DR,,HOUSTON,TX,98626-9503
4015062,APRIL,SCILLIAN,58786 E CRESTLINE CIR,,PHOENIX,AZ,43615-6752
33016956,RENEE,ARIAS,55587 ARROYO CREEK LN,,ALPHARETTA,GA,77389-3067
124003015,NORMA,MOON,888 S BLACK CHERRY DR,,GARLAND,TX,43065-8135
9943048122,JEANETTE,MORRISEY,785 FOUNTAINWOOD BLVD,,FORT WORTH,TX,77339-1665
9914014586,MILDERD,PROFFITT,1159 GRAND AVE UNIT 6,,IRVING,TX,91362-1185
9916114488,JULIE,KNOTT,51881 W KATHARINE WAY,,EDMOND,OK,80210-2340
9921006992,GEORJANN,HANRAHAN,315 SYLVAN AVE SPC 53,,MONUMENT,CO,92618-3996
3025001,AMY,BAKER,13395 NUGGET FALLS LN,,YORBA LINDA,CA,78253-6809
77001959,BETTY,TAYLOR,55115 BROOKHOLLOW TRL,,FAIR LAWN,NJ,75013-8577
9914014390,LIZETTE,CORNELIUS,1337 CRIPPLE CREEK DR,,HOUSTON,TX,78249-4817
9904040946,ANGIE,PETRUNTI,58885 SHADOW BROOK LN,,LITTLETON,CO,22901-5018
24106627,DEBBIE,LEFKOWSKI,55786 FOREST GROVE ST,,MANHATTAN BEACH,CA,07675-7413
120005621,CHARITY,BURCK,1851 W GREEN ACRES RD,,PLATTEVILLE,CO,48382-1588
25022088,SUSAN,JOHNSON,6585 EMMETT GUARDS CT,,LAKE WORTH,FL,02460-1811
9941010545,JENNIFER,JACKSON,15958 COLTER STONE DR,,KENNEDALE,TX,76034-6252
79000829,MELISSA,DEVEAU,5388 S HAMPSHIRE BLVD,,COLUMBIA,SC,72223-9142
44012081,BECKY,HOPKINS,5311 LAKE VICTORIA DR,,SAINT LOUIS,MO,32256-1438
71008015,COURTNEY,HAMILTON,16581 CARRINGTON BLVD,,MOORPARK,CA,10019-2401
17070181,SHANNON,PULLEN,51887 DEVLIN DOWNS LN,,MOORPARK,CA,92656-2832
9905021084,JENNIFER,BREWSTER,3353 E BLUE RIDGE WAY,,GRAPEVINE,TX,32818-8219
66002965,PEGGY,NEWITT,5795 COUNTY ROAD 3698,,IRVINE,CA,73045-8862
9917128203,CHERYL,FERNANDES,31898 N CAT HILLS AVE,,SAN ANTONIO,TX,60194-2624
71003053,MARY,MARTINEZ,8618 FAIRWAY GREEN DR,,SIMI VALLEY,CA,78240-3704
9907013690,CHER,YARNELL,53 LIBERTY SQ APT 571,,LEVELLAND,TX,06095-3421
9909171584,DENISE,VANORDEN,3836 E THUNDERBIRD DR,,VAN BUREN,AR,48331-4619
30009595,HEIDI,OWENS,53517 W PALO VERDE DR,,SEATTLE,WA,92648-3774
18022910,JACQUELINE,DAUGHERTY,8355 N 518TH EAST AVE,,ZIONSVILLE,IN,90045-1157
9936028115,GINA,KOHNERT,55367 CARMEL CREEK RD,,CROWLEY,TX,75034-6601
61008532,CHRISTINE,SALINAS,557 N JIM THORPE BLVD,,Longmeadow,MA,32746-7001
9022784,KATHY,DEATS,6986 REDWOOD FALLS DR,,PHOENIX,AZ,76052-0272
124004601,SARA,HIGHTCHEW,3783 MEADOW SPRING DR,,ROWLETT,TX,92109-3726
21021363,PATTY,WOODS,55883 GRANDE MESA TER,,PHOENIX,AZ,94087-1542
60012671,CINDY,GOAD,7581 W STATE ROAD 151,,EAST HARTFORD,CT,91505-3123
9912055218,JUDY,MCMAHON,8317 TERRACE BROOK DR,,LEAGUE CITY,TX,80023-8077
31017895,JUDY,BRICE,6551 UNION VILLAGE CT,,BENTONVILLE,AR,77381-6635
9932032849,LONI,BURNETT,1888 COUNTY ROAD 3556,,NASHVILLE,TN,75965-2161
54015704,SETA,ROSE,7585 W 66TH AVE STE C,,WEST DES MOINES,IA,92589-3531
33016323,MELISSA,MCCOMAS,3883 BEACON POINTE LN,,ALPHARETTA,GA,85755-8960
9917134219,TANYA,KOLLER,3553 SAINT ANDREWS DR,,TUCKER,GA,91016-4949
9907013470,ANDREA,ATKINSON,3556 H C MEACHAM BLVD,,ATLANTA,GA,75043-1006
60012998,MARY,BENNETT,53361 SAINT HEDWIG RD,,EAST HARTFORD,CT,40026-9527
9901041741,ANN,DEAN,3161 WINTERGREEN DR E,,FRISCO,TX,80132-6094
111003667,JULIE,CARMODY,5881 QUAIL GARDENS CT,,ALVIN,TX,01801-1808
9916111800,CATHY,KERRIGAN,19315 S PLUM CREEK DR,,HOPKINS,MN,77331-0730
9936027055,JENNIFER,PUGH,383 TAYLOR ELAINE DR,,ARLINGTON,TX,26508-5622
9923001033,LINDA,WELP,853 GRANT ST APT 388,,MISSION,TX,80923-5420
9923005570,JUDI,FLYNN,5553 SW FALMOUTH AVE,,LANTANA,TX,77082-4918
106003049,BETH,DEYLING,55659 SHADY CREEK DR,,MCKINNEY,TX,80920-5505
107003301,AMY,GUTHNER,9555 POINT BARROW RD,,DENVER,CO,77904-3307
115005774,DEBORAH,WOOD,3156 ETHEL AVE APT 3,,OKLAHOMA CITY,OK,92673-6864
45011829,MARY,GREEN,31378 TIMBERRIDGE CT,,SAN JOSE,CA,52501-8392
25024920,DEBBIE,LARO,55358 W PATTERSON PL,,BOYNTON BEACH,FL,75167-7898
9917113067,PATRICIA,GRIFFIN,6588 N WAPAKONETA RD,,SAN ANTONIO,TX,98092-2214
45012854,DEBBIE,ANDERSON,5585 STEELE RIDGE RD,,WAYCROSS,GA,32250-1811
9943050283,CAROLYN,RODRIQUEZ,53955 TROPICAL STORM,,MAGNOLIA,TX,80921-2828
26023525,JOANN,BOSWELL,13 WOODBINE RD APT 5,,DOVER,MA,06117-1307
113001829,RENEE,HILDEBRAND,3968 BELL RD APT 188,,HOUSTON,TX,06107-3760
9908004388,MELISSA,DUMOND,5859 BURNING TREE DR,,BROOMFIELD,CO,76092-0104
9942050881,KATHY,BRUNS,6789 HEAVENS GATE DR,,SPRING,TX,48114-8001
65026094,MARY,PICCOLO,7536 COUNTY ROAD 571,,COMMERCE TOWNSHIP,MI,77019-6117
9914017505,CAROLYN,FIORELLI,38753 NORTHFIELD AVE,,HUMBLE,TX,77339-2625
71008521,SUSAN,ANDREWS,113 WOODS BROOKE CIR,,SIMI VALLEY,CA,28211-3207
9020863,DAWN,FORD,575 COUNTY ROAD 3155,,SCOTTSDALE,AZ,76065-0312
60012248,DENISE,MARKEL,55659 RIVERCHASE RUN,,SOUTH WINDSOR,CT,77386-1835
39040501,SHARI,MANN,7638 INDEPENDENCE CT,,N PALM BEACH,FL,48124-2585
106008152,KIM,HUGHES,57 SCATTERED OAKS DR,,KRUM,TX,80113-6030
3023388,CLAUDIA,HUFFMAN,51785 N BANDANNA WAY,,DIAMOND BAR,CA,76258-6919
25024086,ROSE,SCHEER,3556 THROCKMORTON ST,,WEST PALM BEACH,FL,76258-4037
9936027368,SAMANTHA,ARGUINDEGUI,353 COUNTY ROAD 1559,,ARLINGTON,TX,76063-5461
18020595,MARY JANE,WOLF,6385 S NEWCASTLE WAY,,EBENSBURG,PA,76034-8205
66004756,BARBARA,VALENTINE,1358 TIMBER CREEK CT,,IRVINE,CA,91701-8469
22019796,NANCY,BEEN,36755 GREENSPRING ST,,SPRINGFIELD,OH,78209-4161
114005814,JOYCE,PINSON,5539 COUNTRY OAKS DR,,LTL RVR ACAD,TX,75167-8362
9905023351,LISA,BUHLIG,55853 COTTON TAIL LN,,AMARILLO,TX,46030-9514
115000576,DONNA,KNOTT,59377 E BRUNSWICK DR,,EDMOND,OK,76262-5106
9917137261,SHANNON,BASSETT,38835 TRAIL CREEK DR,,PROVIDENCE,RI,77389-2116
110006499,BARBARA,KEANE,8833 E VIA DEL VALLE,,WEATHERFORD,TX,21014-7454
9917131496,JILL,WATSON,3185 UPPER SPRING CT,,SAN ANTONIO,TX,92656-4244
18022327,LAURA,FEIGLESON,5851 RANCH ROAD 1313,,RANCHO CUCAMONGA,CA,43147-8450
58008620,ANITA,NADLER,6136 WINDING LAKE DR,,PERRYSBURG,OH,75077-8212
106010742,STACI,GREER,3355 AVENIDA ANACAPA,,ALLEN,TX,80439-5541
9933013355,ALISON,SMITH,3199 W CALVA DRAW PL,,WILLIS,TX,20110-2753
14016797,SHELLY,PURCELL,96 OLD POWERHOUSE RD,,FRESNO,CA,32824-5969
45011686,KATIE,LEE,5 PHEASANT HOLLOW RD,,SAN JOSE,CA,07405-2570
23046177,SANDY,SAFIR,59885 E PRINCETON PL,,WESLEY CHAPEL,FL,76033-5906
18021917,STACIE,RITCH,155 BATTERSEA POINTE,,WESTFIELD,IN,61063-9769
18017381,GAYLE,SHELTON,3958 S ROCKY PEAK CT,,MT PLEASANT,SC,32162-2812
54014191,PAM,BERGSTROM,339 CHESHIRE FARM CT,,DENISON,IA,28805-1171
66004698,ELAINE,WHITE,3659 JEFFERSONTON RD,,FLOWER MOUND,TX,92604-3069
9937031200,NEIL,KERWIN,5881 S WOODCREEK CIR,,DALLAS,TX,80126-7415
9941016598,BRENDA,COLEMAN,5583 WATERS EDGE TRL,,BURLESON,TX,80241-2851
38036781,BRANDI,LINDSAY,3365 NE MULTNOMAH ST,,DEARBORN,MI,78213-4447
5020840,BRANDY,DRISCOLL,5755 COUNTY ROAD 385,,AUBURN,CA,32578-4328
3026911,JACKIE,STOVALL,1688 INVERNESS RD SE,,ANAHEIM,CA,33463-7391
9916128372,LISA,BUPANE,6613 GREEN MEADOW LN,,NEWALLA,OK,33029-1635
119002372,SHERRY,MCREYNOLDS,5886 STATE ROUTE 558,,THE VILLAGES,FL,33470-5631
9911004704,JOANNE,CHAIKEN,1855 COBBLE GROVE DR,,ABILENE,TX,72753-2529
60010228,DONNA,FAIRCLOTH,5115 COUNTY ROAD 5 1,,DERRY,NH,73099-8180
9934021078,SHERRY,WATERS,55319 SWALLOWTAIL RD,,LITTLETON,CO,77320-0271
110003144,RENI,HYDE,385 SPRING VALLEY LN,,GRANBURY,TX,46743-9754
40050314,ANQUINETTE,DELMENDO,5385 SHELTER ROCK RD,,GREENVILLE,SC,33418-8058
9932035021,ELIA,ZUPAN,3383 COUNTRY CLUB DR,,MIDDLEBURG,FL,80924-8132
40050603,CAROL,ALDOSSARI,998 COUNTY ROAD 3375,,LAKE MARY,FL,77059-3741
113002118,INGRID,YBARRA,38 N COPPERKNOLL CIR,,GEORGETOWN,TX,75025-4135
40045842,JODI,THIBODEAUX,369 COUNTY ROAD 3368,,EAST MONTPELIER,VT,02760-2452
9914014173,ANGELA,SILKEY,6913 HILL STREAM WAY,,HOUSTON,TX,46250-4249
9933019315,MARLEA,LOPEZ,8389 HIGH MEADOW TRL,,SPRING,TX,01106-1267
9902015062,MARY,DECKARD,3381 RUNNING DEER DR,,MURFREESBORO,TN,08318-2001
9903004920,DARLENE,BARTLO,58 MIDDLE BEACH RD W,,SPRING,TX,43560-3761
9936027347,WENDY,DHANAK,58638 LARCH GROVE CT,,ARTESIA,NM,76092-6927
25024129,RYAN,COLE,5389 RANCHO VISTA DR,,GREENACRES,FL,20124-2360
122001280,TRUETTA TONY,WILSON,51658 W ATLANTIC AVE,,SAN ANTONIO,TX,75089-5214
999001266,CYNTHIA,FISHER,3335 BLAKLEY LOOP NE,,PASCO,WA,77521-9158
23036690,KATHLEEN,HAYTER,1355 E HIDDENVIEW DR,,WOODRIDGE,IL,78118-4113
9906038788,SUSAN,WAGNER-RENNER,3555 HEATHERBROOK DR,,GRAND PRAIRIE,TX,78154-2601
124000814,SHERYL,MCDONALD,1685 TALL MEADOWS DR,,ROCKWALL,TX,78249-4294
51011880,HELEN,MCCASLIN,3878 BLAZING STAR DR,,BROOKFIELD,WI,75075-3427
9917130040,CINDY,SATTERWHITE,558 E FAIRBRANCH CIR,,NEW BRAUNFELS,TX,33406-5231
40041611,PAT,SINCLAIR,7555 E GOLD DUST AVE,,OCOEE,FL,77018-4626
9942050224,DIANE,BROUSSARD,15388 E DRY CREEK DR,,PEARLAND,TX,76092-5712
61008136,MARY,BAKER,56658 BLACKHAWK BLVD,,W SPRINGFIELD,MA,62650-1869
28011710,KIM,MARKES,55856 TURTLE POND CT,,ENCINITAS,CA,43528-8892
25027389,NORMA,BANDY,59 HICKORY HILLS CIR,,LAKE WORTH,FL,37934-2556
9933002424,DEBRA,VIRGIN,7151 RANCHO ROSA WAY,,SPRING,TX,75094-4318
40048141,YVONNE,CARNAHAN,3858 E FARM ROAD 556,,SAINT CLOUD,FL,76226-2305
9917108491,KAREN,ROSENBAUM,1686 KENWOOD PARK LN,,FRISCO,TX,72762-7956
9941011604,SHERI,STONE,55183 LEANING ELM RD,,SPRINGTOWN,TX,80020-2488
9923002916,ERICA,BRIGGS,8518 OLD EXCHANGE DR,,SAN ANTONIO,TX,75231-6888
9935008454,KIM,FLOCKHART,355 WOODED CREEK AVE,,ALPHARETTA,GA,06118-1721
42017155,STEPHANIE,ANDREWS,1378 S BALTIMORE AVE,,REYNOLDSBURG,OH,76123-2906
125000493,TAYLOR,BEISCH,53739 DENSMORE AVE N,,COLLEYVILLE,TX,34746-6364
122003377,BREANNA,PIZZI,11885 COLD SPRING DR,,BOERNE,TX,91921-1524
9921000930,LOIS,GERAU,5915 STRATHMOOR BLVD,,ENID,OK,80222-6222
9908010258,CHRISTINE,SMITH,158 S LYON AVE STE E,,LONGMONT,CO,75019-2042
9935022370,DEBBY,DIETEL,59855 VOLLEY VALE CT,,PLANO,TX,60178-1926
9930023888,JULIE,LYNCH,6957 VISTA WILLOW DR,,EDMOND,OK,37069-4359
101002168,KERRY,PETERSON,355 LAKE CARNEGIE CT,,SMYRNA,TN,32092-3636
9923009561,NANCY,ELLZEY,56178 E BELLEVIEW PL,,SAN ANTONIO,TX,75098-1821
24091106,FRANCIS,SMITH,1373 INDIAN TREE CIR,,LOS ANGELES,CA,90712-1856
25028432,JOYCE,DICENSO,556 SAINT ANDREWS DR,,WELLINGTON,FL,75020-4050
61009974,CAROL,CSISZAR,158 BRISTOL BEND CIR,,BLOOMFIELD,CT,20111-1748
65022521,LORI,ARCHER,55611 WHISPER DEW ST,,CANTON,MI,32224-7590
52018272,DAWN,MORGAN,58 TAINE MOUNTAIN RD,,HERNDON,VA,76017-0500
12016322,DIANNA,JAMES,3135 POPLAR BROOK DR,,SNOHOMISH,WA,30220-1765
106009456,JANE,ORTEGA,8755 158TH ST APT 5L,,FLOWER MOUND,TX,34639-4727
9905014737,CHRISTOPHER,LOZANO,55898 COBBLESTONE DR,,MIDLOTHIAN,TX,47906-8609
72003368,SUSAN,THOMAS,7983 FOREST POINT CT,,LOS ANGELES,CA,75002-5286
9907014634,PATRICIA,FITZGERALD,1359 WESTMINSTER AVE,,PLANO,TX,76092-9405
122001987,KATRINA,MOENNING,5585 JESSIE JAMES DR,,BOERNE,TX,80108-3054
54018154,KIM,DENDINGER,1683 OLD HICKORY TRL,,URBANDALE,IA,85331-8233
54014832,JORGEN,RAYMOND,1577 TRAILBLAZER WAY,,WEST DES MOINES,IA,75167-7603
9916124250,CANDICE,SKAGGS,985 BALLARD ST APT K,,DOVER,DE,92627-1756
9903001883,KELLI,HARDY,185 WESTERN HILLS RD,,WOODLAND HILLS,CA,47586-2566
121003564,ALICIA,MESSLER,3858 WRENS NEST BLVD,,EVERGREEN,CO,80933-7225
21235114901,KRISTIN,PETERS,1598 STEVENS TERRACE,,RAMOSMOUTH,IL,83908
70001805,LISA,WOLPERT,15885 WOODSPRING AVE,,BEAVERTON,OR,76109-5512
9903031935,TERESA,DIGGS,711 W NYACK RD APT 7,,SPRING,TX,91355-3313
9937036321,JANET,ELLIS,3855 WILLOW CREEK DR,,CROSSROADS,TX,75414-4600
61008308,LOIS,CONARD,13357 SONGSPARROW LN,,EAST WINDSOR,CT,32817-1251
9939160309,TIM,NUSZ,58156 ASTER RIDGE DR,,CHICKASHA,OK,85259-7002
39037245,JANE,LEWIS,5778 BLAZING STAR RD,,PALM CITY,FL,80125-9231
63009518,JOANNA,HALL,11856 CANYON VIEW DR,,JACKSONVILLE BEACH,FL,06002-4107
9936017060,SABRINA,OLSEN,555 RUSSELL RANCH RD,,ARLINGTON,TX,06074-4270
123002376,VALERIE,WATSON,15955 LOST CREEK WAY,,KINGSVILLE,TX,75013-0033
61007379,CAROLYN,ROBERSON,3381 E NIGHTHAWK WAY,,SIMSBURY,CT,76092-3117
58009346,TERESA,MUNOZ,55769 GLEN WILLOW LN,,PERRYSBURG,OH,80916-2022
63008352,DIANE,CONANT,3187 AL HIGHWAY 79 S,,JACKSONVILLE,FL,77571-4131
10021818,MARY,STINNETT,558 CLARENCE NASH RD,,TUCSON,AZ,23454-1256
18018732,MARTHA,EPPERSON,56 FRANKLIN ST APT A,,FISHERS,IN,77379-6483
9917108537,SHIRLEY,GARCIA,5818 PALMA SOLA BLVD,,SHAVANO PARK,TX,78154-1308
107004872,BONNIE,KELLY,3898 S SALT CEDAR PL,,ARVADA,CO,48374-3075
9907007637,BARBARA,HANNIGAN,55555 MOUNTAIN CLIMB,,FORNEY,TX,44883-3459
123001766,CORA,COFFMAN,3983 SILVER ASPEN CT,,TYLER,TX,91362-5159
9915065791,JOHN,GROFF,5588 SHADOW CREST DR,,NEENAH,WI,76063-3462
125000447,LINDA,BRITE,15518 SADDLEBACK CIR,,KELLER,TX,97233-2216
60012595,SHIRLEY,ORELLANA,17861 CALLE SAN REMO,,MERIDEN,CT,02038-2003
14017356,CHERYL,JOHNSON,55981 LAURELFIELD DR,,MURRIETA,CA,76389-8801
54017874,MARY,KELLY,1353 URBAN FOREST CT,,TRENTON,MO,07652-1943
59009891,LINDA,SMITH,1651 TORREY PINES DR,,HANFORD,CA,85281-6427
124004512,PEGGY,MCDONALD,3855 LINDA MARIE WAY,,ROWLETT,TX,76092-8440
123001364,TODD,ZAHAROPOULOS,9 POINT ALLERTON AVE,,SAN ANTONIO,TX,75225-7203
17071963,SHIRLEY,GRANATO,5311 COUNTY ROAD 356,,WESTLAKE VILLAGE,CA,75082-4209
9907014763,MARILYN,CLAUSEN,7886 Steinmeier Dr W,,DECATUR,TX,80033-3438
114005539,SILVIA,MORTMAN,5588 CASTLE PINES DR,,MIDLOTHIAN,TX,78665-7919
106011851,LORI,ZIMMERMAN,5633 KNOLL RIDGE CIR,,STILWELL,KS,62712-5815
9938002707,LARRY,GOERGEN,3355 STEARNS HILL RD,,THORNTON,CO,91356-3622
9923006629,CHERYL,HOWTON,315 GUNSTON HALL CIR,,ODESSA,TX,75035-1657
9914016313,STACY,MINER,5783 CAPELLA PARK DR,,KATY,TX,02635-2544
9916122377,TANIA,NORWOOD,55885 GLEN WILLOW LN,,ATOKA,OK,06013-1538
9937036775,PEGGY,WOOD,5115 FALCON RIDGE DR,,PLANO,TX,75025-3432
9916125146,RICHARD,WHEELER,5817 PHEASANT RUN DR,,NORMAN,OK,80127-8547
24090035,PATRICIA,RODRIGUEZ,18538 E SONOQUI BLVD,,GLENDALE,CA,89506-5595
9903003631,CHARLOTTE,COOK,613 COUNTRY CLUB CIR,,CENTERVILLE,TX,07866-2268
39041550,JANET,DRAUGHN,51731 GOLDEN LEAF DR,,ASHEVILLE,NC,79602-5206
45012729,PAT,REILLY,5951 COPPER CREEK DR,,CAYUCOS,CA,77210-4490
120003828,ELAINE,HERNANDEZ,358 COUNTY ROAD 3315,,COLORADO SPGS,CO,44406-9324
9916109074,ANGIE,BREDENBECKCORP,53315 FIELDSTONE WAY,,YUKON,OK,91106-1206
9937019320,CHRISTINE,CRAIG,5388 COLONY PARK CIR,,ALLEN,TX,33462-1211
9942047390,MARNI,TROSPER,1389 SILVER HOLLY LN,,ONALASKA,TX,75431-0374
121000092,FRANKIE,FREY,5515 VILLA JUNO DR N,,LAKEWOOD,CO,76950-2403
75000036,MARGIE,LENEVEU,5855 LAUREL OAK DR N,,SPRINGDALE,AR,73109-3807
115003892,MEGAN,MEEKINS,976 VIA VANNUCCI WAY,,NEWALLA,OK,77381-4306
113001258,LAURA,STROTHERS,5789 LYTLE SHORES DR,,FORT LAUDERDALE,FL,33157-3740
9936028615,JULIE,LOPEZ,518 GREEN BRIAR BLVD,,MANSFIELD,TX,80129-1514
44009079,CYNTHIA,WALKER,51815 KINGSBRIDGE RD,,SAINT CHARLES,MO,91752-1621
9903034799,PAMELA,GALLEGOS,5557 BEECH GROVE WAY,,LUFKIN,TX,75230-3011
18020078,KATHY,MASEFIELD,5551 RACQUET CLUB DR,,ATTICA,IN,90620-3404
62016535,LAURA,JACOBSEN,6358 SPRINGHOUSE CIR,,PARKLAND,FL,78748-6686
19029328,JAMIE,REXRODE,5158 VFW PKWY APT 51,,DAVENPORT,IA,75023-3923
44010399,JACKIE,FOSTER,53888 MEADOWBROOK DR,,BARNHART,MO,28391-8919
65025869,STEPHANIE,YOUNG,53359 LINDA VISTA DR,,NOVI,MI,20120-0087
114004367,ANN,PREITER,9875 RANGER CREEK RD,,DALLAS,TX,76116-0730
126001522,MARYANN,FURTADO,655 BENDING BOUGH DR,,CARLSBORG,WA,75901-5734
9902013050,GERRI,RATLIFF,8885 TERRA BELLA WAY,,LONGWOOD,FL,81301-4822
9933022080,CAROLYN,PHILLIPS,3163 E NARROWLEAF DR,,HUNTSVILLE,TX,75013-5479
9907009067,MICHELLE,ROHAN,151 EDGE OF WOODS RD,,SHERMAN,TX,77429-5319
54015665,CHARLOTTE,BREWER,8938 SW CHRYSLER CIR,,PANORA,IA,02067-2871
9912001279,SYLVIA,MCCABE,3353 ISLAND HILLS DR,,HOUSTON,TX,30022-2610
53013300,NOELLE,YANCE,5188 PROMISE LAND DR,,PORTLAND,OR,65714-9431
9923003620,BRETT,NASH,6638 TANNIN LN APT A,,SAN ANTONIO,TX,75181-3665
9914014351,DIANNE,HAMER,5135 VALLEY BLUFF LN,,HOUSTON,TX,06092-2623
103000236,SHELLEY,CARROLL,56368 W ELLSWORTH DR,,FRANKLIN,TN,02842-5912
3026387,MARIANNA,BAUM,1986 WATERBOROUGH CT,,YREKA,CA,75211-7711
9907018437,CAROLYN,ARIAS,18531 CEDAR RIDGE RD,,FRISCO,TX,77373-7301
9933018293,LILLI,MONAHAN,136 FOXTAIL DR APT I,,HEATH,OH,80235-2912
18020334,GAIL,DORROUGH,519 LAGOON FOREST DR,,CARMEL,IN,76051-5407
9932008262,KELLY,WHITTEMORE,1315 GARDEN CREST DR,,FORT BRANCH,IN,63125-4626
9916108589,TERESA,MCGUFFIN,5813 MAGIC VALLEY LN,,EDMOND,OK,37814-6105
9917114398,PEGGY,POWERS,5389 BEVERLY OAKS DR,,SAN ANTONIO,TX,80132-8065
9933000204,LORETTA,DICKENS,5853 NESBIT FERRY LN,,HOT SPRINGS NATIONAL PARK,AR,80027-6086
9903033375,JUDY,WONG,6398 KIEST FOREST DR,,MONTGOMERY,TX,76034-6343
61007948,JODY,CLOS,3959 SOUTHHAMPTON RD,,GRANBY,CT,60008-2016
9904044022,CHRISTINE,OCONNOR,375 DURLEY AVE STE B,,CASTLE PINES,CO,26408
9939162380,LEA,AVERY,13837 DEER VALLEY RD,,NAPLES,FL,76028-5255
59011820,BEVERLY,GALE,9689 E POINSETTIA DR,,WHITTIER,CA,85205-6943
72006254,REBECCA,RATHVON,56156 LAKE JOHNS CIR,,PLAYA VISTA,CA,32713-2349
9941011784,KEVIN,BAINTER,3558 BLUE CYPRESS DR,,FORT WORTH,TX,31210-2495
58011620,PAM,SHOEMAKER,55 LANTERN HOLLOW PL,,NORTH BALTIMORE,OH,75070-7641
9933014255,DANIELLE,SHIFF,55338 PERSIMMON BLVD,,SPRING,TX,73507-1910
19028029,SHERRY,BALAS,8761 STONEY BROOK DR,,HUNTLEY,IL,06060-0176
58008594,LISA,COLLINS,16611 MERIENDA APT 5,,MAUMEE,OH,01741-1033
21018652,CONNIE,HENDERSON,519 MAJESTIC OAKS DR,,MIAMISBURG,OH,40205-3105
61010098,JEAN,WILKINS,3383 COUNTRY VIEW DR,,WEST SIMSBURY,CT,43551-9115
111002377,AMY,SCHMITT,7359 PEREGRINE RD NE,,ALVIN,TX,47250-2417
54018280,DEBORAH,JOHNSON,6958 BATTLE CREEK RD,,SUMMERFIELD,FL,85286-2559
60012442,MARGARET,MURADIAN,553 BANDERA CREEK LN,,HIGGANUM,CT,76022-6222
15081840,CAROLYN,RINEHART,1173 WINDJAMMER LN E,,CANOGA PARK,CA,77386-2361
65021092,PATRICIA,CALDERON,58511 SPRINGROSE AVE,,HOWELL,MI,06035-1328
9933029859,PAULINE,MORENO,3886 HARVEST HILL DR,,NEW CANEY,TX,34787-5008
63011527,DARCIE,ARDIS,8685 PARK LN APT 553,,JACKSONVILLE,FL,78230-0930
116002713,SUSANNE,MOSES,55155 WILSHIRE CIR S,,UVALDE,TX,77059-6017
64011886,CARMEN,CHAPMAN,5151 E CALIFORNIA RD,,FRAMINGHAM,MA,75043-6354
24089912,CHERYL,SHEPHERD,5698 SILVER SPURS LN,,SIERRA MADRE,CA,82513-1600
3028874,PAT,NEELEY,366 SADDELL BAY LOOP,,TEMECULA,CA,78259-3621
9916116405,BRENDA,MANTEL,1838 DURFEYS MILL RD,,HINTON,OK,14612-2262
26024533,DEANNA,NEWMAN,55113 SAND CRANE WAY,,SUN LAKES,AZ,72712-8550
54016225,SHIRLENE,LANDRUM,1718 KENTON GREEN CT,,JOHNSTON,IA,78801-5618
115000960,AMANDA,BABIAK,58383 E BELLEVIEW LN,,EDMOND,OK,30068-3160
121003692,RUSSEL,BLACKBURN,19375 LUKERS PASS RD,,ARVADA,CO,76108-7950
9917130117,JESSICA,WILSON,1557 COUNTRY CLUB DR,,SAN ANTONIO,TX,80023-4636
9933011758,JUDY,GRAHAM,551 COUNTY ROAD 5158,,SPRING,TX,97034-4737
106011507,JAN,BIGGS,535 GENESEE RIDGE DR,,MCKINNEY,TX,32926-4377
75000775,LOIS,ALYESHMERNI,53981 RED MAPLE WOOD,,FORT SMITH,AR,43613-3331
115007924,JOYCE,MAIURRO,5513 SILVERSTRAND DR,,CLINTON,OK,91786-4807
9936015253,JOANNE,OSORIO,1886 OAK MOUNTAIN ST,,KELLER,TX,76022-6558
9907010707,TRACY,OWEN,15316 GOLDEN DOVE DR,,TYLER,TX,90720-4943
11020938,SHARON,CARCIA,53555 LIBERTY OAK ST,,SCOTTS VALLEY,CA,98221-0065
40050315,ELIZABETH,ALLEN,51833 FORESTWOOD CIR,,WINTER SPRINGS,FL,33703-3418
6040579,KATHY,BALLINGER,3553 KETTLE RIVER CT,,MISSION VIEJO,CA,85715-5209
50019586,SUSAN,TISDALE,935 FLAMING TREE WAY,,FREEHOLD,NJ,91361-4821
60013338,CHARLIE,OZMENT,11768 STONEMEADOW RD,,COLCHESTER,CT,06117-3003
9921009525,NANCY,WATSON,53511 GAULT ST APT B,,CHANTILLY,VA,75035-7798
9933012763,MARIA,MASLOSKI,55559 POWDER HORN LN,,CHANDLER,AZ,47304-1191
71004231,LANA,GILBERT,5385 N WASHINGTON ST,,NORTHRIDGE,CA,73162-2133
9933005173,ERIN,ZIMMER,555 SILVER CREEK CIR,,SPRING,TX,43054-9673
9933001676,DENA,WALKER,5383 E FOOTHILL BLVD,,THE WOODLANDS,TX,43035-8138
106007860,DEBBIE,KOPPELMAN,5868 MASTERS CLUB DR,,CELINA,TX,40059-8643
124000093,LOUISE,SMITH,1555 DUELING OAKS DR,,FREDERICK,CO,46516-5892
32013807,KELLY,JIMENEZ,337 SPINDLE RIDGE DR,,FORT WAYNE,IN,77521-9825
3027342,KIM,RIDGE,63 PRINCE WILLIAM CT,,ROWLAND HEIGHTS,CA,30084-2953
72001524,FERD,BELL,3831 INDIAN RIDGE CT,,MARINA DEL REY,CA,75070-7986
9937020459,JOLENE,MAHI,5788 COUNTY ROAD 688,,THE COLONY,TX,77381-4423
9917137872,LISA,TRAWICK,6559 S RIVER EDGE LN,,SAN ANTONIO,TX,80126-3410
9933006619,VICKIE,PATTULLO,1759 CHERRY BROOK DR,,CONROE,TX,92630-5548
9913069843,VICKI,HAMBRIGHT,51335 E HORSEHEAD RD,,HOUSTON,TX,82609-3566
9933005204,KELLY,SHREWSBURY,55155 QUAIL CREST CT,,BUFFALO,TX,76247-6739
77002367,MEGAN,KESSLER,1885 LAKE TERRACE DR,,OAK RIDGE,NJ,77019-6045
115006575,PAMELA,SCHMITZ,689 CRIPPLED MULE PT,,OKLAHOMA CITY,OK,77066-1604
101003313,SUSAN,GRAY,138 W SPRING LAKE DR,,CROSSVILLE,TN,33305-2731
122000399,TAMMIE,HAGERTY,7731 RUBY ESTHER CIR,,SAN ANTONIO,TX,77584-6682
9907002315,BETSY,RUDE,1353 CHIMNEY HILL DR,,CARROLLTON,TX,32315-7100
64009504,LINDA,PETERSON,5969 BROKEN ARROW ST,,ARLINGTON,MA,92673-6865
9938002950,NICOLE,SMITH,1558 EMERALD LAKE DR,,OMAHA,NE,89410-7026
9921004830,DIXI,SUTTON,5198 COUNTY ROAD 151,,COLORADO SPRINGS,CO,78232-2200
39032232,CHRISTINE,KAIBLE,3858 QUAIL RIDGE CIR,,PALM BEACH GARDENS,FL,75150-3182
9026721,TANYA,BECKER,7558 SCARLET IBIS LN,,PEORIA,AZ,91739-1934
54013334,ELEANORA,HEFNER,655 DIAMOND POINT DR,,KNOXVILLE,IA,76051-4408
77003572,ROLYNDA,BEARD,1886 SPRINGCREEK CIR,,RIVER EDGE,NJ,91702-5040
25029211,KATHI,EMRICH,1588 TRYON RD APT H5,,WEST PALM BEACH,FL,98045-7951
61010166,REBECCA,SMITH,3355 CATHEYS CLUB LN,,HARTFORD,CT,32217-4317
9903037066,JULIA,KLEINLEIN,6185 COUNTY ROAD 383,,SPRING,TX,75056-4650
9911000081,SHANNA,EUBANK,7573 SCARLET IBIS LN,,LITTLETON,CO,76028-6253
67005831,CHRIS,MCCARRON,5878 58TH ST UNIT 3B,,BIRMINGHAM,AL,28461-4000
77001199,JULIE,KEARNS,936 W TENNESSEE TRCE,,OLD TAPPAN,NJ,75803-6822
25028195,JUANITA,WAKEHOUSE,188 CHURCH OF GOD RD,,BOCA RATON,FL,93591-3020
52020850,AMY,KRAFT,6153 PASEO ENCANTADA,,FAIRFAX,VA,06085-1191
61010131,LEORA,LOCKE,758 SUNSET AVE APT 3,,FARMINGTON,CT,78230-5887
44009693,TIFFANY,BOTHWELL,3681 OAK HOLLOW DR S,,SAINT LOUIS,MO,80020-1518
9907006210,MIKE,ALLEN,5198 COUNTY ROAD 155,,LUBBOCK,TX,93063-2008
9022341,NEIL,BINNING,5381 CEDAR VALLEY DR,,SCOTTSDALE,AZ,75043-1704
9945057533,CARLA,MILLER,5883 CREEGAN PARK CT,,MESQUITE,TX,98125-4913
9942054421,TINA,HALL,5189 BROOKS DAIRY RD,,PEARLAND,TX,78624-1919
24090555,COLLEEN,PITTS,3568 MOUNT VERNON DR,,ADELANTO,CA,06611-2801
9904049934,RHONDA,JODOIN,1387 TIMBERBROOK TRL,,NEWBURY PARK,CA,77316-6046
21235114902,KRISTIN,PETERS,1598 STEVENS TERRACE,,RAMOSMOUTH,IL,83908
20016420,JOSEPH,SCHLARMANN,785 SAINT ANDREWS CT,,EAST LONGMEADOW,MA,30019-4552
106011111,MARTHA,MICCIO,7859 BLACK FOREST DR,,BELLS,TX,78023-4640
124002108,ASHLEY,STEVENS,998 SW BALMORAL TRCE,,MCKINNEY,TX,97086-4713
78000181,KIM,LASELVA,3158 KIRBY OAKS DR S,,HARRISON,AR,72903-5109
9917129587,SHELIA,D'ANNUNZIO,8335 S PADDLEBOAT LN,,SAN ANTONIO,TX,30024-4228
3024788,JUDY,BECKER,53716 BROOKGREEN CIR,,WHITTIER,CA,80424-2646
12012958,JESSICA,EINARSEN,31985 BOLD FORBES CT,,SEATTLE,WA,73065-6483
9933028783,CARLA,SMITH,5388 BEAR CREEK PKWY,,PLACERVILLE,CA,02474-3309
9917136778,AUDREY,COSTELLO,556 INDIAN HILLS TRL,,ADKINS,TX,78255-2274
115008483,ELAINE,STONE,573 N 13TH ST APT 8B,,OKLAHOMA CITY,OK,32701-7973
9945062706,KATHLEEN,RIN,58533 CLOVERCREST DR,,HOUSTON,TX,33629-8956
9902010930,THERESE,MEADOWS,5958 COUNTRY VIEW LN,,HERMITAGE,TN,98223-1416
9916112303,CECILIA,NOE,13159 HEATHERWOOD DR,,OKLAHOMA CITY,OK,97527-9146
63004365,KELLY,HALL,1688 FEATHERSTONE CT,,LAKE CITY,FL,74074-1043
9938008870,JUDY,BORMAN,1518 WALDEN WOODS DR,,YUKON,OK,75033-0055
9916105564,KIM,GARZA,58689 STORMHAVEN WAY,,CINCINNATI,OH,80118-8744
120005752,LAMONT,LINVILLE,738 E SUNNY HILLS RD,,COLORADO SPGS,CO,79416-3138
117000241,JOAN,ROSEN,3838 HEATHER VIEW DR,,EL PASO,TX,80226-4270
59011084,KIM,TEMPLE,7987 VALLEY FORGE RD,,APPLE VALLEY,CA,66061-8443
9938008203,SABRINA,HOLMAN,1585 GEORGE GREGG ST,,GARDEN CITY,KS,92646-1548
60010849,KIM,ROSE,58658 BROCKENBURY CT,,MONSON,MA,80004-1546
9938010637,JULIE,GILLMAN,5316 SHELTER ROCK RD,,WHEAT RIDGE,CO,97124-4341
71002199,WESLEY,CANNON,8758 SAINT GEORGE DR,,DENVER,CO,26041-1836
77001597,WANDA,FRY,1135 COUNTY ROAD 393,,PARK RIDGE,NJ,47396-9255
58008327,LARA,PARRIS,1533 SADDLE CREEK DR,,TOLEDO,OH,78268-7739
115000677,PAM,LOWRY,3659 BOULDER PEAK ST,,WEBSTER,MA,80401-5083
63011813,AMY,HEAPS,5888 COUNTRYSIDE AVE,,YULEE,FL,75010-4004
18016639,JUNE,BOUCHARD,356 S ZOAR CHURCH RD,,RUSHVILLE,IN,85749-7166
26024601,JOANN,EARN,58165 E JOY RANCH RD,,CHANDLER,AZ,77521-8855
33017980,JENNIFER,HONEYCUTT,55831 TURTLE POND CT,,NORCROSS,GA,00919-4775
114005731,KIM,MACGREGOR,3783 TOWNE SQUARE DR,,DALLAS,TX,34997-1563
50018303,JANE,MCDONALD,56585 RED WOOD CIR W,,FLEMINGTON,NJ,06513-3361
103003437,JAN,MCCORD,1835 BRECKENRIDGE DR,,GIBSONIA,PA,90504-2007
32013789,EDITH,TICE,15716 MEADOWHOUSE CT,,LEO,IN,93063-0424
40044642,DORITA,BYRNE,5715 CASTLE CREEK DR,,OCOEE,FL,78109-3314
9938008686,SHANNON,MERCHANT,315 S WYNDEMERE SPGS,,WEST DES MOINES,IA,01534-1072
121000793,CAROLYN,CLEMENTS,183 ROBLEDO VERDE ST,,LITTLETON,CO,20120-1119
9945053927,KATHY,GOULARTE,53981 DOVE HOLLOW DR,,ROCKWALL,TX,30316-3027
122000028,KIM,MCCARTHY,8117 WOOD STATION RD,,HELOTES,TX,27523-6245
70001621,CINDY,CARTER,1388 MABEY CANYON RD,,BEAVERTON,OR,92692-1341
9915065713,JONI,ALISE,9887 POINTE CROSS LN,,ROWLETT,TX,32246-1851
118001637,ANN,TAYLOR,551 COUNTY ROAD 3555,,VICTORIA,TX,91320-1916
78000339,TRAY,ROSE,13813 KENNINGTON WAY,,MIAMI,OK,62298-5007
9934030758,RAQUEL,BARNETT,18986 TWISTED OAK DR,,LONE TREE,CO,77084-3377
33017678,RACHEL,CRONKHETE,359 QUEBEC ST UNIT 5,,SUGAR HILL,GA,53222-4007
9909168663,NANCY,MORRIS,6159 STABLE CREEK DR,,EDMOND,OK,75070-4293
9933022368,CINDY,GRAY,1887 S GREENWOOD AVE,,MONTGOMERY,TX,34994-9151
9921005283,AMY,BOLLENBACH,58858 E CHAMPAGNE DR,,CORAL SPRINGS,FL,65714-7874
54012978,CARRIE,STRADER,9588 LOS LAGOS CIR S,,CLIVE,IA,75160-0666
58010905,MARY,BAIRD,58888 CRESTWOOD DR S,,TOLEDO,OH,47404-9199
43025387,CHERYL,SADLER,5851 STATE ROUTE 53A,,MENTOR,OH,91362-1608
9942051853,SUSAN,YATES,56168 E BELLEVIEW PL,,BUCKEYE,AZ,20171-3939
75001476,MAUREEN,VANTA,5833 LITTLE PINE CIR,,HUNTSVILLE,AR,37167-2664
19023808,BO,MORENO,6613 STATE ROUTE 585,,LAKE VILLA,IL,75071-7767
110004707,LISA,LUCIANO,8558 HEATH CIRCLE DR,,FORT WORTH,TX,98125-3524
105004431,JUNE,BASHFORD,3835 VERSAILLES BLVD,,ARLINGTON,TX,46254-4371
120003710,MARILOU,MILLER,5556 SANDPOINT DR NE,,RUSH,CO,33330-4566
103003264,PERRY,ADAMS,3583 RIDGE HOLLOW DR,,MANHASSET,NY,75169-2517
9941103241,CARRIE,ROGERS,1353 LEGENDS PEAK DR,,STRATFORD,TX,87301-4509
60012864,BERNADINE,COX,55318 MYSTIC ROCK DR,,COVENTRY,CT,631224530
9932036364,JEAN,GHORMLEY,55838 E STATE ROAD 7,,FRANKLIN,TN,34711-5377
70000948,MARY,TOWERTON,3338 HUNTERS WOOD DR,,PORTLAND,OR,80015-4160
9923002517,LILLIAN,BRYANT,3885 SALE ST APT 355,,SAN ANTONIO,TX,77450-6691
59014818,ALLYSON,MURPHY,5685 WALNUT RIDGE DR,,UPLAND,CA,80424-2646
19024385,AUDREY,ANAYA,3881 BLUE JASMINE CT,,CHICAGO,IL,75238-1526
40050164,KIM,FARRELL,3118 MOUNT READ BLVD,,ORLANDO,FL,78154-2613
9923003475,CINDY,HUGHS,5575 COUNTY ROAD 516,,SAN ANTONIO,TX,76137-1254
104000586,JANETTE,SIMMERS,1137 CONSERVATORY PT,,HURST,TX,37153-4004
106003232,KATHY,GALLOWAY,1785 WILDERNESS DR N,,ATLANTA,TX,90603-2563
40045174,SUZANNE,DONOGHUE,5588 HIDDEN RIDGE RD,,DEBARY,FL,73003-6100
111003236,NANCY,VALDES,6963 COUNTY ROAD 313,,LEAGUE CITY,TX,80021-6417
9911000120,ERIN,FAYYAZI,3353 STONEY BROOK DR,,NOLAN,TX,02053-1206
9938003574,JANICE,IZENSTARK,339 ONTARIO CT APT B,,BOULDER,CO,77505-3114
115005447,ALLISON,LEWIS,51858 MOUNT ROYAL LN,,MUSTANG,OK,78006-3886
121002245,MARY,STRONG,51159 STABLE ROAD DR,,DENVER,CO,75240-4390
9915065889,CLAUDIA,VANUKA,953 CHANCELLOR ST SW,,ROYSE CITY,TX,75071-4743
106008017,ANA,DARLING,5581 COUNTRY CLUB CT,,SAN ANTONIO,TX,92673-7035
60013042,VANESSA,CUSTER,3385 NEW HERITAGE DR,,SOUTH WINDSOR,CT,07481-2911
9907006585,JO ANN,BLAKE,58385 BEAR HOLLOW DR,,LEXINGTON,VA,02874-0147
6045085,BARBARA,LARWIG,53735 FOREST ROCK DR,,LAGUNA NIGUEL,CA,80209-3330
107001539,WANDA,BRUNSON,56313 HEATHERDALE DR,,GRAND JUNCTION,CO,77055-6644
120004068,MARTHA,LIRA,18558 COUNTY ROAD 63,,PUEBLO,CO,76003-0536
60012462,MARY,ERICKSON,1989 E ANNE MARIE DR,,GLASTONBURY,CT,48381-2739
18019307,EVA,DUNN,5133 AUTUMN CREEK DR,,FISHERS,IN,75440-3846
63008303,SHEILA,ANDERSON,3788 MINERS COVE CIR,,JACKSONVILLE,FL,78239-1538
9916125431,SUSAN,MATSUMOTO,535 QUEEN ST APT 618,,POCASSET,OK,76070-2048
106004089,BONNIE,HARRIS,55386 COUNTY ROAD 15,,GARLAND,TX,06484-2271
71007373,DANETTE,MARTIN,1583 HEATHER PATH ST,,VENTURA,CA,06040-6838
9910150931,LUPE,SMITH,1757 MORNING SONG DR,,ROCKAWAY,NJ,32809-6828
40050170,ANN,BECK,58657 TALLAHASSEE DR,,WINTER SPGS,FL,75034-3466
9945047778,CYNTHIA,RALEY,53775 LAUREL ROCK DR,,EDINBURG,TX,75238-3714
83000114,KIM,HEABERLIN,8515 GOLDEN RIDGE CT,,MIAMI,FL,50265-4503
120002802,MICKIE,MESSEL,1176 SAINT CLAIR AVE,,COLORADO SPRINGS,CO,76001-5336
9916122005,VIRGINIA,DUBOIS,1851 HARVEST HILL DR,,INOLA,OK,43460-1110
105006088,CAROL,CLOWDUS,3875 MOUNT OXFORD ST,,ARLINGTON,TX,75142-5102
111003082,THERESA,DRISKILL,955 WALNUT FALLS CIR,,LEAGUE CITY,TX,07432-1141
9901045964,CHERYLL,BLOTT,5535 SIGNAL RIDGE PL,,AMARILLO,TX,47909-7325
9027644,LISA,HALL,5331 E MULE TRAIN DR,,PHOENIX,AZ,73012-9791
58010738,DARLENE,WYATTFORD,53355 SILVER PICK CT,,PERRYSBURG,OH,98374-4231
13019952,GRACE,NOURIE,15898 HEATHERIDGE DR,,CHICAGO,IL,80917-3104
7015037,JEANETTE,NICHOLS,59387 HILL MEADOW DR,,HUNTINGTON BEACH,CA,77354-3234
65021302,ROBIN,ROCK,3959 STILL MEADOW LN,,BRISTOW,VA,77384-4638
66004520,CATHY,NICOLINI,6855 PRAIRIE WIND DR,,BAKERSFIELD,CA,75070-6005
120004157,ROSAURA,HARMON,3586 HEATHERHILL CIR,,FORT COLLINS,CO,73099-7941
77002336,JEANNIE,STILWELL,588 YELLOWHAMMER AVE,,ORADELL,NJ,37087-4428
63010361,GALIA,SANDERSON,3373 EMERALD PARK DR,,JACKSONVILLE,FL,50129-2710
77005913,ALLISON,KEITH,7755 PRAIRIE VIEW LN,,BROOKLYN,NY,77356-8416
17068915,JENNIFER,KNIFFIN,1789 HALEYS COMET CT,,WOODBRIDGE,VA,92887-3757
103001162,DARLEEN A,GARZA,58678 SW WATERWAY LN,,CENTENNIAL,CO,91320-6513
9907010268,SUZAN,PERRINO,15381 PEGGY JOYCE LN,,MCKINNEY,TX,84092-4911
114004710,PAUL,WILSON,33 HARBOUR POINT CIR,,GARLAND,TX,78886-4004
77005531,TIFFIN,MANGANO,3571 APPLEBLOSSOM DR,,TOWNSHIP OF WASHINGTON,NJ,77382-1804
9942047758,MARIA,PIERCE,58885 DES MOINES AVE,,FRIENDSWOOD,TX,20155-1118
105006283,JUDY,CUMMINS,3338 FOREST GREEN ST,,ARLINGTON,TX,46064-9230
32014124,LISA,REESE,1387 SANDY FIELDS LN,,FORT WAYNE,IN,78101-2246
9917107800,MARICELA,LEVERINGTON,51888 BELLA VILLA DR,,SAN ANTONIO,TX,80124-6747
22020448,KATHY,GALLO,53511 RIVERBANK PASS,,NEW YORK,NY,02465-1719
69002429,ALYSSA,SCHNEIDER,3889 BRECKENRIDGE CT,,NEWTON,NC,80918-1604
6046276,MARIE,DAVIDSON,13658 POWDER MILL DR,,CARLSBAD,CA,43537-4038
11020641,MARIE,UNRUH,6881 S ELIZABETH CIR,,MORGAN HILL,CA,75033-8300
9919002667,DONALD,CLOUD,338 COUNTY ROAD 1586,,PEARLAND,TX,75070-9310
75000958,WILLIAM,GOLDEN,5553 W PALO ALTO AVE,,CONWAY,AR,75022-8475
123003540,PHYLLIS,BLOOMSTON,57659 NW REINDEER DR,,VICTORIA,TX,80132-9415
40041931,MEGHAN,PARKER,6585 Long Prairie Rd,,ALTAMONTE SPRINGS,FL,33461-1011
84000119,BONNI,PEACH,8518 GRAND CANYON DR,,OVERLAND PARK,KS,46204-2671
9934011695,LINDA,WICHHART,15995 WHITETAIL XING,,CENTENNIAL,CO,92009-9554
9923008815,ALISON,BIKO,1755 HUNTERS GLEN RD,,SAN ANTONIO,TX,91387-1427
9917132799,RACHEL,SINNOTT,6358 INDIAN RIVER DR,,SCHERTZ,TX,72701-2731
26025989,BRENDA,WHITE,51157 COUNTY ROAD 59,,CHANDLER,AZ,90638-5726
17069267,CHRISTI,BURROWS,6613 GREEN GABLE MNR,,AGOURA HILLS,CA,15445-2475
106004580,MARIE,PICCOLI,585 AVENUE J APT 185,,MCKINNEY,TX,32607-3477
120004725,NORMA,MCGUIRT,58853 WILDHORSE PKWY,,COLORADO SPRINGS,CO,77382-2091
77005842,JENNIFER,EVANS,7653 PINE LAKES BLVD,,BERGENFIELD,NJ,91761-6856
9917124106,GLORIA,WATSON,753 PENNSYLVANIA AVE,,SAN ANTONIO,TX,75052-3418
118004680,JEANNETTE,BERMAN,857 NW RUTHERFORD CT,,ORANGE GROVE,TX,91105-1624
6044864,BETTY,MCGINNIS,7167 FOUR CORNERS RD,,TRABUCO CANYON,CA,33525-8558
9914011502,KIMBERLY,JOHNSON,588 BRISTOL BEND CIR,,HOUSTON,TX,07604-1007
27022701,AMY,SEREDA,6388 W CRESTLINE AVE,,O FALLON,MO,38305-7303
60010630,SARAH,PEEL,3867 BLACK CANYON RD,,EAST GRANBY,CT,06790-4030
9934032532,MICHELLE,CAVEY,58559 WYANDOTT CIR N,,GOLDEN,CO,48193-8086
9945060100,JILL,STEWART,18335 LAUREN COVE LN,,NIXA,MO,93065-4952
9933002979,ELIZABETH,SHEA,5885 COUNTY ROAD 388,,MAGNOLIA,TX,80124-9714
63006202,RACHEL,HARKIN,5563 RHINECASTLE WAY,,JACKSONVILLE,FL,08096-3111
9945059561,CARRIE,CATALOGNA,55585 ORCHARDVIEW DR,,WEST HARTFORD,CT,72766-7523
9923004854,DONNA,JONES,1533 SAND DOLLAR CIR,,SAN ANTONIO,TX,80121-3665
9907017779,DEBBIE,SHOOK,1589 SAND DOLLAR CIR,,NORMAN,OK,63050-2559
9943057720,JANET,MAGEE,31881 CRESTLAKE BLVD,,MAGNOLIA,TX,90047-4004
54018134,TARA,YOUNG,5785 KIYOT WAY APT 3,,WAUKEE,IA,80015-4011
18020038,SUSAN,MCCAMMON,1688 WESTMINSTER TER,,WEST LAFAYETTE,IN,76065-6611
9923005236,GINA,COBEN,7555 KATY FWY APT 53,,SAINT LOUIS,MO,92675-3303
101003139,MARJO,WILLIAMS,5888 WHISPERING HOLW,,HENDERSONVILLE,TN,30022-5881
9930032343,PATTI,CRISTIANO,5316 MEADOW VISTA RD,,NAPLES,FL,44040-0215
9920014292,JEAN,GARCIA,55681 VALLEYBROOK PL,,TOMBALL,TX,43123-3656
60010272,KAREN,WAGNER,3383 SAN PATRICIO DR,,WALES,MA,75034-6643
9937036440,KAREN,ANDERSON,3535 BELLE VALLEY DR,,THE COLONY,TX,77389-4452
6046930,STACY,CASEY,9183 VALLEY FORGE PL,,SAN CLEMENTE,CA,77373-7760
64011662,REBECCA,BUSH,51337 OLD COUNTRY RD,,CARLISLE,MA,70005-3925
9919006654,PAMELA,NEHMER,5555 SHOP SPRINGS RD,,MISSOURI CITY,TX,49525-3120
59009135,JUNE,CRANDALL,3658 BEACON RIDGE LN,,HESPERIA,CA,76036-9781
71003021,MICHELLE,KEENUM,5167 TURNBURY OAK ST,,SIMI VALLEY,CA,77382-1160
116003037,DAWN,MABRY,55159 ARROYO MOSS ST,,ALBUQUERQUE,NM,33414-2057
9937034209,CORY,MCCANTS,663 CHANNEL RIDGE DR,,BEL AIR,MD,75119-7224
9908005931,MARCIA,MCMAHON,6758 Orchard Lake Rd,,MCKINNEY,TX,02053-2152
48012960,PATRICIA,BRUCATO,88 PHANTOM CREEK TRL,,KEYSVILLE,VA,46068-9005
52021149,JOSIE,MESA,38 W STONY BRIDGE CT,,PURCELLVILLE,VA,91364-2414
70000291,GRACE,SHEELY,5358 NE EDGEFIELD ST,,PORTLAND,OR,78259-2355
1022541,AMBER,HOWERTON,7755 MEADOW GREEN ST,,PHOENIX,AZ,68164-3659
39036407,BETHANY,BRANDT,5883 INDIAN LODGE DR,,FORT LAUDERDALE,FL,80109-9699
9908027254,LESLIE,TAYLOR,5885 BLUE SPRINGS CT,,WINDSOR,CO,32256-3800
83001502,LAURA,MIGUEL,1189 SOUTHERN OAK DR,,ESTERO,FL,76051-7237
75000792,LAURA,WILBER,3857 E CABALLERO CIR,,BENTONVILLE,AR,92883-5030
116003974,JANET,MONA,7539 HARBOUR TOWN DR,,SAN ANTONIO,TX,34787-9426
9917129961,CINDY,JOHNSON,5335 BROAD VALLEY CT,,HELOTES,TX,65604-9036
114004669,ROBBIE,ERDMAN,5515 CORDILLERA TRCE,,ALLEN,TX,80923-8766
71002083,KAREN,GRIM,5316 EAGLE RIDGE RUN,,SIMI VALLEY,CA,76248-1613
110004891,ADRIANA,SCHWARZ,8555 SAWYER BROWN RD,,INDIANAPOLIS,IN,37027-4213
9936016801,ANN,GERLOFS,53788 E REDINGTON RD,,CROWLEY,TX,34744-6411
9917110238,CHERYL,MAKHOUL,5585 N TEA OLIVE WAY,,SAN ANTONIO,TX,71909-5410
120002544,AMANDA,SCHAPER,198 POPLAR ST UNIT F,,COLORADO SPRINGS,CO,33441-4980
9934028631,LISA,GOODMAN,5863 ISLAND MANOR DR,,ENGLEWOOD,CO,35757-8426
9916123501,NANCY,ATTALLAH,555 MASON ST STE 558,,HARRAH,OK,77079-6040
107001432,WENDY,BROUSSARD,3513 OLYMPIC CLUB DR,,AVONDALE,AZ,80027-1222
9911002827,LAURIE,AVERY,6838 MORNINGSIDE CIR,,FORT WORTH,TX,75104-2108
58009971,KENDRA,SILLMAN,319 COUNTY ROAD 5885,,TEMPERANCE,MI,26101-8646
60013005,TRISH,HIGHSMITH,835 MAPLE FOREST AVE,,PLAINVILLE,CT,75034-7758
9904046616,SUE,KING,5555 WISHING STAR LN,,SAN JUAN CAPO,CA,20120-3925
83001058,STACEY,GROSSMAN,5153 BARTON CREEK DR,,CHARLOTTESVILLE,VA,77536-4209
105004517,RISA,CAVI,3986 SPRING CREEK RD,,ARLINGTON,TX,80138-7145
9905014347,KEITH,DIRKS,15881 BEAVER BEND CT,,BRYANT,AR,93002-1553
123003757,SUSAN,JENARD,688 COTSWOLD PARK CT,,SPRING,TX,92075-1520
101003305,GINA,LEONARD,5735 COUNTY ROAD 381,,ADAMS,TN,29803-5362
78002910,MARGIE,AURE,3938 LEWIS RD APT 58,,VANDALIA,MO,74354-3403
25028244,DONNA,BROWN,5188 COUNTY ROAD 183,,BOYNTON BEACH,FL,32955-4772
9939165104,JAN,RENNOLDS,5538 PORTER CREEK RD,,CLAREMORE,OK,73025-9141
9923008232,AMY,DOSSEY,7515 FORREST OAKS DR,,SPRING,TX,48382-3482
9902013201,ANNA,EGERSTROM,583 DONALD NEWTON LN,,BRENTWOOD,TN,90042-1361
35018775,DEB,BARBER,3985 ASHTON SHORE LN,,MANTENO,IL,75228-3729
1024650,COLLEEN,HARRELL,5853 E HIDDENVIEW DR,,NEWPORT BEACH,CA,75013-3412
70002487,SHARON,WOODARD,5856 DICKEY LN APT 8,,FOREST GROVE,OR,75019-5363
40052155,MICHELLE,PARKER,5858 HANSBOUROUGH RD,,WINTER HAVEN,FL,97224-2822
125001154,BRENDA,BALDRIDGE,5786 CHERRY CREST DR,,FLOWER MOUND,TX,46040-9650
24090354,TAMARA,ALEXANDER,933 E AIRE LIBRE AVE,,SIERRA MADRE,CA,85022-2612
24091905,SUSAN,CADIEUX,3913 HOLLOW RIDGE RD,,SOUTH PASADENA,CA,78245-1259
3028658,POLLY,BREAN,5619 LIMESTONE LEDGE,,ROWLAND HEIGHTS,CA,33463-7835
19029515,TRACEY,GORDON,1766 COUNTY ROAD 185,,MOUNT PROSPECT,IL,97415-8345
103000979,CAROL,HEMPHILL,55 FAIRWAY OAKS BLVD,,HGHLNDS RANCH,CO,47274-3482
23041145,ROBIN,MELTON,35588 LOWER ASPEN LN,,CLEARWATER,FL,81067-9651
11015949,DEBBIE,KIRK,5885 BURNING TREE DR,,CUPERTINO,CA,77316-6147
9912008938,LEIGH,SAYERS,113 SLEEPY HOLLOW DR,,KEMAH,TX,85340-8354
54014211,DONNA,BRANSON,5873 FOREST HAVEN CT,,DES MOINES,IA,78260-2778
56008318,SUSAN,DURRANT,55338 CREST BROOK DR,,WAYLAND,MA,08053-4709
9935008928,KEITH,CIESCO,5386 MEADOW RIDGE CT,,ARGYLE,TX,78260-1453
9935015274,CANDI,BEDELL,5983 ROBERT E LEE CT,,COLLEYVILLE,TX,80227-2333
54017964,CHERYL,CARDIELLO,318 MACK HOLLIMON DR,,WEST DES MOINES,IA,43412-9615
9934009766,RAE,TRAVIS,5156 MAIN ST STE 138,,EVERGREEN,CO,34990-7752
116000707,PATRICIA,HENRY,5878 E YALECREST AVE,,SAN ANTONIO,TX,92879-2706
58008868,JEAN,GORDON,5875 S KILLARNEY WAY,,PERRYSBURG,OH,78552
71008645,TORRY,NICE,19559 W HAWTHORNE DR,,SIMI VALLEY,CA,33437-3932
105005997,IRIS,ORR,5183 HARVEST BEND CT,,ARLINGTON,TX,32223-2588
9934020390,GARY,DESCHNER,59517 E PROGRESS AVE,,COLORADO SPRINGS,CO,97229-6278
40048209,SHARLA,STANLEY,635 GREY EAGLE CIR N,,ORLANDO,FL,81101-9199
9933024424,CRYSTAL,KELLY,5951 NW COLUMBIA AVE,,WILLIS,TX,34787-5001
9934014989,PATRICIA,JOHNSON,58688 SHADY GLADE LN,,PARKER,CO,34994-9319
64011295,TRICIA,MONTGOMERY,5315 COUNTY ROAD 338,,MENDON,MA,75019-2124
103004035,ELVIS,CLENDENIN,581 W MOCKINGBIRD LN,,LONE TREE,CO,75248-6027
9915067258,ANNA,RENTFRO,55 PORTER AVE APT 6G,,SHREVEPORT,LA,92705-6986
102001827,PAMELA,FARRAH,6983 QUAIL MEADOW DR,,TOMBALL,TX,75418-8924
9904037389,LEIGH,MYERS,3388 LA FRAMBOISE RD,,HGHLNDS RANCH,CO,20148-4334
1025611,MEGAN,ALBICKER,1388 POOL RD APT 316,,SANTA ANA,CA,63011-2974
9914012987,COURTNEY,ARMSTRONG,535 RIMINI VISTA WAY,,HOUSTON,TX,92629-1049
25025677,CINDY,ABRAMS,1558 HAZARD ST APT B,,LAKE WORTH,FL,92009-9324
17069388,MICHELLE,LIPSETT,3133 BIG SPRINGS AVE,,NEWBURY PARK,CA,76087-7442
24089929,MOLLY,BLAIR,3135 FIELD MASTER DR,,GLENDALE,CA,75094-4174
9911004304,TRACY,VANARSDALL,383 W MILL VALLEY CT,,BURLESON,TX,92009-7114
62018715,NADEEN,BRATTEN,58938 BELLE COUR WAY,,MC DONALD,TN,75028-7704
103003616,JULIE,LEODORI,5863 SPRING MILL CRK,,ORO VALLEY,AZ,85715-3420
71008392,KATHLEEN,DAVIS,1778 EATON RD APT 58,,SIMI VALLEY,CA,76109-1833
9916112091,NITA,ALBERT,398 EASTBURY HILL RD,,PRAGUE,OK,90292-7385
9932035741,SANDRA,SPOLLEN,5658 COUNTY ROAD 313,,BRENTWOOD,TN,77318-5671
59011615,CECILIA,FLYNN,59859 POLO MEADOW DR,,SN BERNRDNO,CA,91377-5808
56007141,MONIQUE,TAYLOR,51676 AMBERMEADOW ST,,FALMOUTH,MA,18337-7136
65025876,DEBBY,SMITH,53835 N MICHAEL LOOP,,BRIGHTON,MI,07644-1537
38038584,LORETTA,TROTT,58636 SPRING MILL LN,,SHELBY TOWNSHIP,MI,78133-5105
12015482,NANCY,DAVIS,58556 COPPERFIELD DR,,LACEY,WA,78249-4816
18019435,ROSANNA,BELLAH,15887 DULL KNIFE TRL,,CARMEL,IN,73120-4316
111002499,ANN,BRINTON,56559 BLUE SHINE TRL,,PASADENA,TX,85308-6251
9916118879,JANET,WOLFE,5155 KNIGHTS GATE CT,,SCOTTSDALE,AZ,43953-3306
9937018193,STEPHANIE,KENNY,8555 SAINT HELENA DR,,FRISCO,TX,06092-2627
123003983,CHARLOTTE,MICHAEL,53838 W MAYBERRY TRL,,SAN ANTONIO,TX,33408-4310
112001288,LOIS,CARTWRIGHT,3695 SW BRANCH TER W,,SPRING,TX,06019-2418
9938016231,CHARLOTTE,WILSON,3388 PASTURE VIEW CT,,ERIE,CO,75429-0707
65023887,DEBBIE,BENNER,7658 LIMBER BOUGH DR,,WATERFORD,MI,37082-9032
24090479,PAM,ALEXANDER,933 E AIRE LIBRE AVE,,SIERRA MADRE,CA,85022-2612
52019805,JEANNE,OLOUGHLIN,5115 TERRACE MILL DR,,CLIFTON,VA,33407-1502
9906038973,YASMIN,CARPENTER,333 CANYON POINT CIR,,GRAND PRAIRIE,TX,97223-1589
18019104,ANNA,BRUNNER,5835 W DORCHESTER DR,,SEYMOUR,IN,48854-1277
85000055,MARY,NICOLOFF,9836 W WISCONSIN AVE,,UNIONTOWN,OH,78059-2019
47019787,KATHLEEN,CHRISTIANSEN,1159 ROLLING GLEN DR,,MARYSVILLE,IN,48154-5445
14017001,PATTI,HARBIN,1315 W SADDLEHORN CT,,SANTA MARIA,CA,80222-7019
9904039206,PATRICIA,FELTON,158 BRISTOL BEND CIR,,FRIENDSWOOD,TX,37130-5939
9921002362,MARILYN,MCCANDLES,5585 GREEN HOLLOW LN,,COLORADO SPRINGS,CO,76017-1237
52018490,APRIL,HEALER,355 CHATTANOOGA PARK,,SPRINGFIELD,VA,33029-2426
65020610,MARCY,SCHLUETER,1665 HIDDEN RIDGE CT,,MILFORD,MI,78261-2362
9933001317,KATHLEEN,LONG,59335 JASPER HILL RD,,SPRING,TX,90043-1631
105003074,DONNA,HAAG,15136 BRAXFIELD LOOP,,DUNCANVILLE,TX,77316-2673
15078864,BETTY,MOTTAZ,5119 S SOUTHERSBY DR,,CANOGA PARK,CA,72034-8447
120006043,BETHANY,VIDRINE,56533 QUARRY HILL DR,,COLORADO SPRINGS,CO,45881-9609
18021949,WENDY,CARRILLO,13837 WOLF BRANCH RD,,Indianapolis,IN,91406-5156
110002352,TORY,JONAS,38359 THREE FORKS RD,,BURLESON,TX,73099-9523
9906043071,KELLI,WILSON,617 E FAIRMEADOWS DR,,DALLAS,TX,93065-2189
114002854,ANNEMARIE,BENTLEY,9333 FISHERS HILL DR,,WARMINSTER,PA,67846-1822
71008193,PETER,BRADFORD,616 GOLDEN EAGLE CIR,,MOORPARK,CA,46121-8936
120004731,ALLISON,KELSEY,1783 CROWN COLONY DR,,COLORADO SPRINGS,CO,66211-1717
9945052249,VIERA,STAUFFER,7883 BATTLE CREEK RD,,ROCKWALL,TX,43614-4028
124003465,SANTA,DELLOLIO,59661 EAGLE TRACE CT,,RICHARDSON,TX,06074-2865
25026733,DANICE,KELLEY,9713 W ARLINGTON AVE,,BOYNTON BEACH,FL,80127-5754
9935007434,LINDA,GRARUP,53651 NW SETHRICH LN,,NORTH RICHLAND HILLS,TX,77571-6632
110005329,MICHELLE,BLIZZARD,3396 GLENN HOLLOW CT,,JOSHUA,TX,48114-9211
9934007949,LORA,ROGERS,7366 STONES RIVER DR,,DENVER,CO,78261-2405
9942045947,JANA,SPRINGER,6563 EARLY AUTUMN DR,,FRIENDSWOOD,TX,80227-2326
47016401,TANIA,HAYES,35 HAWTHORN ST APT 9,,OWENSBORO,KY,46158-8780
9942049681,TERI,KOSIBA,3581 CANYON CREEK DR,,FRIENDSWOOD,TX,78023-4499
125000450,RHONDA,RHODES,9851 SPARROW HAWK LN,,MIDLAND,TX,07621-1013
125001899,MARY,MEHEDINTEANU,3378 N ENCHANTED CIR,,GULFPORT,FL,02643-0756
46024945,JULIE,HUTCHINSON,8318 HIGH MEADOWS DR,,HOCKESSIN,DE,49073-9705
6048539,VICKI,BRECHEEN,685 FALLEN BRANCH DR,,MISSION VIEJO,CA,80951-9731
9911005291,CHERYL,JONES,15371 LIVINGSTON CIR,,BENBROOK,TX,76162-5432
123004169,DIANA,CONGOS,9995 N STATE ROAD 15,,MISSION,TX,78216-7884
61008659,ELAINA,DAVIS,57881 SHADY ARBOR LN,,WINSTED,CT,77868-7278
9907002360,JOAN,SULLIVAN,5858 PARK PLACE BLVD,,FRISCO,TX,80015-5117
9908006832,NICOLE,KUYPER,538 BENDING BROOK LN,,BOULDER,CO,07677-7931
78004298,LISA,MASTRO,551 VALLEY SPRING DR,,HOLLISTER,MO,15668-9492
9942039930,ANNITA,ELLSWORTH,7855 SHADOW GLEN TRL,,FRIENDSWOOD,TX,24592-3417
107004698,PAULA,GINSBURG,15 THORNHILL OAKS DR,,ERIE,CO,76054-3701
106011562,CHRIS,DEZEE,933 ROSE CRYSTAL WAY,,PILOT POINT,TX,77357-7626
9912008820,DORIS,WILSON,6311 TERRAZA PORTICO,,HOUSTON,TX,96821-2415
15081224,YOLY,GLOOR,391 HARBOUR ISLE WAY,,WESTLAKE VILLAGE,CA,06084-3204
64008579,BEVERLY,GENTRY,5388 SW JENNINGS AVE,,NEWTON UPPER FALLS,MA,80134-1028
38034962,KRISTIN,CARSON,56386 LOCKE HAVEN DR,,STERLING HEIGHTS,MI,40291-2859
120004643,ETHEL JEAN,JACKSON,585 COLONIAL HILL DR,,MONUMENT,CO,75034-1812
68005741,KAY,MILLER,51533 VALLE DEZAVALA,,CARLSBAD,CA,73120-4461
9915067426,RON,JONES,3585 CHURCH ROCK ST,,LEWISVILLE,TX,77389-4190
61007637,LEILANI,RENTERIA,1585 W BUSINESS 388,,WATERTOWN,CT,60056-1412
9917138037,BRIGITTA,BROUSSARD,1956 STONEBRIDGE CT,,SUDBURY,MA,63011-2506
9903002129,JENNIFER,SHIPE,57758 DEEP BROOK DR,,MOKENA,IL,98665-0166
33018560,KARIN,RODRIGUEZ,18958 W FARWOOD TER,,CUMMING,GA,80908-2701
25027364,NANCY,FEGUER,3657 S GLENBROOK DR,,LANTANA,FL,78023-4140
9933016455,JENNI,HANSEN,58937 ROLEY HILL RD,,CONROE,TX,92592-7208
40049232,CHRISTINE,BLANCHARD,555 TIMBER FALLS DR,,KNOXVILLE,TN,77015-2059
60013702,BOBBI,WERNER,3857 E PALO BREA LN,,EAST HARTLAND,CT,07676-3808
9917135843,KAREN,WALSHREUSS,985 E GOLFHURST AVE,,SCHERTZ,TX,75087-6543
11020784,TERESA,OLIVOCANALES,38 HALIFAX CT APT G,,SAN JOSE,CA,97056-3817
4013833,SHERRY,LACKIE,5137 CROSS CREEK DR,,TUCSON,AZ,73034-3403
40046045,MICHELLE,CHESHIER,5638 5TH ST STE 188,,SEBRING,FL,77095-5069
9934010644,DEBORAH,HUTTO,5338 TRAVERTINE TER,,KENNETT SQUARE,PA,01570-4010
9907014748,PHUONG,MALAYA,3133 ARBOR CREEK DR,,CLIFTON,TX,85257-4229
78001121,CAMILLE,SHELTON,39985 WOODSIDE DR N,,CARL JUNCTION,MO,33903-9059
66003567,DIAMOND,EVELYN,5685 N MCMILLAN AVE,,IRVINE,CA,73153-1267
58012166,CHRIS,SHEPARD,55658 PINE GROVE LN,,DEFIANCE,OH,01118-1913
9945058458,KATHLEEN,DITOMMASO,1585 SPRING WALK CT,,MINOT,ND,92653-6315
9921008306,JEANINE,HOSTETLER,786 CRANE CANYON PL,,LEAGUE CITY,TX,37215-3420
106010059,CHERI,SCHULTZ,3533 CAMPUS VIEW DR,,TULSA,OK,92626-6339
114001537,CHRIS,BASLER,585 SANTA MONICA ST,,DALLAS,TX,33410
106001660,JULIE,MCDONALD,57585 JEFFERSON HWY,,SHREVEPORT,LA,50265-3883
9934036613,BRENNA,MASKAL,51157 W AQUEDUCT DR,,HGHLNDS RANCH,CO,77005-1836
9904041263,NATASHA,EDWARDS,58 AUGUSTA NATIONAL,,MONTICELLO,IA,78249-3824
60009499,MARION,LE,3533 E HILLHAVEN DR,,SUFFIELD,CT,06010-6213
60012728,MELISSA,RHODES,5317 DEVONSHIRE AVE,,MANCHESTER,CT,76040-8725
51011095,DONNA,KAY,3183 BRIDGEBERRY LN,,CORAL SPRINGS,FL,95658-9419
9912006700,CHAD,DYER,553 SUMMERSET LN SE,,FRIENDSWOOD,TX,61704-7003
77001923,ELAINE,BLAKE,51958 CRESTMOOR CIR,,NEW MILFORD,NJ,78224-2530
9937037067,PAULA,PRANTER,3793 ASPEN 56.75 RD,,MCKINNEY,TX,80651-9218
125002029,ALICIA,CORTINAS,1783 SHELTERWOOD LN,,ARGYLE,TX,77375-5234
23035338,CHRISTINA,LENANE,95 W CHAMPIONS BLVD,,LUTZ,FL,32246-9944
30009553,CARLA,WOLLERT,5383 OAK SPRINGS PL,,GALLOWAY,NJ,34983-3418
25023503,JACKIE,BAUER,635 W CALLE MONTERO,,ROYAL PALM BEACH,FL,07675-3423
125002324,JIM,BANTA,56588 CHESAPEAKE DR,,NORTH RICHLAND HILLS,TX,74857-8811
110006455,JEANNINE,ROBINSON,1518 MEADOWVIEW CIR,,BURLESON,TX,78070-3635
66002910,NANCY,SCHMIDT,9557 GREEN CHASE DR,,MISSION VIEJO,CA,91006-2040
54013752,DEBORAH,SHER,5183 TOWN CENTER DR,,DES MOINES,IA,75028-3166
60012695,NICOLE,SHIELDS,31 SADDLE RIDGE TRL,,VERNON ROCKVL,CT,85747-9122
17072325,ANITA,SHIVER,55555 BERNADETTE CT,,VENTURA,CA,22153-1343
9909174488,JOY,GILLISPIE,833 BENT HICKORY RD,,CLAY,NY,02492-4403
58011062,PHYLLIS,ELLIOTT,53555 HIGH BANKS LN,,PERRYSBURG,OH,06109-1817
78003412,JOYCE,SIEGRIST,5383 SHADOW GLEN DR,,ASH GROVE,MO,77573-4981
9937014167,ROBIN,MOEN,1886 ACORN WOOD WAY,,SANTO,TX,78249-1513
9933025922,CAROLINE,PIEDRA,1558 CANYON LAKE DR,,SPRING,TX,76028-6381
53013674,JANE,DIENHART,58965 SANTA ROSA DR,,MARTINSBURG,WV,06791-1209
52021351,JULIE,BOND,3513 WINDY RIDGE CT,,FAIRFAX,VA,75033-4764
9917118341,PAM,DOWLING,1519 MILL RIDGE CIR,,SAN ANTONIO,TX,62702-3129
9907003737,JEANNE,SELLS,31 COMPTON MANOR DR,,MADILL,OK,80126-4265
110002450,EMILY,WARD,3815 HIDDEN PINE CT,,MILLSAP,TX,78258-2740
70000326,DIANA,CUNNINGHAM,53737 GREENWORTH DR,,PORTLAND,OR,97229-8505
60009780,KRIS,ALBERT,8553 OLD HICKORY LN,,TOLLAND,CT,63131-1057
9937028030,JOSEPHINE,JASSIN,3135 BRUSH CREEK RD,,FRISCO,TX,06029-2511
59015006,KIM,BUTLER,9381 CHATTANOOGA DR,,RANCHO CUCAMONGA,CA,40059-8701
9911001834,DIANE,RHODES,51879 NORTHANTS CIR,,FORT WORTH,TX,85035-4806
9917134549,LOURDES,WASHINGTON,53653 GRAND ISLE DR,,SAN ANTONIO,TX,46143-8829
9903000511,CAROLYN,ARNOLD,783 EDEN VILLAGE CT,,SAN ANTONIO,TX,01106-3318
25028566,SANDY,WASH,5338 GOOSE CREEK CV,,GREENACRES,FL,77030-1915
9933015851,MARY,OSTYN,6815 STONE CHASE CT,,CONROE,TX,75070-7288
2015020,ELLEN,HUEBNER,5889 VALLE VISTA LN,,BAKERSFIELD,CA,77388-5015
60009592,ROSE,HERNANDEZ,55131 LUCKENBACH DR,,LONGMEADOW,MA,80129-5447
9904046587,DEBBIE,MIKESELL,5553 S BENT TREE DR,,SURPRISE,AZ,77505-5446
72004859,SUZIE,BLOUNT,3611 WARRINGHAM AVE,,GEORGETOWN,CA,47906-1167
9938023229,JEANAN,DILL,55597 MOONLIGHT TRL,,MEAD,CO,78230-1924
24090494,PATRICIA,CAMPBELL,7183 CITY LIGHTS DR,,DUBLIN,TX,75009-3803
9945050850,JANIS,ELHAJE,5338 TRAVERSE ST SE,,DALLAS,TX,78250-4666
9941017333,SAMANTHA,DONATIU,836 QUIET SPRING LN,,BURLESON,TX,34786-8319
102002635,NANCY,STAIANO,577 TIMBER PINES DR,,HOUSTON,TX,78233-5128
1024332,JILL,KEOWN,1315 CHILDS LAKE RD,,ROCHESTER,NY,48380-1724
7017418,KRISTEN,KOLBE,6837 MOCKINGBIRD RD,,NEWPORT BEACH,CA,19064-2136
77002362,KELLY,MURRAY,3317 STONE BROOK DR,,TENAFLY,NJ,92064-2982
6046632,CINDY,RAINAUD,5319 SW SEAHAWK WAY,,SPRING VALLEY,CA,73160-7683
105006490,ILENE,CLINTON,5958 S DUCK LAKE RD,,ARLINGTON,TX,75433-4816
110005862,PAM,HODGES,151 JERRY WALKER RD,,JOSHUA,TX,76001-6607
60013809,JULIE,COLBERT,7356 FOX HOLLOW RDG,,EAST LONGMEADOW,MA,34986-2406
9908027465,ROSEMARY,KRIESKE,98 CEZANNE WOODS DR,,WHEAT RIDGE,CO,76123-3402
38035581,PAM,COSTA,58961 MIDNIGHT PASS,,MACOMB,MI,80923-9257
40051909,JANET,DENTINO,3883 WATER PARK CIR,,CHRISTMAS,FL,49546-5533
71007622,SCOTT,MARTINEZ,5715 WALNUT HILL LN,,SIMI VALLEY,CA,73072-6654
59009131,DIANA,SPRENGER,515 E JOSEPHINE AVE,,LA VERNE,CA,75058-0264
2014937,JANE,BUCKNER,5335 VANDERBILT AVE,,GRANADA HILLS,CA,80015-3214
9917125584,MARIA,CASTILLO,3955 SANDRA LYNN DR,,AUSTIN,TX,13090-1033
9933004906,JILL,WOOD,13 ROYAL DALTON CIR,,CASTLE ROCK,CO,78504-5706
77001503,BETHANN,KIRKLAND,56615 STONECREST DR,,HILLSDALE,NJ,43614-5520
9026689,DIANE,BOBBITT,1755 NW FLORIDA AVE,,PHOENIX,AZ,91977-7130
35020198,BARBARA,COUNCELLER,1551 HORSE SHOE RDG,,STARKVILLE,MS,75110-2241
25028324,MICHELLE,LEFEBVRE,6888 RIDGE POINT RD,,LAKE WORTH,FL,78230-2704
9933003559,DEB,NICHOLS,583 WILLOW GREEN DR,,CONROE,TX,07922-2001
105005421,KRISTI,WHITELEY,57535 KNOLLSIDE AVE,,ARLINGTON,TX,77306-8309
9923003047,SUSAN,MCCAFFERTY,3883 LONGS PEAK CIR,,BANDERA,TX,87401-8631
9943056058,GINA,LINGE,51131 ANGLETERRE DR,,SPRING,TX,37215-5220
111002896,SHERRY,CROCILLA,78 EASTON POINT WAY,,PEARLAND,TX,47711-5868
125002334,JOYCE,MCELENNEY,1855 LAUREN LAKE DR,,MISSOURI CITY,TX,80005-3737
9942049694,DIANE,GEORGIAFANDIS,5385 S SHEARWOOD DR,,MONTGOMERY,TX,92675-3357
999003704,TINA,SANCHEZ,1138 E BLACKJACK RD,,LAGO VISTA,TX,31501-7654
115006509,KAREN,LIEBERMAN,17 RANCHO LAGUNA DR,,DUNCAN,OK,78201-4842
59011737,TRACY,BROWN,1559 RIVERFOREST DR,,CLAREMONT,CA,02889-6809
9916107223,SUZANNE,ADAMS,17755 BERRINGER RUN,,MUSTANG,OK,78230-3739
9932003774,LAURIE,NORWOOD,3789 MORNINGSTAR DR,,NASHVILLE,TN,37220-1804
30012308,DENISE,OBRIEN,9336 OLD RIVER CT W,,Seattle,WA,76063-3596
64008181,KATHY,GUERRERO,1685 FIELDSTONE TRL,,WAYLAND,MA,80138-7957
111002366,KAREN,FURBUSH,1313 N BRIARWOOD LN,,HUMBLE,TX,78633-5422
18023188,SHARI,LANDRIDGE,333 MOUNT VERNON DR,,TERRE HAUTE,IN,32162-2860
9930030093,BRENDA,BONDARENKO,518 W SAN MIGUEL ST,,HIDEAWAY,TX,63701-4949
9908000443,MICHELE,BROWNE,7585 LEGACY OAKS PL,,BOULDER,CO,93065-7368
9930034372,LINDA,ARCHER,9888 WESTCLIFF PKWY,,COLLEYVILLE,TX,98074-6513
9937033475,CLAUDIA,FALOON,5159 HILLS CREEK DR,,ARLINGTON HEIGHTS,IL,33411-4011
3024068,SHARI,MADONNA,8516 HAWK SPRING HL,,RANCHO CUCAMONGA,CA,45050-1259
61006711,CHERYL,WILSON,5887 NW SIMNASHO DR,,SIMSBURY,CT,76001-5663
9923006612,RACHEL,BELL,5636 HIDDENBROOK DR,,SAN ANTONIO,TX,85281-1776
83000928,MIRIAM,WILLIAMS,9713 BLACKHAWK BLVD,,CORAL SPRINGS,FL,77414-9296
68003456,JAMIE,WISNIEWSKI,671 COUNTRY CLUB RD,,SAN DIEGO,CA,84092-5925
59011553,CHRISTINE,DJIOUNAS,858 COUNTRY CLUB DR,,LA VERNE,CA,77303-2470
52017962,ANNA MARIE,LESAKO,5858 S ARMSTRONG ST,,FAIRFAX STATION,VA,77381-2587
9942046152,BARBARA,LONGENECKER,7788 CONTINENTAL DR,,HOUSTON,TX,80503-7918
45011004,ERIN,BAKER,5331 E GARFIELD AVE,,EMERALD HILLS,CA,72758-8862
9919011611,KRISTY,HOLLAND,9853 GREENSVIEW CIR,,HOUSTON,TX,43338-9327
78003828,GAYNELLE,HISLOP,3383 BROOKWATER CIR,,BENTONVILLE,AR,78231-2254
9917123440,PAT,SEALE,355 LAKE FRONT BLVD,,SEGUIN,TX,32082-4335
9942038911,ANGELA,CRAWFORD,885 VALLEY VISTA DR,,LEAGUE CITY,TX,85226-2757
7013876,SUSEN,COSGROVE,311 WINTER BLUFF DR,,HUNTINGTON BEACH,CA,75097-0280
67004941,HESTER,GIRLINGHOUSE,3958 N RAINDROP CIR,,NEWBURY PARK,CA,75491-5978
50019543,MARY,BERMAN,5735 E CAMPBELL AVE,,MOOSIC,PA,92630-6405
6043734,RITA,CRAIG,53175 WINDY PINE DR,,SAN CLEMENTE,CA,74133-7015
71008873,DEBBYE,MILLER,33135 MEADOWLARK ST,,MOORPARK,CA,76458-0414
9942043502,SUSAN,DRUMMOND,5838 ASPEN CREEK DR,,DICKINSON,TX,33928-6363
39031120,ELLEN,UPSHAW,5888 RIVER RIDGE RD,,GREENFIELD CENTER,NY,77356-5476
111002983,CHRIS,SUSBILLA,7538 EASTWOOD DR SE,,FRIENDSWOOD,TX,76108-9012
39039567,AMY,BOWLES,5988 SUMMIT HILL DR,,WEST PALM BEACH,FL,37067-6486
6040483,REBECCA,CHAPMAN,5918 SW OAKWATER PT,,ENCINITAS,CA,50265-3140
9936028382,MARY,FATICA,5883 EAGLE RIDGE CT,,GRAND PRAIRIE,TX,40245-5131
9930031838,MARY,JACKSON,3398 VISTA RANCH DR,,ROGERS,AR,76065-7505
9935017228,HEIDI,OVERMAN,1686 PINE VALLEY DR,,KELLER,TX,91214-1131
9932041401,STACEY,HAUMSCHILD,83163 SAINT MARK DR,,HENDERSONVILLE,TN,50588-2430
6044501,AMY,MCCALLEN,977 SADDLE RIDGE DR,,SAN CLEMENTE,CA,60010-3377
19029021,JEANNE,PAINTER,3553 VINE STREET CT,,SILVIS,IL,91301-1949
9932005489,SHERRYL,SMITH,8885 LEANING OAK DR,,BRENTWOOD,TN,48353-3773
999003884,ALAN,DANESI,3358 INDIAN DEER RD,,SOUTHLAKE,TX,80908-2910
106009372,BRENDA,CAMPAU,651 N HOLLISTON AVE,,CHARLOTTE,NC,97224-5641
39033629,CYNTHIA,JONES,153 W WASHINGTON ST,,FAIRCHANCE,PA,75206-5439
47018574,DEBRA,SCHOON,8159 LANDAU PARK LN,,CANMER,KY,46950-9343
9905015603,HEATHER,O'BRIEN,689 DENTON CREEK DR,,BURLESON,TX,29910-5871
9916121554,CATHIE,BROOKS,55555 FITZGERALD ST,,OKLAHOMA CITY,OK,01057-1319
9914015952,PATRICIA,KINNISON,58957 LAKERIDGE RUN,,HOUSTON,TX,06001-4543
9938010277,ANGELIQUE,KEIGHER,3563 SPRING LAKE DR,,MIRAMAR,FL,76058-2815
9902011850,BARB,ANDERSON,515 BELLA VISTA WAY,,NASHVILLE,TN,07621-1427
106005989,ALEX,LYON,5158 W HIGHLAND AVE,,SANTA CLARITA,CA,73013-5131
40040289,JUDY,KOSKI,3853 POINTE LOMA DR,,KILGORE,TX,73064-9532
18020564,STANLEY,HUNT,5781 HIGH PLAINS DR,,CLAIRTON,PA,54115-9245
105003752,CARLA,CHRISTIE,135 W 53TH ST APT 3,,MIDLOTHIAN,TX,98665-5325
61006890,PAULETTE,BOUCHER,8 SILVER MINE ACRES,,WEATOGUE,CT,50010-7101
9903000721,SUE,WADE,7951 E HAMPSHIRE RD,,MONTGOMERY,TX,73750-4208
13018457,APRIL,JONES,6838 S ELIZABETH ST,,GRANTVILLE,GA,77084-5169
39037724,TRACY,KINGFIELD,1317 PINE ISLAND CT,,JUPITER,FL,37403-1799
78000166,SANDY,ULIASZ,8756 WAVE CIR APT C,,BRANSON,MO,93021-8767
9923003243,ANNE,BRAYFIELD,56535 NW PAISLEY DR,,SAN ANTONIO,TX,37865-3221
60012711,JEAN,FLUSCHE,58389 WHEATLAND AVE,,SOUTH WINDSOR,CT,80122-1937
9937024813,JUDITH,HICKS,6183 BRONZE LEAF DR,,CHICAGO,IL,77351-3458
39039121,AMANDA,KAVANAGH,7883 CASTON PARK DR,,JUPITER,FL,75088-6600
65022373,KAREN,PYLANT,516 BELLA VISTA WAY,,LIVONIA,MI,91789-3700
9903003288,CHARLIE,ROBERTS,6789 COOL MEADOW DR,,HOUSTON,TX,77512-1468
63007619,CELIA,ROEHRIG,733 N SCREENLAND DR,,PONTE VEDRA BEACH,FL,27539-6305
9917131118,HOLLY,SPARKS,6368 MARY ELLEN AVE,,PHARR,TX,75033-2412
18019531,ANGELA,REICHART,558 BURNHAM WOOD LN,,INDIANAPOLIS,IN,28658-7415
9922001176,CALLI,WILLIAMS,9583 SWEET TREE TRL,,LAKEWOOD,CO,40245-5631
70002900,SUZANNE,MCGURKIN,389 E MACALESTER PL,,HILLSBORO,OR,53719-5062
15079656,STEPHANIE,LAKE,3953 SILVERLAKE WAY,,SIMI VALLEY,CA,80109-3613
61010186,GENEVA,WARD,5715 WILLOW PARK DR,,BROAD BROOK,CT,77381-4815
9913069226,JENNIFER,CAMPOS,155 MORNING MIST LN,,BROOMFIELD,CO,92115-2025
115006972,CHERYL E,GLOSICK,8951 COUNTY LINE RD,,YUKON,OK,75068-2282
9936006825,MARGARET,BROWN,58 E BECKONVALE CIR,,GRANBURY,TX,90278-2053
9926002311,LAURETTA,TEAL,58893 TWIN LAKES LN,,WYLIE,TX,20170-4619
3023792,JANICE,DAVIS,59 VILLAGE KNOLL PL,,RANCHO CUCAMONGA,CA,76001-1900
82001056,DANA,DALTON,1331 ASHEN LIGHT DR,,CORONA,CA,87120-4112
75000006,CAROL,WALSH,7685 TANGLE VINE DR,,BARTLESVILLE,OK,77065-4255
9917122463,JOANN,PHIPPS,13781 E WYOMING CIR,,SPRING,TX,07675-3310
6040661,JANA,JAQUILLARD,13159 US HIGHWAY 33,,LAKE OSWEGO,OR,47918-8080
9917117145,BARBARA,RAUSCH,19159 SEABISCUIT DR,,LIVE OAK,TX,37027-7963
59013699,DEBRA,UDELL,58553 US HIGHWAY 59,,TEHACHAPI,CA,63129-4623
71003510,RENEE,HORNE,58769 N SARATOGA DR,,OXNARD,CA,34761-4863
3025688,JESSICA,SKOOG,885 BEDFORD OAKS DR,,WHITTIER,CA,32003-4216
11020280,SUZANNE,OLSEN,5915 WILD HORSE WAY,,SAN JOSE,CA,75154-1883
103002704,MANDY,FOWLER,5115 CLEAR CREEK DR,,PARKER,CO,76209-1270
110004390,DOROTHY,CHRISTIAN,373 CHERRY BROOK RD,,SAN MARCOS,TX,80121-2919
9937030416,BRENDA,HASTINGS,3399 INVERNESS BLVD,,FERRIS,TX,48169-8169
18022031,DIANE,RIDLEY,1958 AMBER HILL TRL,,FISHERS,IN,60585-2814
54017784,CAROL,FOERSTER,11515 SOUTHSHORE DR,,DES MOINES,IA,76063-0069
60011729,TERRANCE,TRIMBLE,515 ROUND HOLLOW LN,,SOUTHWICK,MA,75561-0721
26021407,SHIRLEY,WEBER,8166 TWIN CREEK CIR,,MESA,AZ,75034-8429
66003639,BRENT,LOFTUS,1785 SADDLECREEK DR,,LOS ALAMITOS,CA,20112-2734
9916124671,DARIN,BROWN,819 MORNINGSIDE TRL,,MOORE,OK,02871-1117
9907006578,LINSEY,MENDOZA,3356 RUSH RIVER TRL,,MCKINNEY,TX,38506-4356
999003815,ROBIN,REID,981 E PETALUMA BLVD,,HURST,TX,01501-2852
9923008910,GLORIA,HALL,358 CINNAMON OAK LN,,APO,AP,80918-5200
55012767,MARY V,LEFLER,56 BARDWELL ST # 1L,,BRADENTON,FL,34746-2856
63008791,JUNE,PEARSON,8355 CASUALWOOD WAY,,JACKSONVILLE,FL,85249-5986
9936011661,MICHAEL,PARTRIDGE,613 W SOUTHGATE AVE,,ARLINGTON,TX,46835-8859
9936009276,BEVERLY,JOHNSON,53178 RED ALDER AVE,,ARLINGTON,TX,01923-2066
11017023,KANDY,AYNES,313 RUSTIC RANCH CT,,SAN JOSE,CA,43157-0323
65019971,CAROL,SKORA,58333 HILLS LAKE CT,,LIVONIA,MI,80601-0371
18017327,JAN,JENSEN,55535 E TAMARAC CIR,,INDIANAPOLIS,IN,75243-6207
121001664,JULIE,LAMBROS,186 SUMMIT RIDGE DR,,GOLDEN,CO,40014-9267
51014771,CINDY,TIPPL,58339 E MONUMENT DR,,BLUFFTON,SC,01106-1554
9930006635,SANDRA,BISHOP,5 ABBOTT RD UNIT 75,,EL CAJON,CA,95843-4655
105001977,LAURIE,ELLEFSEN,5955 OVERHOLTZER DR,,BURLESON,TX,91316-1977
40046976,LETICIA,BEARD,1855 MEADOW TREE LN,,ORLANDO,FL,43607-1575
26022258,JANE,RAY,5653 ROCKY POINT DR,,SUN LAKES,AZ,97205-1142
60013116,DANIELA,FOX,3185 RIVER RIDGE DR,,TOLLAND,CT,76052-6231
120006016,CHRISTINE,IACOBUCCI,6951 S CRESTVIEW DR,,CASCADE,CO,37040-6605
44011930,JAYLENE,DELAUGHTER,8759 GRAPEVIEW BLVD,,FLORISSANT,MO,33458-2753
32012785,EDY,PHILLIPS,5358 FEATHERWOOD DR,,SOUTH WHITLEY,IN,63123-6286
12015119,JOSI,GNEPPER,58 TIMBER RIDGE TRL,,RIVERSIDE,CA,33414-8957
3023562,DELORES,SPRINGER,55688 N VICTORIA DR,,ANAHEIM,CA,43402-8820
9934013423,ROBERT,MONTAGNA,3533 BRUSH CREEK RD,,LITTLETON,CO,50501-2127
102002140,EMILY,MAJESKI,13355 LONE WOLF TRL,,ASHEVILLE,NC,80937-8636
15081714,FAYE,FITZGERALD,55815 VILLACOURT LN,,WOODLAND HILLS,CA,75068-0435
22020433,HEIDI,WOODSIDE,58838 SNOWY OWL WAY,,GALLOWAY,OH,34491-8083
9934033890,JOY,HICKS,959 RIDGE SPRING CT,,PARKER,CO,33410-1512
78001840,MODENE,REYES,6713 LITTLE JOE TRL,,WELLINGTON,CO,76065-4886
122003250,LAURA,GABBARD,9668 E PRENTICE CIR,,MEDINA,TX,32221-6108
3024849,KAREN,CINDY,1155 STABLERIDGE DR,,DIAMOND BAR,CA,46077-9748
64006782,MELISSA,REED,55575 PINENEEDLE CT,,WESTON,MA,80503-3920
61006500,IRMA,JACOBS,185 PEBBLE BEACH DR,,AVON,CT,80516-7228
106003849,CANDI,BENNETT,3755 CHAMBERLAIN CT,,FRISCO,TX,73139-4026
71006134,JULIE,CASTLE,1898 HIGH MEADOW DR,,SIMI VALLEY,CA,90602-3529
61008698,SANDY,ALBERTSON,5533 RADNOR GLEN DR,,TORRINGTON,CT,77396-1586
53013517,JACKIE,ROSER,119 BUZZARD ROCK RD,,HILLSBORO,OR,79714-2307
9935016130,JULIE,RUSSELL,55559 CREEKHURST DR,,BURLESON,TX,80112-2605
9938016282,ELAINE,KLIEBENSTEIN,73 CHAPIN GREENE DR,,ARVADA,CO,75002-3713
9945059044,ABBY,TURNER,8733 AUBURN MANE DR,,KINGSLAND,TX,01721-1800
39034011,MARCY,TORRES,1113 CENTERBROOK LN,,PALM BEACH GARDENS,FL,75098-4547
9913060819,KRISTIN,MCDONAGH,658 SUNBLEST BLVD S,,HOUSTON,TX,76179-6619
71006724,SHARON,CURTIS,15359 PARK VILLA DR,,MOORPARK,CA,80126-3618
126000635,ALICIA,PAXSON,51338 GLENDURGAN DR,,COPPELL,TX,75035-6827
7017785,EILEEN,HOEFER,1579 COPPERFIELD CT,,CORONA DL MAR,CA,92656-1384
63006224,SUZANNE,HANSEN,31 PEBBLE HOLLOW CT,,JACKSONVILLE,FL,97392-5902
9902015834,KAREN,ELIAS,1888 WESTBOROUGH DR,,HICKORY,KY,32765-9146
18021999,LAURA,FARRIS,181 CAPE POINTE CIR,,LEBANON,IN,06010-8955
53010102,BARBARA,DUFFY,7558 SCARBOROUGH LN,,VENETA,OR,91311-6765
30012256,JUDI,CONNEVEY,6783 FORSYTH OAK CT,,SEATTLE,WA,76013-4801
18019628,JEAN,LUGO,6185 GRANDE COVE CT,,NOBLESVILLE,IN,40013-7552
9907010194,JUDY,HUTCHINGS,55513 CEDARHURST DR,,ALLEN,TX,75244-7909
9942053936,PAULA,KELLER,9555 DOVE MEADOW DR,,LA PORTE,TX,52233-1839
9937040343,DEBBIE,GARGIULO,7385 PINE CREEK TRL,,LITTLE ELM,TX,73159-3805
17070998,KIMBERLY,KYD,3713 CANON GATE CIR,,VENTURA,CA,33475-0375
9911002023,KELLIE,HAARMEYER,3857 BROOKHOLLOW RD,,BURLESON,TX,78014-0500
9907002188,JANE,ANDERSON,186 NATURE TRAIL RD,,FRISCO,TX,98837-1679
120003038,KAY,ABRAMS,1571 WIND RIVER TRL,,COLORADO SPRINGS,CO,80504-3770
54016781,STEPHANIE,O'DONNAL,3558 W BLUE RAY CIR,,PLEASANT HILL,IA,07401-0015
9923010932,PEGGY,ANTHONY,6368 ROYAL WOODS DR,,SAN ANTONIO,TX,76048-2638
9912005024,LINDA,EGAN,5538 BELLA VISTA DR,,GROVES,TX,04860-4605
55015120,MARY,FLANAGAN,3381 WINGED FOOT DR,,HUDSON,FL,40205-2525
60010070,ALBA,JOHNSTON,5883 SUNSET OAK CIR,,AMSTON,CT,37130-1137
22021144,STACY,DURHAM,553 COVE POINTE WAY,,BLACKLICK,OH,91362-4614
9911001399,DEE,DILAGO,57853 US HIGHWAY 59,,FORT WORTH,TX,98199-4033
82000258,SUSAN,CHAPMAN,1888 ALAN A DALE RD,,FULLERTON,CA,80504-1720
25021830,DANA,GWIN,758 COUNTY ROAD 785,,ORLANDO,FL,92782-1258
113000813,DIANA,ADAMSKI,3338 LAKE STREAM DR,,CYPRESS,TX,48167-3704
54017120,SHARON,HAYNES,1398 W MULBERRY AVE,,URBANDALE,IA,48382-1090
9914010328,KAREN,MULLKOFF,1633 WHEATFIELD CIR,,BEDIAS,TX,21136-5511
35023103,EVA,CHO,59 CHESTNUT HILL CT,,CAROL STREAM,IL,78130-5872
999002744,KELLY,BURKHART,5516 LINCOYA BAY DR,,FLOWER MOUND,TX,80401-1832
68001944,MAUREEN,ROBINSON,9655 CLOVER HILL RD,,LA MESA,CA,97124-7320
9934012896,NANCY,GAIDO,59337 GULFSTREAM DR,,COTUIT,MA,75052-8343
65025583,MARIE,BASCI,58338 FIRE RIDGE DR,,GRAND RAPIDS,MI,73115-4435
9936023579,MELISSA,JANECEK,9555 LIPTONSHIRE DR,,ARLINGTON,TX,47111-8711
9919014064,MARCIA,COLE,635 PYRAMID PEAK ST,,MANSFIELD,TX,91754-3959
9917134159,KITTIE,MATSON,1583 N FRANKLIN AVE,,SAN ANTONIO,TX,77019-6551
18021040,JAMES,HORNER,58583 ROCKING M TRL,,MURRELLS INLET,SC,47586-2807
39032415,LINDA,WELLS,53568 WOOD CREEK CT,,PALM CITY,FL,77345-2348
72006119,DEBBIE,ROST,953 S FARM ROAD 597,,LOS ANGELES,CA,50131-4796
9917118747,JUDI,MOORE,5653 WILLOW GLEN CT,,SAN ANTONIO,TX,77005-3712
25029961,LISA,ERICKSON,317 AUTUMN LAKE TRL,,MARGATE,FL,80026-3349
9902014380,DONNA,THOMPSON,17683 OAK BROOK WAY,,PEGRAM,TN,48178-9557
9916104054,CATHY,MAUCK,6331 COBBLESTONE LN,,SAN ANTONIO,TX,63376-7644
47016233,DARLA,LEVINE,5938 SADDLEBROOK DR,,LOUISVILLE,KY,76092-7624
9923002954,DEBBIE,BRITTAIN,9551 N ALABASTER PL,,SAN ANTONIO,TX,43206-3543
9937035252,JODI,LAROCCA,185 N MILL VIEW WAY,,SULPHUR SPRINGS,TX,95403-2293
9934026316,PATRICIA,BASSE,3958 BRAESVALLEY DR,,SAN ANTONIO,TX,71201-2306
9917128692,SUSAN,MCINTOSH,713 E FIELDSTONE PL,,SAN ANTONIO,TX,78750-2505
54013143,ILENE,BRUNS,79 GENESEE RIDGE DR,,URBANDALE,IA,07628-2112
9917136605,CONNIE,PELL,53958 WEDDINGTON ST,,SAN ANTONIO,TX,33510-2102
9916121486,RUTA,GLASPIE,3183 W ABERDEEN AVE,,OKLAHOMA CITY,OK,02493-2026
103004792,MARIA,SMITH,5135 W ECKERMAN AVE,,AURORA,CO,43230-6214
103001664,DIANNA,REWIS,1937 S CREEKWOOD DR,,CASTLE ROCK,CO,33426-8848
39032648,AMY,GILBREATH,58856 SUN RIDGE CIR,,RIVIERA BEACH,FL,77094-3055
27022686,JULIE,GRAYSON,5358 CHARTER OAK DR,,ALTON,IL,95051-1845
120003211,AMY,MERRILL,359 COUNTY ROAD 538,,COLORADO SPRINGS,CO,28117-9607
115006166,DEBRA,MOTLEY,5183 BROADMOOR BLVD,,OKLAHOMA CITY,OK,92007-2046
19025072,MARK,COLLIER,39 WRANGLER PASS DR,,ELK GROVE VILLAGE,IL,90621-3930
9937012728,KATHY,EASTMAN,5857 BROKEN BEND DR,,MOORPARK,CA,85710-8056
9915001075,TAMMY,GREENING,887 FALLING LEAF DR,,LEWISVILLE,TX,32817-2407
72003129,DAWN,RANALDI,3999 LAKE CREST TER,,PORTLAND,OR,75025-4177
110005664,MARILYN,THIEL,5155 CARROLLTON AVE,,IRVING,TX,33463-2908
26024681,RICK,HERNANDEZ,5187 PALMBROOKE CIR,,GILBERT,AZ,64157-7644
60011932,TAMI,ROWE,13813 BUTTERWICK DR,,SOUTH WINDSOR,CT,74013-1259
9917139144,MARIAN,JACKSON,53 WILLOW STREAM DR,,LYTLE,TX,52595-0041
120002156,KARINA,BESTON,1316 CENTERBROOK LN,,COLORADO SPRINGS,CO,78260-3585
9933025091,ROBYN,MCQUESTON,5918 LOS ENCINOS ST,,NEW CANEY,TX,73034-3422
9936017947,CANDI,MORQUECHO,1385 COACH HOUSE DR,,MABANK,TX,43528-7852
9907018089,CAROLYN,PAGE,5781 CHIP N DALE DR,,FRISCO,TX,32259-6285
66003935,DEBBIE,WILLI,8839 S WILLIAMS WAY,,HUNTINGTON BEACH,CA,77382-1155
9917127964,KAREN,MONDRAGON,17355 CEDAR PARK CT,,BOERNE,TX,85377-2102
114006361,EMMA,COMBEL,53 VILLAGE PLAZA DR,,GARLAND,TX,80459-0074
60013384,LAURA,BROOKS,6981 FOREST PARK ST,,GLASTONBURY,CT,45833-1352
9904048560,NATALIE,TOLL,1353 WINDY RIDGE CT,,ELKHART,IN,78006-0919
60008988,JOYCE,WACHT,3185 BRYANT PARK DR,,ELLINGTON,CT,32750-3792
9908008186,DEBBIE,PYLE,3357 LAURELHURST LN,,FORT COLLINS,CO,33412-1618
55015426,KRISTY,MARLOW,59398 DEVONWOOD CIR,,FORT WAYNE,IN,78015-6554
22018912,JACKIE,SWAIM,358 N JEFFERSON AVE,,MOUNDSVILLE,WV,85020-4173
60012722,ELLEN,HEATH,3938 N DEAD WOOD DR,,BRISTOL,CT,80122-1209
9922005129,CAROL,GOODFELLOW,5151 W SHEFFIELD DR,,GILL,CO,78261-2581
72002578,LAURETTA,SKILLMAN,573 WESTCHESTER AVE,,LOS ANGELES,CA,33458-1850
9916100802,CYNTHIA,MERCER,51859 FRAMINGHAM CT,,YUKON,OK,92808-1660
9937021013,ROBERT,HOLCOMB,5587 RANGE RIDER DR,,LITTLE ROCK,AR,77346-6039
77004172,SHARON,MARSHALL,378 N CLIFFWOOD AVE,,PARAMUS,NJ,75033-1369
112000147,PHYLLIS,ELD,5683 GRASSLAND BLVD,,SPRING,TX,78240-4413
104002283,STEPHANIE,POCKNETT,555 LAWRENCE TEE LN,,KELLER,TX,33025-1776
122002612,LISA,HASTINGS,3735 WESTCHESTER ST,,LAREDO,TX,33071-8017
115008163,PAULA,MIRRO,5698 S MILWAUKEE ST,,NORMAN,OK,78574-2022
4014766,KARIN,BARTH,5555 W PARKHILL AVE,,HUNTSVILLE,TX,80126-8043
55015323,BOBBIE,BARROWS,3353 LAUREL LEAF DR,,WILMINGTON,NC,85207-4121
9921011582,JEANNETTE,DENVIR,5959 ALAN DR APT 53,,DAWSONVILLE,GA,78260-2419
35020087,JILL,GILSON,159 SPRING BROOK DR,,ANTIOCH,IL,50003-8612
112001855,MARK,RODRIGUEZ,58875 E MARGARET DR,,WILLIS,TX,33458-6748
9919022459,MARY ANN,HUBBARD,3353 LAKE CREEK TRL,,WEBSTER,TX,76028-7468
115008818,JENNIFER,ROMINE,8585 CENTURY OAK CT,,VERNON,TX,91739-1716
9934021821,DANA,FREEDLE,3686 ACORN WOOD WAY,,HIGHLANDS RANCH,CO,72712-8418
106004255,KATHY,BARFOOT,3385 LIONS PRIDE LN,,LEWISVILLE,TX,76262-5295
66003130,KRISHNA,ATTAWAY,1758 W POSITANO WAY,,TEMPE,AZ,30040-1352
40050513,VALERIE,MACHANN,55858 BRAESRIDGE DR,,ORLANDO,FL,78253-5299
9914017669,ELIZABETH,KNOWLTON,51653 BELLE ISLE LN,,SUGAR LAND,TX,60614-2610
9905013671,CHARLEEN,MURPHY,3913 HEATHERSAGE DR,,ARLINGTON,TX,08833-3100
112000208,EDYIE,VALLEE,8563 S HUMBOLDT CIR,,SPRING,TX,33706-2548
20015048,TAMARA,THOMAS,3886 LEGEND WELL DR,,MEDICINE LODGE,KS,91750-1653
18019977,SHARON,TRIVEDI,5391 WOODFIELD DR N,,LEEDS,MA,40220-3824
40051953,MAY,BELENKY,8355 COPPERTOWNE LN,,SAINT CLOUD,FL,76065-6111
9919022124,SHIRLEY,HANSEN,565 E WISCONSIN AVE,,LIVE OAK,TX,02452-8804
103001667,ARLENE,KING,5318 SANTA LUISA DR,,EDWARDS,CO,60521-3314
52021326,RENEE,JOHNSTON,15131 WHITE PINE LN,,FRONT ROYAL,VA,80016-5083
71004648,MARY,ROSS,533 W POINSETTA AVE,,CHATSWORTH,CA,93063-2387
107005913,MAYRA,MAJOROS,5555 BEAR HOLLOW RD,,MASON CITY,IA,80007-6848
103002735,BRENDA,KALLAL,1317 GILLINGHAM CIR,,KATY,TX,37122-5042
54017875,SUSAN,BRAGG,51333 PINE RIDGE DR,,INDEPENDENCE,IA,75070-4495
103004059,EUGENIA,GRANT,157 S MC INTYRE WAY,,HGHLNDS RANCH,CO,14616-4342
9942041862,MONICA,STEWART,5339 ROYAL CREST DR,,ALVIN,TX,37027-7411
9937010136,LAURA,PACE,1787 WATERS LAKE LN,,MCKINNEY,TX,20152-6501
9932041223,JANIS,WEBB,533 N BERRYLINE CIR,,MURFREESBORO,TN,65616-8849
106002290,BARBARA,VERNOTZY,5786 CALIFORNIA TRL,,DENTON,TX,03903-1503
47017226,JENNIFER,SUAREZ,13383 PARK MARIPOSA,,LOUISVILLE,KY,43004-0020
63010783,RACHEL,BENEDICT,3311 HUMMINGBIRD ST,,SAN ANTONIO,TX,80301-3568
77000825,TANYA,DOWBNIA,8981 NEW SEABURY DR,,MONTVALE,NJ,92844-1800
44009573,KIM,TOLLEFSON,373 COUNTY ROAD 375,,BALLWIN,MO,76115-0605
9940146360,DIANNA C,BURGHARDT,5616 BEACONSHIRE RD,,FRIENDSWOOD,TX,76017-0539
4014065,JANET,VINCENT,9985 SECRETARIAT DR,,TUCSON,AZ,76177-8507
31016851,KYLE,RIDDLE,7895 BRAMBLEBUSH DR,,DURHAM,NC,37127-8303
6042892,BEL,STOREY,55388 HARRISBURG RD,,LAGUNA NIGUEL,CA,91739-1943
7014907,JEAN,MULLALY,3783 DOC SARGENT RD,,COSTA MESA,CA,32714-5855
59011063,CYNTHIA,MCKNIGHT,1831 SW CIMARRON CT,,CHINO HILLS,CA,76110-4039
58008362,LORRAINE,RIGGS,3768 PINE EAGLES DR,,INDIAN RIVER,MI,38305-8738
63007916,SHERYLL,CRANCE,35 MORNING WATCH RD,,JACKSONVILLE,FL,80211-4073
999004078,ANGELA,CORNELIUS,3895 WATERCOURSE DR,,LEWISVILLE,TX,77006-4013
19025599,JANET,PATTON,358 RUSTIC RIDGE DR,,NORMAL,IL,48152-3507
9919022982,JAN,WILSON,3351 WATERS EDGE LN,,HOUSTON,TX,76051-4719
9904049579,JULIANN,DUGAN,1658 SANTA YNEZ AVE,,HGHLNDS RANCH,CO,46077-1912
43023557,LYDIA,WILLIAMS,55 SCARLET MAPLE DR,,AURORA,OH,16828-8519
101001658,TERRI,BARNARD,5855 OAK SHADOWS DR,,NASHVILLE,TN,80031-1996
66005106,EVA,KRIZEK,583 MATTABASSETT ST,,OAKDALE,NY,80920-2407
24087657,KIM,POE,3915 PALM VALLEY RD,,NORTH HOLLYWOOD,CA,43081-8098
55007926,LAUREN,WEINZIMER,5188 TIMBERHAWK TRL,,COMMERCE TOWNSHIP,MI,78259-2279
40048004,MARYANN,KOHLER,7937 WOOD BLAIZE DR,,ORLANDO,FL,91406-1123
9936010025,CORRIE,PICKART,3835 APPALACHIAN LN,,ARLINGTON,TX,37027-4135
63010050,CHRISTINA,HALL,53753 WOOD CREEK CT,,JACKSONVILLE,FL,97232-1908
58009086,CHARLENE,CORTEZ,3653 RIVERFOREST DR,,PERRYSBURG,OH,90278-4029
18022685,NICOLE,BENDLER,6358 SAINT HENRY DR,,GREENWOOD,IN,43612-2455
9925001622,CAROL,WINGARD,3673 PONY TRACKS DR,,SAN ANTONIO,TX,92881-7031
61007553,KATHLEEN,LARUE,386 CRYSTAL LAKE RD,,TORRINGTON,CT,80634-8608
122002578,DIANNA,EBRAHIMI,53355 SCOTSMORE WAY,,MONTGOMERY,TX,77573-6917
9915002577,VERONICA,ALBRIGHT,1315 DARTS COVE WAY,,ROWLETT,TX,15931-1327
85000386,MARY,HARRIS,3758 SUMMER COVE CT,,EDWARDS,CA,40031-7534
9941011654,DENISE,EDBROOKE,3736 E PINEWOOD CIR,,SPRINGTOWN,TX,74804-2487
9935027594,FRANCES,BELMARES,15765 LOS ALIMOS ST,,BURLESON,TX,46902-4276
9904041274,BONNIE,GREWELL,7885 TROPP RIDGE DR,,MCHENRY,IL,44256-7895
9917137603,KELLY,RENTZ,3555 GUMBO LIMBO CT,,BIG SANDY,TX,06607-1225
60010060,JEANIE,BELL,1536 STONINGTON TER,,ROCKY HILL,CT,43537-9243
9916102186,LISA,HYNDS,57531 AVERHILL BLVD,,GUTHRIE,OK,15642-8841
2013758,DEE,PENNINGTON,868 AMANDA PINES DR,,BROWNSTOWN,MI,78154-1312
52020263,MEGAN,LUCAS,5958 HARBOR TOWN DR,,MANASSAS,VA,97487-9547
9906039322,CAROL,MARTEL,555 9TH AVE APT 183,,ALVIN,TX,78624-2956
58012096,LEAH,LOSEY,9 SPRING GARDEN AVE,,TOLEDO,OH,91739-8008
122000047,ELLEN,CROSS,138 PAUMA VALLEY DR,,POTEET,TX,07860-0341
9908002030,SUE,BOYER,368 W SUNNYRIDGE LN,,FORT COLLINS,CO,76053-1153
40046973,LISA,CRUM,31885 AVENIDA EVITA,,FLEMING ISLAND,FL,50009-1508
9027519,CAROL,EDWARDS,3355 DENSMORE AVE N,,RENO,NV,06067-1045
15082126,WANDA,BUSCH,3316 E ADDINGTON DR,,WOODLAND HILLS,CA,80232-5237
9905015494,GARY,ARNOLD,1783 BRIDGEWATER DR,,JUSTIN,TX,76063-6053
52019023,PAM,MCCURRY,5377 SE JENNINGS LN,,MECHANICSVILLE,VA,53013-0495
33017211,LINDA,NAFE,585 EAGLE CREEK CYN,,ALPHARETTA,GA,85022-4356
115008331,DONNA,OCONNOR,53155 SUMMER SQUALL,,HINTON,OK,78261-2898
65021577,SHANIA,SMITH,5333 W SEPULVEDA ST,,SOUTH LYON,MI,75052-3402
9945050638,CAROL,PRUITT,5885 SILVERBERRY LN,,MESA,AZ,44824-9238
9941017032,JILL,COLLINS,55815 DISCOVERY CIR,,KENNEDALE,TX,77385-3726
9938009540,SUZANNE,VESTER,518 PINE HAMMOCK CT,,LOUISVILLE,CO,38401-8928
68003367,MARTHA,RUCK,389 S RIVERSHIRE DR,,SOLANA BEACH,CA,75414-3419
53013485,SUZANNE,BRIDGES,5966 WOLF LAUREL DR,,PORTLAND,OR,75042-4211
54012635,KATHLEEN,GUSTAFSON,58873 COUNTY ROAD 3,,URBANDALE,IA,02155-1421
9902013382,LADONNA,ALLEN,7987 GRAND GULCH DR,,BRENTWOOD,TN,46037-9314
124003420,ANGELICA,WHITE,5883 S FRANKLIN AVE,,RICHARDSON,TX,90254-4946
82000178,JAMIE,HACKENYOS,6737 BIG SPRINGS DR,,CANYON LAKE,CA,53029-8677
116002062,LISA,LIVENGOOD,3585 INDIAN ROCK DR,,San Antonio,TX,06070-3014
25029539,MAUREEN,PUGA,3351 VISTA CHASE CT,,LAKE WORTH,FL,92131-1421
52016318,LORIANN,LADYMON,6687 POINT CLEAR DR,,CLIFTON,VA,80015-2005
63008909,MELISSA,ABBOTT,6558 W DEER HILL DR,,JACKSONVILLE,FL,71854-2418
9915071041,EVELYN,SHAW,3511 LEGEND BEND DR,,MINEOLA,TX,33414-6359
9942051525,MARIA,INNIS,3853 BAHIA ISLE CIR,,BAYTOWN,TX,75035-8251
9932032601,SUSAN,FICHTER,59768 CASTLEWOOD DR,,DICKSON,TN,80537-7976
9934022263,REGINA,KOPJANSKI,183 EAGLES PERCH PL,,LONGMONT,CO,33418-7334
72006576,STEPHANIE,KERR,378 N SUNNYSIDE AVE,,LOS ANGELES,CA,91024-1019
3027888,KAREN,FOX,5867 REDMOND AVE NE,,YORBA LINDA,CA,01053-9784
9937019788,ROSIE,ORDONEZ,385 HIDDEN TRAIL CT,,MCKINNEY,TX,75082-3764
9936015582,BETTY,HAMILTON,751 HIDDEN CREEK LN,,LAREDO,TX,77075-4903
83001678,ROBERT,LEDBETTER,3857 N HOLLOWAY AVE,,NAPLES,FL,80007-6811
17071459,MONICA,HOLDAWAY,3873 RIVER BIRCH LN,,NEWBURY PARK,CA,30075-8200
20012751,MARCIA,NORTON,3683 WILLOW BEND DR,,LEESBURG,VA,79536-6011
59013751,KATHLEEN,BROBERG,1858 SHADOW LAKE DR,,WEST COVINA,CA,31088-7721
120004308,REBECCA,NEISEN,183 CEDAR LN APT 1C,,COLORADO SPRINGS,CO,75831-5105
18019047,ADELE,GRIFFIN,1557 SUNNY CREEK DR,,INDIANAPOLIS,IN,80128-8038
9916098567,LEANNE,HERVEY,3937 COBBLESTONE LN,,EDMOND,OK,33990-2593
115006283,TRISH,LAMONICA,333 KELSEY PARK CIR,,OKLAHOMA CITY,OK,46037-4195
9906037364,MARI,CHIDESTER,5358 S DELAWARE AVE,,ENNIS,TX,77381-6233
9916126764,PAT,CRAFT,1983 AMBER HILL TRL,,EDMOND,OK,76133-5122
9945050215,MELISSA,LIVERSIDGE,3389 N HAZELWOOD ST,,KAUFMAN,TX,77382-4405
110005207,SALLY,ZIMMERMAN,5118 PINE NEEDLE CT,,FORT WORTH,TX,06060-1202
110005065,PATRICE,MCCABE,5555 ROTH FOREST LN,,ABILENE,TX,91786-2564
122003045,DENISE,CARR,573 CAPTAIN KIDD RD,,SAN ANTONIO,TX,01749-2846
55012094,ANGELA,ALLEN,5157 WILLS POINT DR,,BILLINGS,MT,73132-3962
9933030833,LORI,MORRISON,5153 S HANNIBAL WAY,,MAGNOLIA,TX,80129-1835
50017124,SUSAN,HILDEBRAND,668 COUNTY ROAD 735,,CENTREVILLE,VA,78261-2535
115007136,ROBERTA,DAVIS,5853 S MARSHALL CIR,,SHAWNEE,OK,32009-1504
39039008,NORA,KENNISON,176 CAMDEN HILLS DR,,WEST PALM BEACH,FL,76114-1715
59011592,BRENDA,BURVAN,185 SW DRAGONFLY CT,,EASTVALE,CA,01966-0305
52020086,KELLEY,BERGMAN,3335 DARLINGTON CIR,,LORTON,VA,12545-1537
9942039863,PAMELA,LARSON,58953 State Line Rd,,HOUSTON,TX,32250-2797
116001570,WENDY,LONGSTREET,11368 CEDAR FARM RD,,BRIDGEPORT,TX,80228-4835
9917107039,JANNA,TROJANOVICH,35 COUNTRY LAKES LN,,PLANO,TX,98241-0315
71002796,DAWN,MILLER,55888 S HIDDEN OAKS,,CEDAR PARK,TX,76177-7207
9942049944,RITU,FRENCHAK,18615 KINGSBORO WAY,,BAYTOWN,TX,92654-2625
7014375,JOANNE,LODOWSKI,93-5538 POLINAHE PL,,CARSON CITY,NV,77275-0931
120000875,DIANE,MCKEE,33315 SHORE LANTERN,,PEYTON,CO,32034-5606
115005827,MICHELLE,SAAVEDRA,56581 LUCKY BELL LN,,NORMAN,OK,90045-4404
66003655,AUDREY,BARFIELD,583 N BERRYLINE CIR,,ASHEVILLE,NC,93065-5632
58011205,GRETCHEN,KROTMAN,18858 MEADOWHILL DR,,PERRYSBURG,OH,75068-5212
112002458,KATIE,JORDAN,86 LAKE WINDSOR CIR,,CONROE,TX,78259-2171
60009678,DEBBIE,DEBBAN,3885 PINE NEEDLE LN,,SOUTH HADLEY,MA,92008-3764
60013785,PIPER,JOHNSON,11359 CENTENNIAL ST,,TOLLAND,CT,90503-6961
40044329,JENNIFER,KONING,53133 WOODTHORN WAY,,WINTER SPRINGS,FL,76002-4563
33018785,JENNIFER,WYLIE,13111 BALCONES GATE,,DULUTH,GA,22033-2433
9917125911,KATHLEEN,JACKSON,38 W FAIRBRANCH CIR,,AUSTIN,TX,80127-8547
106000496,JAMIE,HEBERT,7173 SANDY CREEK LN,,FRISCO,TX,77340-7314
70001597,WANDA,ENG,3133 CHEVY CHASE DR,,VANCOUVER,WA,37076-1377
71003686,HEATHER,CRAWFORD,53885 SUN MEADOW CT,,MISSION HILLS,CA,75013-5838
9925001169,TERRI,BRACKETT,37998 SILVER FOX CT,,SPRING BRANCH,TX,90042-2636
120004474,STEPHANIE,ROSE,1688 BURNINGTREE CT,,COLORADO SPRINGS,CO,76034-4340
64010597,NORMA,THUMMEL,38815 VIA CONQUISTA,,SAUGUS,MA,37205-4624
35020443,CATHY,DIGIACOMO,W117N3589 BRIDGE ST,,HOFFMAN ESTATES,IL,63021-8223
26022008,AMY,DUPONT,5389 ROYAL TROON DR,,CHANDLER,AZ,75068-6482
32012452,ELAINA,CHRISTMAN,6351 SAND HILLS CIR,,FORT WAYNE,IN,61081-9300
9921010877,STACI,REDDINGTON,51615 LOST TRAIL CT,,COLORADO SPRINGS,CO,92009-1738
54017288,JULIE,LEVINE,5538 CACTUSRIDGE ST,,NEW SHARON,IA,06489-2344
61007205,HEATHER,KRIVO,3358 CASTLE ROCK LN,,BRISTOL,CT,94544-4338
66004119,CHERI,MITTELHAMMER,3155 PONDEROSA BLVD,,BRANT,NY,76182-7681
60010493,DEBORAH,BRAZEL,515 MARINER COVE CT,,VERNON ROCKVILLE,CT,77386-3593
39034144,ELIZABETH,BANKS,188 CANADA VERDE ST,,TEQUESTA,FL,06033-2530
9917110563,SENAIDA,DILLMAN,9739 QUAKERTOWN AVE,,SAN ANTONIO,TX,77008-5110
110002711,REBECCA,MILLS,5135 N Mollison Ave,,FORT WORTH,TX,76226-6668
18020632,DEBBIE,INIGUEZ,13338 S PARKSIDE DR,,ANDERSON,IN,73012-9349
110004787,KAY,SPAULDING,7556 POWDER HORN LN,,BURLESON,TX,85226-1013
9903037140,CARRIE,PIERRO,7558 STONESFIELD PL,,WILLIS,TX,21090-1811
78001502,VERONICA,ROCKWELL,55 SHAKER HOLLOW RD,,PONCA CITY,OK,06074-2730
9916121075,MARY ANN,SURACE,5585 QUAILRIDGE WAY,,NORMAN,OK,77388-3494
18017005,KARA,ARMSTRONG,1535 PINE FOREST RD,,INDIANAPOLIS,IN,80031-4089
126001210,JANICE,DOUTY,355 SUMMIT RIDGE DR,,PLANO,TX,95945-8886
9938007758,TIFFANY,LAFEHR,55535 NORTHSTAR AVE,,WILTON,CT,75201-8445
103005807,CRYSTAL,LONG,53383 W HILLTOP CIR,,SALEM,OR,75025-3319
82000088,JOSE,BURTON,533 W RIDGEWOOD AVE,,CORONA,CA,33418-1848
9917137772,ANGELA,EGGER,59 WHITE BEECHES DR,,SAN ANTONIO,TX,87176-5015
39037537,GINNY,KIEL,57657 CANYONWOOD DR,,JUPITER,FL,80401-1343
59008748,APRIL,PRESTON,1753 MESA VALLEY DR,,SAN BERNARDINO,CA,46845-8842
111002936,MARIE,PARKRAY,153 W NORTH HILL DR,,OCALA,FL,75007-5044
9945049408,BONNIE,REEVES,388 MEADOW CREST RD,,DALLAS,TX,46032-9274
124004481,DENNI,BAILEY,3815 SPANISHMOSS DR,,RICHARDSON,TX,98223-4793
570015756,IRMA,WADA,9658 STONEBRIDGE PL,,KATY,TX,43613-2759
75000848,JOAN,JOHNSON,W5138 COUNTY ROAD L,,ROGERS,AR,78209-3731
27020449,ELIZABETH,LANG,3355 LIMBER PINE CT,,SAINT LOUIS,MO,74701-2533
9936023612,NICOLE,COMEAUX,58815 W CLEBURNE RD,,FORT WORTH,TX,50323-2297
106010012,ANN,SHAW,555 INDEPENDENCE ST,,GUNTER,TX,69034-0387
114000873,JERRIE,LANCASTER,5351 FOREST GLEN DR,,DALLAS,TX,80829-2757
39039926,ANNEMARIE,CERVANTES,3853 PIPER GLEN TER,,HOPKINTON,MA,93065-4361
23044474,STEPHANIE,MURPHY,3785 NE WISTARIA DR,,MORGANTOWN,WV,32963-1119
115006124,JANISE,LYONS,687 TALL TIMBERS LN,,SHAWNEE,OK,76039-5317
9917131582,MELANIE,PIETRANTONE,11658 INDIANWOOD DR,,YOAKUM,TX,79606-5630
9915066533,LISA,GRANRUTH,16185 MILITARY RD S,,SOUTHLAKE,TX,76092-7020
9934023153,KERRIE,BUDD,38 Highland Ave # 1,,HAXTUN,CO,78132-2866
114000697,LAURA,UNDERWOOD,53318 VILLA PARK DR,,DALLAS,TX,93065-5502
13016314,JOYCE,BOWMAN,1635 ELK CANYON CIR,,BRADENTON,FL,33408-2182
9920007263,PATRICIA,MALECH,3158 WHISPER OAK DR,,SAN ANTONIO,TX,78502-5642
9908002861,GWEN,ALBERS,1155 STABLERIDGE DR,,LONGMONT,CO,77381-3808
9902013468,MARY LYNN,GARBER,58833 SUGAR HILL DR,,LEBANON,TN,06070-1978
9943056187,VICTORIA,SHANNONHOUSE,5855 STATE ROUTE 65,,GRANGER,IN,72761-9610
9903035951,TAMI,KEPARUTIS,6516 HOGAN CREEK RD,,CONROE,TX,73110-3773
5020533,ANN,SCHICK,7573 PEBBLE PARK DR,,SACRAMENTO,CA,77380-3946
18016554,MELODIE,LAWRENCE,5338 BABLER PARK DR,,PLAINFIELD,IN,78268-7739
9938014254,SHELLEY,LOVELESS,3719 CLEAR CREEK RD,,SOUTHWICK,MA,90039-2017
26020756,ALENE,MORALES,3831 LOCH MEADOW CT,,PONTE VEDRA,FL,11030-1700
63011422,MARIA,HOLLAND,86 S PLUM CREST CIR,,SAINT JOHNS,FL,73047-9197
125000316,SUSAN,NIELSEN,5879 KING EDWARD DR,,SANDY,UT,00919-4775
40044083,VICTORIA,BALES,353 COUNTRY CLUB DR,,OVIEDO,FL,46001-2812
52021361,MARY,HULL,3885 BENDING OAK CT,,CENTREVILLE,VA,91042-1625
77005147,MARTINE,RAHIMIAN,185 TIMBER GROVE PL,,PARAMUS,NJ,85086-3271
60010457,KAREN,OLDHAM,59953 ESQUILINE AVE,,SOUTHAMPTON,MA,93063-5716
106007206,CHRISTIN,LENNIG,57 N TURTLE ROCK CT,,PARIS,TX,76244-6260
114006936,SHIRLEY,HUMPHREYS,5615 STONE CREEK DR,,DALLAS,TX,76210-1906
24085474,RUBY,ACCETTURO,1383 RIVERS EDGE DR,,PASADENA,CA,76028-2867
9935001169,TRACY,PORTUESE,5713 VIA SEVILLA ST,,NORTH RICHLAND HILLS,TX,77498-2351
65025826,NAIDA,DARROW,5651 EAGLE PEAK AVE,,TAYLOR,MI,85209-1397
9921002268,DONNA,GONZALES,3881 S WESTMONT AVE,,COLORADO SPRINGS,CO,34990-4754
9934002794,JENNIFER,JUNK,58373 LABRADOR LOOP,,CENTENNIAL,CO,75482-2617
9917110876,JOAN,COOPER,51768 FARRINGTON ST,,SAN ANTONIO,TX,37205-2459
71008701,BIANCA,AGNEW,5568 BRIAR CREEK DR,,CAMARILLO,CA,46360-1624
9934016821,CATHERINE,FERREIRA,7881 WATERGROOVE CT,,HGHLNDS RANCH,CO,34479-1872
39037040,CHRISTI,MERVILLE,5181 SW MOONLITE CV,,PALM CITY,FL,85756-6126
126001885,VONNIE,LEBER,1183 MOCKINGBIRD CT,,WICHITA FALLS,TX,11427-1914
9912002799,DORRIS,BEAULIEU,53315 WOODBROOK CIR,,DICKINSON,TX,32701-2010
18018920,CHRISTINA,CURRIE,8885 CAMINO MONTEGO,,DAVIE,FL,76210-2844
9908011133,CHRISSY,JOHNS,5758 NW CAITLIN TER,,WESTMINSTER,CO,75035-2968
25024566,MONICA,BRICKLEY,5181 THREE OAKS CIR,,WELLINGTON,FL,78251-1721
9942054460,LINDA,MOORE,5831 S PEACHWOOD DR,,DEER PARK,TX,77356-3222
118004667,SARA,TEMPLIN,35 E 38TH ST APT 8A,,TYLER,TX,48042-4143
9910151397,ELIZABETH,HORST,6381 BROADCAST PKWY,,SEATTLE,WA,91701-9200
118004059,NANCY,STONEBARAN,6383 DIAMOND LOCH N,,TYLER,TX,76179-6303
32013278,LAURA,JAKINO,3578 BOBBY JONES DR,,FORT WAYNE,IN,01089-2216
79000403,SUSAN,DAVIDSON,51533 DEERFIELD WAY,,LEXINGTON,NC,60617-3930
9941105844,CHET,HOOVER,999 Lake Dr Apt G5g,,BROWNWOOD,TX,76017-4966
9912006044,ELIZABETH,RAMIREZ,5198 NW BENTLEY CIR,,FRIENDSWOOD,TX,80021-7316
84000360,DAVID,DELEON,1938 AVENIDA VALERA,,OVERLAND PARK,KS,46226-2246
25028748,PATTI,SANDS,1853 TRANQUILITY LN,,THE VILLAGES,FL,75094-4353
60009117,JOAN,ROLSTON,9883 FERRY CREEK DR,,LUDLOW,MA,78259-1924
9937016235,KRISTEE,PEREZ,5158 W PRINCETON DR,,GRAPEVINE,TX,19701-2370
40048587,KATHRYN,METCALF,555 SILVER CREEK DR,,LAKE WALES,FL,24551-1955
112000234,LINDA,CUTLIP,1978 FAIRMOUNT BLVD,,WASHINGTON,LA,75034-8216
67003904,ANNA,JONES,853 REGENTS PARK DR,,WESTLAKE VILLAGE,CA,80126-2814
114007870,CLAUDIA,HERMAN,55156 STURBRIDGE RD,,DALLAS,TX,50219-2504
2014552,MARY,SKANSI,5783 STONE VILLA DR,,RANCHO PALOS VERDES,CA,85224-1685
106001150,MICHELLE,HAVENS,55856 REYES CANYONS,,FRISCO,TX,67205-1571
60009306,JENNIFER,BROWN,58653 E TANFORAN PL,,ROCKY HILL,CT,50265-5735
9917134166,DENISE,MOORE,558 JOHN THOMAS AVE,,MONAHANS,TX,37221-3967
10017361,ANNE,GETTMAN,788 COUNTY ROAD 533,,PHOENIX,AZ,65202-6662
12016603,JANET,CONGER,3586 N GLASSCOCK RD,,ASHEVILLE,NC,77006-1815
124000853,LYNN,HORNER,3135 TAVERN OAKS ST,,GARLAND,TX,90706-6009
9919009933,BRENDA,EBERTH,3855 N HOMESTEAD ST,,UNIVERSAL CITY,TX,95648-8753
9944004555,MICHELLE,PONZIO,58837 STRATMORE CIR,,HOUSTON,TX,33472-2739
3024119,SANDRA,HAWKINS,5815 CANDLELIGHT LN,,CERRITOS,CA,48154-6203
9943049465,MARTHA,MILLER,6555 N MARYLAND CIR,,SANTA FE,TX,73065-6478
75000566,MARCY,BASSETT,1758 SPRING BEND DR,,ROGERS,AR,95008-6314
121000738,SUZIE,ORTON,918 BONNIE BLUE WAY,,DENVER,CO,43147-8651
9921011083,RICHARD,GOVE,51515 SW KEATING DR,,COLORADO SPRINGS,CO,30024-3459
9937001845,ROSE,DUGGAN,8385 BRANDONWOOD DR,,AMES,IA,13035-9510
20014996,CLAUDIA,LEE,1816 SCISSORTAIL LN,,EUREKA SPRINGS,AR,85085-3760
40048334,LAVONNE,SINGER,5886 N GARFIELD AVE,,JACKSONVILLE,FL,92833-4634
9903001441,DIANE,VALENTINE,936 TOWERING OAK CT,,BROOMFIELD,CO,32703-8256
160022642,ARIKA,EGAN,5715 SPRINGBROOK ST,,STUDIO CITY,CA,74008-2070
120005491,BILL,ROBINSON,17635 RALPH FAIR RD,,COLORADO SPRINGS,CO,75904-7826
114005717,DIANAH,PETERSON,338 W TANGLEWOOD DR,,FRISCO,TX,46077-1032
9902010028,LISA,COLUMBIA,5395 W BARTLETT WAY,,NASHVILLE,TN,34771-9504
15078825,CYNDI,ZAGOREOS,853 N SNOW GOOSE ST,,WOODLAND HILLS,CA,78254-2418
72004299,STEPH,KERR,378 N SUNNYSIDE AVE,,LOS ANGELES,CA,91024-1019
26023125,TONI,TOMPKINS,11 ORCHARD PINES PL,,CHANDLER,AZ,30082-3348
63011115,AUDREA,GARZA,55538 GENTLEWOOD DR,,JACKSONVILLE,FL,06001-3120
11020955,LESLIE,PITTS,885 TAMAYO DR APT 3,,SANTA CLARA,CA,40047-5207
9935003147,AIMEE,PETHERICK,55686 THUNDERBAY DR,,JENISON,MI,78251-1226
9934005948,CHRIS,FITZGERALD,7899 SILVERWIND CIR,,PARKER,CO,06029-6800
64009236,JANE,JONES,53 Cufflin St Apt 5,,BOLTON,MA,32073-4249
71008174,BRENDA,BARNETT,17858 GEORGE OBRIEN,,CHATSWORTH,CA,73012-3282
61007818,LINDA,BRANDON,5358 SANTEE MILL RD,,AVON,CT,80112-2420
3025508,ADDIE,PARSONS,55337 GATEHOUSE TER,,ANAHEIM,CA,76655-3622
3023564,LOIS,BRANSON,55881 FLOWERWOOD DR,,BREA,CA,80915-2232
108002819,LANIS,FLACK,55856 STONEHEDGE LN,,FORT SMITH,AR,76244-9522
9937025118,MARYJEAN,DOUGLAS,53133 WOODTHORN WAY,,PLANO,TX,06057-1019
110001584,LUCY,PANOS,9367 STRONG BOX WAY,,MAYPEARL,TX,01056-0367
107006190,KATHLEEN,CARUSO,953 N RIVERSHIRE DR,,GREELEY,CO,02481-3503
3022244,MAUREEN,COFFMAN,5889 SPRINGSIDE WAY,,PLACENTIA,CA,76065-8747
70001178,JANIS,HOOK,55596 STILLFIELD PL,,WOODLAND,WA,34747-4617
9923007873,CATHRYN,COLVIN,6613 BABCOCK RD OFC,,SAN ANTONIO,TX,75644-3405
68003984,CHARMA,MILLER,59559 PINEY LAKE DR,,LA JOLLA,CA,33908-4111
9921009227,LINDA,OGAN,53318 CRAFTSMAN WAY,,COLORADO SPRINGS,CO,30339-7621
62018791,KRISTEN,CASE,5859 N EVERGREEN ST,,BEAUMONT,TX,78255-2116
9916104115,CARMELA,KIRKPATRICK,888 W WILDFLOWER CT,,OKLAHOMA CITY,OK,48230-1502
103002852,KATHERINE,BISHOP,3385 HIGH MEADOW PL,,PARKER,CO,80123-7716
59010456,TARA,DUPONT,3778 SUNNYBROOK AVE,,RANCHO CUCAMONGA,CA,98036-7150
65020578,DIANA,ESSLEY,3813 THOMASVILLE RD,,WEST BLOOMFIELD,MI,77396-3476
9922002576,LISA,WHEELER,57361 IRONGATE RAIL,,LITTLETON,CO,78253-6133
18022187,ANGELA,BILLEN,5378 GAMBEL OAKS DR,,GREENWOOD,IN,67846-4704
105000227,JANNA,BRAY,538 E 51388 S STE C,,GRAND PRAIRIE,TX,78259-2611
9914014344,KATIE,FRIEDMAN,51913 W HARVARD AVE,,HOUSTON,TX,77091-4529
9934032846,MARY,HINOJOSA,51581 RAINY OAKS DR,,HGHLNDS RANCH,CO,48152-2816
45011815,LISA,KOHNKE,5588 S ISABELLA AVE,,SAN MATEO,CA,48322-3280
9935021371,JENNIFER,HARRIS,5315 SWEET WOODS DR,,ROANOKE,TX,80232-6000
114000964,BRENDA,PAINE,3883 KEY HOLLOW WAY,,WYLIE,TX,75025-2524
9916099996,PAM,MURSZEWSKI,1885 PROVIDENCE WAY,,MADILL,OK,80465-2606
125000996,JULIE,VERGHESE,9588 WINDY CREST DR,,BEDFORD,TX,75104-1000
125002089,BARB,THREET,53688 SW ASHBURY LN,,GEORGETOWN,TX,01604-3964
28013147,MARY,JONES,1881 RIVER FALLS DR,,EULESS,TX,77521-9276
65024898,CHERILYNN,LINDLEY,5377 GLEN CANYON DR,,BRIGHTON,MI,80228-4972
999000091,JACQUI,TELFORD,338 NW SHOREVIEW DR,,COLLEYVILLE,TX,73129-6311
82001189,CYNTHE,JOHNSTON,3313 HONEYSUCKLE RD,,HAYDEN,ID,91103-1260
122001363,SHIRLEY,GILBERT,7388 RIVERCHASE TRL,,WESLACO,TX,43617-1355
20013789,KATIE,KEYS,1885 GLASTONBURY DR,,NORTH POTOMAC,MD,77316-9242
115007520,JONI,PITTMAN,7338 HEATHERMOOR LN,,YUKON,OK,60010-5129
52017790,SUSAN,EBY,353 MEADOW CREEK DR,,ALDIE,VA,48356-1674
122002554,JULIE,SEIS,8179 IVY SPRINGS CT,,SAN ANTONIO,TX,50138-1348
106006283,LUDA,DAVIS,5383 S DUNBARTON DR,,MARSHALL,TX,78253-4655
65025396,MARY,GUBIOTTI,5755 WILDFLOWER TRL,,RIVERVIEW,MI,46765-9229
104006044,BRENT,HUNT,653 INDIAN WELLS LN,,ROCKLIN,CA,37209-3325
32013338,NATHALIE,ROCKEY,151 E STATE ROAD 73,,ANGOLA,IN,77044-6054
65022056,KAREN,MERRICK,6853 GOLF VILLAS DR,,COMMERCE TOWNSHIP,MI,77523-0714
58011298,SHERI,JACKNIN,518 WOODEN MILL TER,,SEBRING,FL,29710-9020
78001760,DEBRA,ZUCCARO,5187 CHAPEL HILL DR,,SPRINGFIELD,MO,80124-3029
570019900,ASHLEY,BAUMANN,5837 EMERALD BAY DR,,NEW CANAAN,CT,78737-2843
9935009974,LORI,MOORE,7938 CREEK TRAIL ST,,GRAPEVINE,TX,32219-1971
9932036582,JOYCE,CHADBOURNE,1757 SUMMIT VIEW DR,,NASHVILLE,TN,90277-2965
9917140612,STEPHANIE,GOFORTH,6111 PEPPERDINE BAY,,SAN ANTONIO,TX,77057-2772
60010059,HALEY,ROBINSON,9519 HUNT SQUARE CT,,WINDSOR,CT,73703-1554
9917129554,SUZANNE,HILL,8358 BENT MEADOW DR,,SPRING,TX,76049-1338
9911001305,ROBERTA,VITTITOE,5618 EAGLE CREST DR,,HAMPDEN,MA,60448-1681
18017085,DIANNE,BRANDT,8581 BRIDGEWATER DR,,CARMEL,IN,40204-2437
9930006922,MIMI,YAGHMAI,55875 KILLIMORE AVE,,TULSA,OK,80015-5182
65025240,NAOMI,WISOCKI,56385 S WESTERN AVE,,NOVI,MI,34761-8114
15080969,DEE,KUBEK,55553 SHARPSBURG ST,,WOODLAND HILLS,CA,76008-5832
105002229,DOROTHY,MALAC,5887 PARK FOREST LN,,MIDLOTHIAN,TX,91709-3265
9934013652,SHEILA,CASEY,38817 SCHOENHERR RD,,CENTENNIAL,CO,32746-5026
10023141,JUDY,SANNICANDRO,687 S ROOSEVELT AVE,,BELLEVILLE,IL,93012-8902
77001332,IRENE,SCHORN,18911 WIND FIELD LN,,PARK RIDGE,NJ,32806-6672
45012175,DONNA,OWENS,985 BRANCH CREEK DR,,SAN MATEO,CA,32940-2169
9945043550,LUCILLE,DEBORD,985 W LYNN CREEK DR,,DALLAS,TX,46635-2049
61009645,TRACY,SHUGART,5833 BROKEN BEND DR,,WEST HARTFORD,CT,76034-3444
25029979,SUE,ZORE,6153 S WOODSIDE CIR,,GREENACRES,FL,30022-5904
122001738,TERRY,BURNETT,5885 BONNYCASTLE LN,,SAN ANTONIO,TX,32771-5441
9942044506,CINDY,MCLAUGHLIN,5338 LONG CREEK WAY,,LA PORTE,TX,75053-5725
15082028,TIM,JULIAN,57858 MARTINGALE RD,,VENTURA,CA,75035-2396
39031876,PAT,CURRY,53 JUTILA FARM PATH,,PALM BEACH GARDENS,FL,76262-8205
26021475,ANNE,WEBB,8888 DUNSTABLE LOOP,,TUCSON,AZ,33467-2313
58012154,ROBERTA,CHUMBLEY,5856 BROKEN BEND DR,,TOLEDO,OH,78214-2029
17072472,AMY,HARTMAN,653 SILVER CREEK DR,,WOODLAND HLS,CA,30253-8954
71005315,MELISSA,CAREW,5553 STURNBRIDGE CT,,SIMI VALLEY,CA,93065-7687
9933021570,BARBARA,COUCH,1758 BRIGHTWORK WAY,,PEARLAND,TX,80027-4620
77002795,MARY,OWENS,11 HARMONY ARBOR CT,,YONKERS,NY,92626-3028
9933004327,LAURA,STONE,3761 W LA SIESTA ST,,SPRING,TX,47802-4804
39041738,SARAH,MCDONALD,5337 CLEMWOOD CT SE,,JUPITER,FL,78209-3611
9942038930,JOAN,MARCELLE,58 MORNING ARBOR PL,,LEAGUE CITY,TX,85203-7238
47020172,VICKIE,DEY,1889 NORMAL PARK DR,,LOUISVILLE,KY,01106-1649
113001046,ALICIA,HINES,15157 GOLONDRINA ST,,KATY,TX,80123-5201
9922003764,SUSAN,THOMPSON,7581 VISTA RIDGE CT,,DANA POINT,CA,78248-2631
115002909,PAULA,CAMPBELL,55933 BROOKHAVEN ST,,OKLAHOMA CITY,OK,80234-4691
19026755,KELLY,DAVIS,3785 N CONGRESS AVE,,WILMETTE,IL,73020-6820
106011733,DEBORAH,PARKER,5368 E HASHKNIFE RD,,MCKINNEY,TX,37212-5410
9916117053,SUSAN,MURWIN,58573 W QUARLES AVE,,ANADARKO,OK,76017-3554
60008711,CHRISTINA,BONILLA,8583 FAIR OAKS PKWY,,MIDDLETOWN,CT,02451-7145
9921010517,MARCIA,COHEN,5888 BELLE PLAIN DR,,ALBUQUERQUE,NM,71105-4157
58008370,KAREN,BANION,11835 BRITT OAKS DR,,PERRYSBURG,OH,49627-0576
59011969,YOLANDA,DEAN,887 FOREST ACRES DR,,LA VERNE,CA,77318-5026
33018619,CARMENZA,CARRIER-BRAULT,38883 LUNA LAKES DR,,SUWANEE,GA,76017-2041
9902010452,JANET,POE,5153 COPPERFIELD DR,,NASHVILLE,TN,80918-5540
9921006344,ANDY,BARTON,16 MOUNT VERNON AVE,,COLORADO SPRINGS,CO,37129-5272
63010357,HEATHER,ATKINS,5339 SCARBOROUGH LN,,JACKSONVILLE,FL,76262-9338
121003642,PENNY,COLLINS,6358 SPRING LAKE DR,,LAKEWOOD,CO,76043-1403
13018842,CAROLYN,SUTTON,185 CREPE MYRTLE LN,,JEFFERSON,GA,40067-6571
122003587,KERI,MOSSBARGER,E8387 MAPLE DALE RD,,DEL RIO,TX,48336-5072
60013340,JOAN,ADAMS,55578 SANDALWOOD LN,,STAFFORD SPRINGS,CT,84075-7024
39033126,MICHELLE,KNISELY,55881 STONETOWER DR,,NORTH PALM BEACH,FL,95130-2035
18020521,TRICIA,VICKER,18175 NW DORLAND RD,,PLAINFIELD,IN,78221-3056
78001869,CINDY,TERHUNE,18359 BLUE HOLLY LN,,LITTLE ROCK,AR,80922-3062
60011406,TIFFANY AND DREW,BOVA,9635 AUTRY FALLS DR,,SHELTON,CT,76063-5466
124003926,JENNIFER,SMITH,591 SAINT GEORGE CT,,GARLAND,TX,48451-8566
110005886,DENISE,WARD,53353 BLADENBORO DR,,BURLESON,TX,75167-7200
9917131579,FLORENCE,LAWLESS,3953 E FLORENCE CIR,,COLLEYVILLE,TX,78045-8069
67003739,PATRICIA,ROSSER,188 N MEADOWVIEW DR,,SIMI VALLEY,CA,37014-9129
9926000671,BRIAN,MCCABE,9559 E LOST HILL DR,,ROCKWALL,TX,77351-4277
9923000776,ANGELA,EGAN,315 MARINE ST APT C,,SAN ANTONIO,TX,43054-7037
9907009945,INGRID,DRAYTON,1637 SAN MIGUEL CIR,,PLANO,TX,33576-0793
40049381,KATHY,HIRSCH,1359 S WHITNEY BLVD,,ORLANDO,FL,67230-6902
9923008512,LYNN,MARTIN,3715 WORTHINGTON ST,,SAN ANTONIO,TX,32065-5273
9937016400,DEBRA,DAKIN,1715 W VIA CALABRIA,,FLOWER MOUND,TX,06513-3367
12016453,MICHELE,MEAGHER,3513 S FOX LEDGE DR,,AUBURN,WA,48160-0027
9936008310,STEVE,LUSCOMB,8537 S HARRISON WAY,,LANCASTER,TX,91423-2309
12016103,AMANDA,SURDU,55563 WETHERBURN DR,,SAMMAMISH,WA,78737-2635
9914013750,LISA,DRESS,1388 STABLERIDGE DR,,HOUSTON,TX,18507-2119
19023508,MARGIE,STUPAK,1973 E GLENGARRY RD,,CARY,IL,76036-4529
5020708,KATHY,FLAH,7381 CENTREVILLE RD,,GRANITE BAY,CA,06489-2113
21020956,MICHELLE,GLASIER,53751 VISTA LUNA DR,,MADISON,IN,77539-6134
71005046,PAMELA,KIZZIAR,88 TENNIS VILLAS DR,,SIMI VALLEY,CA,60130-2224
9921001019,DEBORAH,WARD,58773 W QUARLES AVE,,ASHLAND,MA,73701-6657
25027130,MARSHA,TOCONIS,553 NW SUNFLOWER PL,,WEST DEPTFORD,NJ,79109-5048
9906039590,SUZETTE,CHRISTENSEN,3886 FALCON LAKE DR,,CEDAR HILL,TX,33470-5180
18018536,STEPHANIE,CANDLER,6836 SILVER TREE DR,,GREENFIELD,IN,46112-1046
3024144,SHERRI,CUSTODERO,6998 WALNUT HILL DR,,FULLERTON,CA,91709-6216
9936031843,JUDITH,GILMORE,58977 NORTHRIDGE DR,,SOUTHLAKE,TX,01757-1155
61009948,DANA,RIVAS,59951 MARKWARD XING,,AVON,CT,40299-4399
63007248,SHARON,HERNANDEZ,58385 S SHERIDAN RD,,JOHNSON CITY,TN,06010-2725
25029227,CATHY,KING,3187 SOMERVILLE AVE,,RIVIERA BEACH,FL,77334-0529
25022139,LES,BECKER,1557 PINEY WOODS DR,,WELLINGTON,FL,75013-6309
9941012181,DAWN,SHORT,55185 MISTY PARK DR,,ALVARADO,TX,76034-5515
9917126081,ANGELA,PRADO,5588 BEACON HILL DR,,SAN ANTONIO,TX,95747-6267
117000626,DENISSE,MITCHELL,39396 BLACK HAWK PL,,REEDS SPRING,MO,75009-4640
25027783,NIKKI,BEATON,1333 NOTRE DAME CIR,,KUNA,ID,77007-2514
120005050,PATSY,SCHEUY,5838 E BROOKWOOD CT,,COLORADO SPRINGS,CO,20878-3789
9912008271,CARI,LITTLE,55735 RIDGECREST CT,,LA MARQUE,TX,48872-9152
58010918,EMMA,BENSON,58955 E PARADISE DR,,TOLEDO,OH,32256-4643
60013849,ARACELY,WILEY,783 WINDSOR PARK LN,,SUFFIELD,CT,80112-1502
9914017096,ELIZABETH,HODAPP,5656 HIGH MEADOW DR,,SUGAR LAND,TX,44023-5145
55009070,LORI,THOMPSON,3819 N CEDARPINE LN,,MEDINA,OH,94025-2306
82001243,VANESSA,DAVIS,5563 WILLOWBROOK LN,,RIVERSIDE,CA,75078-0322
125000046,ANNELIES,ROBERTS,518 SUNRISE PEAK RD,,HASLET,TX,91362-5031
125000383,ALISSA,EWERS,519 HARRIS RD APT 3,,SOUTHLAKE,TX,34991-6631
106006567,STEPHANIE,ZIASHAKERI,1785 BROKEN BOW CIR,,FRISCO,TX,60004-1311
61007927,TOM,AXBOE,1357 STONEY GLEN DR,,BRISTOL,CT,85201-5024
44010327,SUSAN,REYNOLDS,5595 E TIGER EYE DR,,WAYNESBORO,PA,07450-1525
9933022925,TAMARA,GULLEDGE,6535 HILLSBORO PIKE,,SPLENDORA,TX,90504-2307
13018005,ADRIEN,HOUSER,5958 SWEETBRIAR AVE,,JACKSONVILLE,FL,06067-1010
61009865,VALERIE,ODEGARD,1865 SW MARQUIS TER,,CANTON,CT,77304-3542
9937006661,LINDA,GALOVICH,55 ROLLING STONE PL,,FRISCO,TX,72223-9143
59013790,CINDY,IRVIN,3618 COOLHEIGHTS DR,,FONTANA,CA,77581-6463
44011084,MONICA,KIM,8861 STONY CREEK DR,,FENTON,MO,77373-6827
30011475,NANCY,DESHAZO,3855 WALNUT POND DR,,UPLAND,CA,43004-9501
70002551,JUDY,GARCIA,3158 INTERLAKEN AVE,,VANCOUVER,WA,75116-2912
114002945,LINDA,SANCHEZ,1785 CONNECTICUT LN,,LANTANA,TX,75034-5529
59011517,DIANA,FRY,155 W PINEHURST AVE,,RANCHO CUCAMONGA,CA,32714-3538
9942050575,DENISE,STANGE,17311 N GIDIYUP TRL,,HOUSTON,TX,06070-1506
9937038025,BOB,GOINS,9853 COUNTY ROAD 33,,LAVON,TX,78230-3215
9923004607,VIRGINIA,SHELTON,568 HIDDEN MARSH RD,,SAN ANTONIO,TX,43228-5728
6039173,EMMA,CHURCH,3556 WOLFCREEK PKWY,,TOMBALL,TX,46032-9377
18021327,JENNIFER,BRUNO,3358 PLANTATION GRV,,MADISON,AL,06040-5714
61007159,DAWN,GROVER,338 S MILL VIEW WAY,,WEST SIMSBURY,CT,30092-1130
9936015635,SHERREE,BAYER,5513 TRAVERTINE TER,,IRVING,TX,77713-4228
9923010177,PAULA,GRIFFITH,3511 BROKEN TWIG DR,,KERRVILLE,TX,97229-7110
77002583,NANCY,KELLY,5757 MONTGOMERY CIR,,PARAMUS,NJ,92691-6239
9923003775,SHERRY,STANISLAV,58585 LONG RIFLE DR,,SAN ANTONIO,TX,93021-2856
60013198,LORILYNN,SCOTT,983 PILOTS RIDGE RD,,WINDSOR LOCKS,CT,92887-3331
18020432,AMANDA,KIM,1537 MASON GREEN DR,,ZIONSVILLE,IN,34110-4112
6042839,SALLIE,DORSEY,7653 LOST CREEK GAP,,POWAY,CA,77379-2527
63006892,MARIA,KENNEDY,188 FALLER DR APT C,,PORT ARTHUR,TX,80005-5242
124004220,SALLY,DEANGELO,55859 KIMES PARK DR,,ROCKWALL,TX,98296-7697
9923001821,CARA,BROUSSARD,6659 GROVE CREEK DR,,SAN ANTONIO,TX,48114-9050
9903004308,CHERYL,POMAINVILLE,3611 W BARCELONA DR,,HOUSTON,TX,92629-3342
58010334,VELMA,RICH,57 HIGHLAND VIEW DR,,LAMBERTVILLE,MI,46124-9200
71007924,RAVIN,DELBROCCO,835 LAKE MEDLOCK DR,,CASTAIC,CA,90241-4335
101001093,LIZA,FISHER,5851 E ROBINHOOD DR,,FAYETTEVILLE,TN,32708-5621
9933013270,LAURIE,MCQUEEN,3388 N LINCOLN BLVD,,TOMBALL,TX,07481-2214
72006605,JANET,RODRIGUEZ,3993 LORD ALFRED CT,,LOS ANGELES,CA,37187-4737
9914013867,DENISE,MENDOZA,3588 COUNTY ROAD HH,,HOUSTON,TX,97030-4281
120001518,BETTY,HOLLADAY,1583 WHEELWRIGHT LN,,HILTON HEAD,SC,78015-4570
9916126419,ELIZABETH,CHONG,5768 S GREENWOOD ST,,OKLAHOMA CITY,OK,77546-8412
26020864,AMY,STIFFLER,865 MOUNT VERNON RD,,GILBERT,AZ,73072-4532
47018997,LIDA,SWANZY,5755 CROSSBROOKE LN,,CHARLESTOWN,IN,80235-3127
9923002945,LESLIE,HOOKS,3183 NW AVIGNON WAY,,SAN ANTONIO,TX,93442-2007
18017321,TONI,WATERS,588 CHOKE CHERRY RD,,FISHERS,IN,80401-5764
9942049800,MARY,QUINTANILLA,3363 BALDCYPRESS DR,,LEAGUE CITY,TX,75214-4440
9923011067,KAY,LIPPERT,55685 SW OAKHILL LN,,SAN ANTONIO,TX,02643-1088
9933001042,MICHELLE,TIMPANI,58 CAMINO DEL PRADO,,CONROE,TX,76092-3113
9905021761,CORINA,TURPIN,56858 SANDESTINE DR,,COLLEYVILLE,TX,66224-3770
20012498,SUZANNE,BARTHLE,587 CEDAR RIDGE TER,,MISSION,KS,60051-3722
25027042,CRYSTAL,MARKANICH,8836 KEY HARBOUR DR,,WELLINGTON,FL,33478-6778
45010606,KEITH,BLACK,7588 HELEN CREEK RD,,SAN JOSE,CA,76248-5736
78002257,ANN,SCHEIBER,6593 MINNOW POND DR,,BATTLEFIELD,MO,46804-2772
120006110,HEIDI,KELSO,8885 E FALLSVIEW RD,,COLORADO SPGS,CO,06063-1802
114000578,MARCELLA,LUCAS,58385 W ROCKLAND PL,,CANTONMENT,FL,78230-4214
14017606,REBECCA,MCLAIN,3315 GLASTONBURY DR,,CUMMING,GA,76244-6638
9920001995,LAURI,REBMAN,53855 PERTHSHIRE RD,,UNIVERSAL CITY,TX,75150-4281
24087894,LINDA,FITZPATRICK,6651 PINE VALLEY PL,,BUENA PARK,CA,77386-2546
24091578,MARTHA,BICKLEY,51581 S MEANDER WAY,,ALTADENA,CA,08822-2018
47020422,NANCY,EARLS,6917 CATTLEMANS TRL,,LOUISVILLE,KY,50125-1173
114001519,AMBER,GOLDMAN,18851 DIAMONDHEAD S,,SACHSE,TX,91423-5552
65024430,FELICE,MASON,1583 S BRENTWOOD ST,,NORTHVILLE,MI,80925-9528
115002663,WANETTE,ACKERMAN,3893 YELLOWSTONE DR,,WETUMKA,OK,77406-6659
59012332,AMBERLY,LEACH,15855 N HUFFINES RD,,BIG BEAR CITY,CA,76034-4373
11020308,DIANE,TAVERA,55683 CAPE ROYAL LN,,SAN JOSE,CA,76226-2215
9917109936,MITZIE,STYRON,1515 BRIAR RIDGE DR,,BROKEN ARROW,OK,06010-3165
25027118,JEAN,BROWN,3518 TANGLEWOOD TRL,,BOYNTON BEACH,FL,73034-4576
9021734,FARAH,HOLTON,6868 N KEYSTONE AVE,,SCOTTSDALE,AZ,48124-3406
66006143,JENNIFER,HARLAN,1835 STONERIDGE LN,,HUNTINGTON BEACH,CA,77402-5095
6043680,GUY,CARSTENSEN,18638 WOODLAND AVE,,RANCHO SANTA MARGARITA,CA,76051-3528
9923007385,CAROLINE,LUNA,5983 WELLINGTON CT,,SAN ANTONIO,TX,80503-8816
112002266,SHEA,IMAIZUMI,9333 ANGLERIDGE RD,,WEST COLUMBIA,TX,49085-9786
60012126,WILLIAM,HAMILTON,3688 W HILLSIDE DR,,STURBRIDGE,MA,78521-1644
61007469,NOELLE,MOYER,58851 GRENVILLE RD,,MOORESVILLE,NC,91737-3727
39038748,JANET,ZUREK,6858 RIVERVIEW WAY,,NORTH PALM BEACH,FL,37205-4427
9935022587,MICHELLE,BALDWIN,5936 MT BRYNION RD,,GRAPEVINE,TX,76021-4242
114003047,CARIE,TOOPS,163 RIDGE CREEK RD,,PLANO,TX,93021-2304
22017370,LISA,RICHMOND,3751 ADMIRALTY WAY,,CENTERBURG,OH,77581-2452
105000440,SARA,HOLDRIDGE,5 SAINT ANDREWS CT,,ARLINGTON,TX,77845-8382
17069540,BONNIE,CAVALIERE,38 PICARDY HILL DR,,DOWNEY,CA,92870-2815
61007946,TONYA,OVERDORF,3853 LOUISIANA AVE,,CROMWELL,CT,77382-1274
9907011530,MARILYN,BENNINGHOFF,888 KILMARNOCK WAY,,SHALIMAR,FL,73118-6802
123001099,MICHELE,HAYES,58135 KINGSGATE DR,,KNOXVILLE,TN,48167-1001
9945046018,DIANA,SWEET,1781 STONELEIGH DR,,KELLER,TX,91786-2274
9916098463,LINDA,BUTTON,5318 MILL CREEK RD,,DURANT,OK,37148-0453
32012506,IRMA,JENNINGS,5588 WEATHERBY WAY,,HUNTINGTON,IN,92881-4401
2015873,JOAN,ENGLEMAN,9351 GOLDEN OAKS W,,BURBANK,CA,75093-4041
9916119501,JULIE,EVANS,3565 SANDERLING CT,,OKLAHOMA CITY,OK,80516-7972
104007316,DENISE,PYFER,1516 CARAVAGGIO DR,,COLLEYVILLE,TX,33617-4125
67002972,SHARON,BOTTOMLEY,55756 WILD PEAR LN,,WOODCLIFF LAKE,NJ,75024-7278
56006854,NOELLE,RITCHIE,3153 LEDGESTONE CT,,STOUGHTON,MA,76092-9636
32014451,JUDY,COLLINS,5139 US HIGHWAY 17,,FORT WAYNE,IN,91362-5312
125002340,PAM,WATSON,3587 DEERHOLLOW DR,,GRAPEVINE,TX,63011-2511
72003348,JOHN,DOWNEY,7187 CASA LOMA AVE,,CAMARILLO,CA,08876-3872
9945046544,MARY,WHEELER,5788 INGERSOLL AVE,,NICHOLS HILLS,OK,77494-6807
116002128,JANET,DELOSSANTOS,55587 DURHAM WAY W,,SAN ANTONIO,TX,29576-6800
105004235,CORI,STERNBERG,55585 ARBUCKLE HTS,,ARLINGTON,TX,48864-4011
120001427,NANCY,REYNOLDS,158 GREENWICH BLVD,,COLORADO SPRINGS,CO,77036-7359
9936024136,LUCILLE,OLSEN,6886 BLACKBERRY DR,,BURLESON,TX,06117-1307
55015725,SHARON,WHITEHEAD,369 FOSSIL ROCK DR,,MARIETTA,GA,36633-1446
106003711,MARY,HAMLING,57975 SW 589TH AVE,,GILMER,TX,48167-9739
52019416,CAROL,THOMAS,519 S LANCASTER ST,,LORTON,VA,75019-6642
9936018037,LUCIANA,ROGERS,38986 KEENELAND DR,,ARLINGTON,TX,30096-1412
55008178,NANCY,WHITE,5385 W WICKHAM CIR,,ENGLEWOOD,FL,06092-2702
33017175,DEB,SHELLEY,88 GREEN MEADOW CT,,LAWRENCEVILLE,GA,73072-4805
72006599,MEREDITH,BRESHEARS,751 PEPPERVINE AVE,,LOS ANGELES,CA,31522-1371
32011375,ALISHA,RUSSELL,58781 BEECHWOOD DR,,FORT WAYNE,IN,43054-7004
40048720,RHONDA,DUMAN,5833 TURNBERRY CIR,,SANFORD,FL,77450-2110
6047559,TAMMY,MARINO,3587 BRIARGROVE LN,,SAN CLEMENTE,CA,75915-5043
9921011287,MICHELLE,TUFTS,8388 ROCK BROOK ST,,COLORADO SPRINGS,CO,75078-7920
9914017548,JANET,HAHAJ,1717 TIMBERLEAF DR,,HOUSTON,TX,73162-2162
115005193,ERIC,PINEAU,7183 S NIAGARA CIR,,OKLAHOMA CITY,OK,32257-5050
9935008094,MEREDITH,EMERSONSMITH,53181 SILVERHOLLOW,,N RICHLND HLS,TX,06089-9401
78000741,KATHERINE,MARTINEZ,3188 DRY BRANCH CT,,BATESVILLE,AR,85308-7685
9905022902,FREDA,LILLY,9975 MELBOURNE CIR,,PEWAUKEE,WI,75146-1663
9916119638,SUSANNE,MOYE,53813 RAINTREE RUN,,CANADIAN,TX,78040-8935
82000110,FLORENCE,COPELAND,53636 HEYTHORPE CT,,CORONA,CA,60192-4522
9938020110,CHRISTY,JUAREZ,786 SUNNY BROOK DR,,WESTMINSTER,CO,32207-2103
9937032497,STACEY,WELLER,738 TICONDEROGA DR,,SHELBY TOWNSHIP,MI,32258-5118
67006984,NAOMI,MCNEIL,1656 PITTSBURGH ST,,WESTLAKE VILLAGE,CA,75034-6874
59008654,SUSAN D,HAWK,185 SQUAN BEACH DR,,SOUTH EL MONTE,CA,33437-6484
13020410,HOLLIE,CLAUS,5575 S FRANKLIN ST,,BUFORD,GA,80516-4000
114006639,DEBBIE,LARVIN,3513 US HIGHWAY 98,,GARLAND,TX,80021-6013
9923006628,LAURA,FLECK,1358 TRAILS END SW,,DALLAS,TX,80122-2847
68006510,JENNIFER,WALTMON,3333 JOHNSON ST NE,,SAN DIEGO,CA,92833-2117
9932038097,REBECCA,BELL,1888 BRIDGEGATE CT,,LEBANON,TN,06109-3049
104001151,STACY,CARDENAS,8938 WOODLAND PASS,,FORT WORTH,TX,93012-8222
9938009849,MATT,MCGEORGE,9583 PINEBROOK WAY,,OCOEE,FL,10536-2304
6045785,LYNN,MAZZOTTI,1958 BARREL OAK ST,,SAN DIEGO,CA,63038-1312
25025807,JUDY,HORRELL,53935 FILLMORE WAY,,BOYNTON BEACH,FL,77571-5514
26020789,LAURIE,COOKERLY,5858 N CRYSTAL WAY,,LOUISVILLE,KY,80503-8720
9934025789,TIM,PRESTON,1788 WHITE WING LN,,PARKER,CO,78676-9712
9903002715,ROSE,MITCHELL,3518 SILVERWOOD DR,,SPRING,TX,74074-1710
9932002252,MARY,OLSEN,387 N HAWTHORN CIR,,NASHVILLE,TN,14052-9558
9945051266,LINDA,BATTILORO,3358 TREE HOUSE DR,,LITTLE ROCK,AR,30068-4446
39035134,ROZ,GOSSETT,58116 THORNMONT LN,,JUPITER,FL,78384-0098
9903003116,CAROL,RODRIGUES,31 MEADOW BROOK PL,,NORTHBOROUGH,MA,22015-2148
9915005738,SHARON,DUNN,556 WHITEHAVEN CIR,,DALLAS,TX,98075-9216
114005536,ANNETTE,SCHNEIDER,5778 CAMPANELLA PL,,ROYSE CITY,TX,76227-0230
39042032,EILEEN,POWITZKY,5636 MYRTLEWOOD DR,,JUPITER,FL,06033-3514
72004389,ELIZABETH,MITCHELL,1188 CHARNWOOD AVE,,LAKEWOOD,CA,92656-2918
19028545,BRITTANY,ZIMMER,NL38 LAKE CHEROKEE,,SCHAUMBURG,IL,46231-1695
31019155,DIANA,GONDEK,3655 S ALDREDGE ST,,HUBBARDSTON,MA,46038-1449
60012991,CAROL,BOWERSOX,8376 E HINSDALE DR,,WETHERSFIELD,CT,43065-9422
64005777,TRICIA,ELTZROTH,15337 BUBBLING CRK,,HUDSON,MA,77381-2629
9923010143,PRISCILLA,SCHILLING,56 WOOD SORRELL PT,,SAN ANTONIO,TX,80123-6793
107005509,KATHY,DWYER,3336 BENTON ELM DR,,ERIE,CO,33467-7087
77003811,KRISTI,LEE,3915 URBANDALE AVE,,NEW MILFORD,NJ,92604-2968
122003906,MAUREEN,DANIELS,83 GALLOWS HILL RD,,BOERNE,TX,37138-1255
53013077,DOLORES,DOMANSKI,5585 SE THERESA ST,,SAINT HELENS,OR,76148-4030
110005008,DARLA,ESPINOSA,5985 MONTICELLO CT,,NEMO,TX,80601-4281
9937016521,SOPHIA,THOMSON,55933 WILDHAVEN LN,,ROCKWALL,TX,06088-9755
116000794,ANGIE,WHIGHTSIL,3785 W HIAWATHA DR,,SAN ANTONIO,TX,93063-1313
26023361,CECILIA,COLLIER,78 SCARLET MEAD CT,,TEMPE,AZ,46278-2300
54015617,MARY,LAVINE,5787 CREEKPARK TRL,,BELLEVUE,NE,14505-9527
5027616,ANDREA,SEIFERT,5789 WESTER WAY DR,,ROSEVILLE,CA,16509-4946
115007185,SUZANNE,SANCHEZ,316 PROMENADE ST S,,OKLAHOMA CITY,OK,10703-3604
50019047,KIM,ZAGORSKAYA,1833 N WATERWAY DR,,WARREN,NJ,91361-1708
9923009056,JEAN,FINNEGAN,5835 HARRINGTON RD,,SAN ANTONIO,TX,50021-6679
9938023001,CHERYL,KRAMB,155 CEDAR RIDGE DR,,LONGMONT,CO,77386-2028
9021422,KAY,HEATH,18335 LAKE PARK DR,,PHOENIX,AZ,78132-2671
9903002758,FRANK,CASEY,5151 CLUB HOUSE CT,,SPRING,TX,93063-6521
40045528,FELICITA,BRANCO,1315 CROSS BEND RD,,ORLANDO,FL,80305-6354
72006363,BETH,ZUERCHER,3361 WELLINGTON RD,,ANACORTES,WA,76058-4035
82000583,MARIA,LEONELLI,189 MEADOW VIEW DR,,CORONA,CA,91344-7237
66002972,ELAINE,STUEVE,3187 EICHENLAUB ST,,IRVINE,CA,90292-7107
9917118477,DEBBIE,RENEGAR,3351 GREENBRIER DR,,DEL RIO,TX,34761-2828
110005641,ARLENE,SHAPIRO,53355 OAK CHASE DR,,FORT WORTH,TX,92782-1388
9905013236,ANGELA,MASSON,8133 OLD IVORY WAY,,SOUTHLAKE,TX,40242-7713
111001393,JOANNE,RUGER,5158 W SARAGOSA ST,,BAYTOWN,TX,80403-1232
115007244,JOANN,ORTEGA,5683 HUNTERWOOD LN,,OKLAHOMA CITY,OK,75219-3740
9934029566,KAREN,GIBSON,888 RIVER RANCH DR,,MONUMENT,CO,85641-0422
9934031343,LINDA,KELLY,58561 E DORADO AVE,,IDAHO SPRINGS,CO,33908-4798
9926001571,CHERYL,SHAFER,31531 JOHN HAUK ST,,ROYSE CITY,TX,77388-6120
19027013,PHYLLIS,GUARINO,5558 TIMBERLANE DR,,PALATINE,IL,20120-1164
18017328,KAREN,LAROCQUE,169 GOLDENWOOD CIR,,INDIANAPOLIS,IN,49749-9249
71005466,HILLARY,SHEPPARD,5378 WHITE SAND DR,,SIMI VALLEY,CA,33449-8076
20016066,BILLIE,DENAHY,7335 E CASCADA CIR,,LAUGHLIN,NV,20180-3057
40040261,MARIA,POWELL,3135 S QUINETTE LN,,DAVENPORT,FL,78131-0535
44011991,RENEE,MCMILLAN,5 FRANK SOTTILE LN,,PACIFIC,MO,76082-5794
58009509,MELEA,SORRENTINO,5589 VICKI LYNN DR,,ROSSFORD,OH,75024-3844
9937023425,DENISE,DEAN,1519 FOX VALLEY PL,,NORTH RICHLAND HILLS,TX,48114-9237
78002862,JACQULYN,TODARO,5551 SANDALWOOD RD,,AVA,MO,33472-7387
66004809,RITA,WHITE,5319 LIONS GATE LN,,NEWPORT BEACH,CA,77304-2107
58008968,NANCY,BABA,51355 LONGMIRE WAY,,PERRYSBURG,OH,74801-2921
6047563,SANDRA,WHITLOCK,8868 FAWN RIDGE DR,,SANBORNTON,NH,80112-4653
47019155,JANA,SALERNO,1815 PONDEROSA WAY,,LOUISVILLE,KY,76049-0204
4014884,JEFFERY,COHN,3533 E FOUNTAIN ST,,BUFORD,GA,72908-9295
9917113411,KATRINA,DURANT,6588 LAKE SHORE DR,,BUENA PARK,CA,46582-5639
6042724,SUSAN,FAIRBANKS,1355 GREENCREST DR,,LAKE FOREST,CA,67010-2509
106000084,TRACY,HUNDLEY,51353 HAZELWOOD CT,,MIDLAND,TX,32771-7717
5026299,TAMMY,PERRENOT,183 WOODBRIDGE CIR,,FORT WORTH,TX,68028-4464
60009440,SOPHIE,ANDERSON,8975 BAY BREEZE LN,,BLOOMFIELD,CT,77581-3906
110005461,BECKY,WEINER,53886 FLYING W TRL,,FORT WORTH,TX,60601-4097
9939165354,JOAN,GLASS,3938 LAZY OAKS WAY,,SPRINGDALE,AR,78006-5952
9922000291,NICHOLE,KALMBACH,3358 BUCKETHORN CT,,LONE TREE,CO,85353-8569
39039490,TAMARA,STEVENS,538 QUAIL RIDGE PL,,WEST PALM BEACH,FL,73013-1524
17069947,CATHERINE,RICHARDS,9558 EDDYS EDGE CT,,VAN NUYS,CA,76248-7317
9935021807,JULIE,HILL,31785 PARKPLACE LN,,FAYETTEVILLE,AR,75043-1518
70002126,KAREN,HARRISON,19765 IVY GLENN DR,,NORTH PLAINS,OR,50023-8302
82000184,KATHY,TOSTRUD,3558 TREEGARDEN ST,,CORONA,CA,62025-2625
9936025677,PAM,HADDAD,385 SILVERWOOD CIR,,FORT WORTH,TX,45839-0519
5023705,HARRY,RIZZO,53886 FLAIRWOOD ST,,SACRAMENTO,CA,80525-1232
40049575,JESSICA,BURDISS,3353 PINE GROVE DR,,ORLANDO,FL,90024-9388
58009574,CRYSTAL,PFANNENSTIEL,5893 REMINGTON CIR,,NASHVILLE,MI,72758-8975
77003110,ROBERT,CRAFT,3353 PARK HAVEN LN,,MAHWAH,NJ,75070-2864
9933008643,BETH,HOFFMAN,5338 MILL RACE WAY,,CHAPPELL HILL,TX,33469-2226
5024224,YVONNE,BOSEMAN,8517 WICKERSHAM ST,,SOUTH PRAIRIE,WA,N0A 1N4
32012473,DEBBIE,SHAPIRO,53878 PTARMIGAN DR,,BREMEN,IN,73099-8534
22021174,MARILYN,FLOWER,55618 EASTWIND AVE,,SUN CITY CENTER,FL,72022-3200
9942045959,LUCY,CARGILL,57 BRANCH BROOK DR,,MURPHY,TX,46278-1610
124003264,DEIRDRA,RUSSELL,185 SAINT CROIX CT,,MESQUITE,TX,46825-6239
9936008847,KAT,FOSTER,5153 GLENBROOK TER,,ARLINGTON,TX,57703-0142
9937012407,KAREN,NANCE,5985 MEADOWVIEW DR,,MCKINNEY,TX,48091-1031
25024551,CHRISTY,SESKIN,1365 SW 11ND CIR W,,WESTFIELD,MA,40216-5462
19028464,JESSICA,MCKEON,3587 DORCHESTER DR,,ROLLING MEADOWS,IL,78654-0522
9942044844,ARLENE,TAYLOR,1735 WHITE WING LN,,NOME,TX,32837-6421
72002228,SUSAN,METCALF,583 CADDO LAKE TRL,,LOS ANGELES,CA,63376-7809
125001900,CHRISTINA,MCDANIEL,1538 WARMLANDS AVE,,GRAPEVINE,TX,75025-4761
60010655,JULIE,HUDSPETH,1533 CHARING CROSS,,ELLINGTON,CT,76016-4226
41020451,JANET,DAVIS,5688 BOX CANYON CT,,OAK CREEK,WI,91773-2484
9907011159,NANCY,HALES,3381 STONEHAVEN DR,,FRISCO,TX,77494-0634
22021274,BARBARA,PARHAM,13835 NE 581ND AVE,,WESTERVILLE,OH,45458-3618
116002658,GARY,BROWN,5858 FORESTDALE DR,,MOBILE,AL,80909-3617
70002726,JERILYN,GIBSON,56158 E TREVINO DR,,VISTA,CA,92694-1541
9917107428,ROBIN,SCHMIDT,58613 GLENEAGLE PL,,SAN ANTONIO,TX,77356-5993
999002641,KIM,HAMERSMA,1683 WILDCREEK TRL,,KELLER,TX,91361-2003
25023799,NICOLE,MILLER,6358 OAK HOLLOW DR,,LOXAHATCHEE,FL,76123-2706
9922002553,REGINA,HILL,55858 PERWINKLE LN,,EVERGREEN,CO,33896-5266
9907043230,CHRIS,DUFF,7339 CARRIAGE PASS,,PLANO,TX,76008-4648
9933030249,MARYANN,GUNS,55538 CLAIRMONT CT,,SPRING,TX,60008-4179
72006226,ANITA,DEBERNARDI,53868 W VENTURA ST,,LOS ANGELES,CA,46901-5016
44009487,NANCY,FLEMING,35757 BAINBROOK CT,,SAINT LOUIS,MO,06033-2351
9937003535,KRISTY,RUBY,385 TIMBER LAKE DR,,GUNTER,TX,46012-3420
9914015602,PATRICIA,DAVIS,533 N RICHARDS AVE,,CROSBY,TX,75035-7437
9933001815,DANIELLE,GRADY,3585 MILLSTREAM RD,,NACOGDOCHES,TX,32092-2607
54015523,MARIE,KING,5636 W WILSON BLVD,,ANKENY,IA,33472-7395
9917120716,KATHY,CHERMACK,518 PINE NEEDLE LN,,ALAMOSA,CO,75025-3880
123004069,MELINDA,STEVENS,11398 AMBER EVE DR,,BOERNE,TX,67550-2428
125002702,VALERIE,COE,1655 SPRUCEWOOD LN,,BEE CAVE,TX,92672-4241
9934012732,LYNDA,FINKELSTEIN,3888 SHADYCREST DR,,AURORA,CO,85032-9525
39041075,KRISTIN,CROSEN,3139 DEER CREEK DR,,JUPITER,FL,78645-6547
122002394,ELIZABETH,GAINES,3558 SW SUNDOWN LN,,SAN ANTONIO,TX,77459-2526
9904048566,KIM,KELLER,15889 ROBINWOOD ST,,HGHLNDS RANCH,CO,60010-6444
9937002944,CORALIE,KOELE,538 SILVER OAK GRV,,OKLAHOMA CITY,OK,77079-7423
64010723,DIANE,LAVENSKI,3387 N HASKELL AVE,,FRAMINGHAM,MA,78212-2505
9919017840,BECKY,SPENCER,3131 W MONTEREY ST,,DEER PARK,TX,91302-1727
18021009,SHARON,MASSEY,8757 CHERRY LEE LN,,SHARPSVILLE,IN,91011-2765
78003360,TRACY,SGRO,5188 N DEFIANCE ST,,SPRINGFIELD,MO,80134-9488
24089206,REBECCA,FURMAN,3535 FAIRMONT BLVD,,TUJUNGA,CA,47368-9295
9904042321,MICHELLE,SHEPHERD,518 JONES CREEK DR,,AURORA,CO,28374-9706
2015598,SARAH,FOUT,3179 NE CHARISE CT,,BURBANK,CA,91326-4113
5024087,CINDY,SCHNEIDER,9385 BLOOMFIELD LN,,EL DORADO HILLS,CA,77373-3117
59013270,BEVERLY,JACKSON,5757 FITZGERALD LN,,TORRANCE,CA,75402-6921
9937011948,MARY LOU,CHASE,3153 W BRAEBURN CT,,ALLEN,TX,48855-8285
9908006443,PAM,ZUNIGA,5588 STONEHAVEN VW,,LOVELAND,CO,46060-1509
9934033787,PAMELA,RENDON,5638 WOLF RIDGE RD,,COLORADO SPRINGS,CO,60007-6909
12015473,KIM,HUGHES,851 GREENCLOVER LN,,SALT LAKE CTY,UT,80308-3567
26022681,JUDY,EDMONDS,53935 LAURINDA WAY,,GILBERT,AZ,93940-4107
115008951,PEGGY,ADIBZADEH,658 MCPHERSON CT S,,HARRAH,OK,77389-2124
9020620,KIM,STAPLETON,55861 LAKELAND CIR,,PEORIA,AZ,77063-1907
9026686,STEPHANIE,FEASLEY,3585 STATE ROAD 56,,CAVE CREEK,AZ,80112-1500
78001331,PAM,DIENER,55886 ELIZABETH ST,,MONETTE,AR,73045-9580
44009320,PAMELA,NAUS,3518 CAMPOBELLO ST,,FRIENDSWOOD,TX,32224-0278
9945056956,DIANNE,BRINER,59553 OAK VIEW TER,,RED OAK,TX,92024-1728
83001111,SUSAN,JONES,16935 E ROXBURY PL,,FORT MYERS,FL,33410-2356
59008811,VIVIAN,KELLEY,6388 ROCKBLUFF CIR,,NORCO,CA,77573-2877
40041025,DEBBIE,HUGGINS,757 E GREENVIEW RD,,PIKEVILLE,TN,80504-7791
106011854,ELISE,SMITH,1889 WELLINGTON DR,,FRISCO,TX,80921-2015
124004109,MICHELE,WHEELER,58668 ALDERBURY DR,,RICHARDSON,TX,78023-3635
54014404,PETE,CASEY,719 E CAVANAUGH RD,,URBANDALE,IA,77336-2572
54017756,TERRY,HABERBERG,5385 CENTERIDGE LN,,AMES,IA,78248-0919
9917108787,JULIE,FOGARTY,718 E HARRISON AVE,,LIVE OAK,TX,95628-1541
63007830,JAMIE,BROWN,1581 WELLINGTON DR,,JACKSONVILLE,FL,71105-5602
9937018258,SHARON,MESSINA,337 JOSHUA TREE LN,,MCKINNEY,TX,08205-3526
13021560,ELLE,MORALES,5835 N PRESERVE ST,,ALPHARETTA,GA,43065-7238
60011514,RACHEL,CUOMO,183 BLUE JACKET RD,,EAST HARTFORD,CT,92646-8443
116003700,DIANE,CLATTERBUCK,987 OVILLA OAKS DR,,SAN ANTONIO,TX,75093-4341
123000998,ROLONDA,HAYS,3558 QUEEN ANN WAY,,RAPID CITY,SD,78104-1474
9902015582,DEBRA,SCORDO,3885 STANFIELD AVE,,GOSHEN,KY,76086-6345
9904047982,JACLIN,DUBALDO,53668 HOMESTEAD RD,,CENTENNIAL,CO,76051-6695
11017457,PAMELA,UMPHLETT,39 INDIAN WELLS DR,,SAN JOSE,CA,77304-2793
9937035481,JENNIFER,ZAPP,1836 E PLEASANT ST,,DENTON,TX,97229-1908
54012711,LYNN,GORMAN,9313 WICKERSHAM ST,,CLARION,IA,98332-8459
102001980,DIANNE,ORDELHEID,6385 E JAMISON CIR,,SPRING,TX,62233-1415
64010201,TRACY,CZERW,188 ROCK VISTA RUN,,BOLTON,MA,92530-1210
3026182,KENNETH,YOAKUM,6135 CELESTITE AVE,,SANTA PAULA,CA,77573-5867
120001936,DAVID,LEVY,555 WILLOW WOOD DR,,COLORADO SPGS,CO,28461-7460
26024922,ANN,PADULA,9888 SE 538TH LOOP,,MARICOPA,AZ,75243-0925
60012466,HOLLY,CASTILLO,3358 N MERIDIAN RD,,BOLTON,CT,80203-4154
9913064319,ALISON,BRUNER,59988 MID PINES LN,,CYPRESS,TX,76010-5732
33019146,ANNIE,JAMES,3638 MANDARIN BLVD,,LILBURN,GA,93010-2220
122003209,AIDA,ANDREWS,6656 ROSECOMMON DR,,SAN ANTONIO,TX,91311-2839
39035509,CINDY,CUNNINGHAM,6385 S RICHLAND RD,,BLUFFTON,SC,93722-7322
9933000577,JANET,POSTLEWATE,397 RIDGE POINT DR,,SPRING,TX,80228-6402
58012223,MELINDA,PICKRON,35 PARK TERRACE RD,,ARLINGTON,TX,33469-2713
25023391,SANDRA,GREER,568 DIAMOND J RD S,,WELLINGTON,FL,80920-3618
9917137280,BETH,CORNWALL,5181 STAGETRAIL DR,,BULVERDE,TX,33414-5608
9942054720,BARBARA,CIPHER,5558 KENSINGTON DR,,DEER PARK,TX,92691-4237
118000257,JULIE,MOORMAN,3613 PRINCETON AVE,,HOUSTON,TX,43551-6217
66002510,CATHY,GORMAN,587 WESTERVELT AVE,,COSTA MESA,CA,78840-4564
71002577,SUSAN,DOTTO,5353 W CLEBURNE RD,,EDMOND,OK,75087-4230
9913064360,SHERRI,BROWN,3885 HIGH CLIFF DR,,SPRING,TX,76248-7314
3027631,KRISTI,SANSING,9816 OLD SMYRNA RD,,BREA,CA,77377-8053
110005703,PAT,SHIMEK,7853 MOSS BROOK DR,,N LITTLE ROCK,AR,46580-8161
77000366,KAREN,ARONSON,7867 GRADO CIPRESO,,WEST NYACK,NY,68512-3698
39041188,YVONNA,SABO,6331 COOK HILLS RD,,STUART,FL,98077-7628
6039563,SYLVIA M.,SIMPSON,8789 ARBOR LAKE DR,,SAN JUAN CAPISTRANO,CA,93280-2481
54016038,REAGAN,KIMBALL,1397 S ELDRIDGE CT,,GALENA,IL,78240-3865
9916117410,DENISE,RAGAN,36 LIBERTY POLE RD,,KINGFISHER,OK,35603-4421
71007289,KAREN,CLAYTON,5713 CLOVERWOOD DR,,SIMI VALLEY,CA,76126-4948
6047055,MARY JANE,CARROLL,3583 ELM HOLLOW ST,,HILLSBORO,OR,97123-6008
63005808,DARLENA,WEATHERSBY,9736 BROKEN BOW RD,,OKEECHOBEE,FL,01036-9656
30011594,STACY,BAUR,7198 CENTENNIAL DR,,FAIRFIELD,CA,75025-5357
1026444,KIMBERLY,TAYLOR,53938 KELLERTON LN,,CORONA,CA,93021-3514
9923010454,WILMA,ALEXANDER,3815 SHADYCREEK DR,,PIPE CREEK,TX,75025-4565
23048770,DAWN,MUSE,51835 BAY TREE WAY,,DADE CITY,FL,76126-9512
9937025324,SANDRA,SPAUR,53355 LARKSTONE ST,,DALLAS,TX,93010-8528
120006203,CYNTHIA,TRCKA,515 RIVERSIDE DR E,,COLORADO SPRINGS,CO,32217-9322
9916110844,GARY,CROSBY,1569 BLUMBERG PARK,,OKLAHOMA CITY,OK,77316-4471
39032686,LYNN,DECECCO,3681 CEDARCREST DR,,SEBRING,FL,76016-1661
120004003,PAM,HLUSKO,3853 LAKEVIEW BLVD,,MANITOU SPRINGS,CO,34109-7220
77003421,DEANNA,MARKS,515 GOLDEN POND CT,,FAIR LAWN,NJ,23454-7048
71003684,KATHY,GUY,839 MAIN ST APT 15,,VENTURA,CA,32082-2035
9915002266,SALLY,PUTNAM,17183 CAT CREEK RD,,DALLAS,TX,70808-4273
9936006737,SILVIO,ZINTER,6815 CEDAR COVE DR,,ARLINGTON,TX,75401-5804
25027379,DIANA,BERGMAN,776 MCMURRY BLVD E,,WELLINGTON,FL,80107-1896
65021738,LACEY,VOGEL,17367 PROVIDENT RD,,SOUTH LYON,MI,46260-5082
111001878,CORA,PARCHMAN,735 CENTENNIAL BND,,OVERLAND PARK,KS,49201-8148
64008973,JENNIFER,UNDERWOOD,6785 ELK CANYON RD,,UPTON,MA,60601-5232
25023752,TERESA,RENFRO,5581 PINE HURST CT,,WEST PALM BCH,FL,92028-4522
119003461,DEBBIE,DODD,3151 FAIR HAVEN DR,,AUSTIN,TX,91325-4505
65026241,MICHELLE,THEO,5585 SIGNATURE CIR,,NORTHVILLE,MI,79371-0337
3023815,PAIGE,FLING,5318 MOONLIGHT TRL,,FULLERTON,CA,48116-8353
18020327,DEBRA,DRAGER,5333 STAGETRAIL DR,,NOBLESVILLE,IN,78669-6902
9933019569,PAM,LITTLE,6583 BRIDGEGATE DR,,HUNTSVILLE,TX,43606-1259
122003871,VERONICA,SAMPINO,3586 PUESTA DE SOL,,SAN ANTONIO,TX,91325-1735
9936007448,ROY,HOLLINGSWORTH,8758 MANHATTAN AVE,,WAXAHACHIE,TX,94044-3413
11018062,KIMBERLY,BLANCHARD,5385 S LARKSPUR ST,,LOS GATOS,CA,77025-2306
61006516,JOANN,MEARS,3588 WELLSPRING DR,,BARKHAMSTED,CT,75773-5212
61008990,CARA,WEDDING,9888 WINTERCOVE DR,,TARIFFVILLE,CT,77450-8793
9921002621,LINDA,OMALLEY,5357 DEER RIDGE DR,,MONUMENT,CO,48187-1737
42017107,LAURA,SENN,3838 E WINDSONG ST,,GREEN BAY,WI,75006-2102
101000036,MARGIE,FELLOWS,831 TRAIL RIDGE DR,,BOWLING GREEN,KY,92653-7541
39037428,SUSAN,WEIDNER,5531 LEDGESTONE DR,,POMPANO BEACH,FL,77598-3268
31018646,LYDIA,HOUGH,5317 SWEETBRIAR ST,,MILFORD,MA,70503-5211
9906043147,TANYA,LEE,6166 GRAND MESA DR,,ARLINGTON,TX,77449-3427
59013294,DEBBIE,WISEHART,7988 DUNSTABLE CIR,,RANCHO CUCAMONGA,CA,75035-6366
9908009301,RENEE,GILLIAN,55355 SAGEWHITE DR,,RAPID CITY,SD,07481-3157
9937010837,TARA,PARSONS,1356 STREAMSIDE CT,,MCKINNEY,TX,78501-5828
102000491,GINA,CONARD,5585 WATERFRONT DR,,SALEM,NH,70364-2835
9903003284,DONNA,FEDERMAN,55815 COACHMANS RD,,MONTGOMERY,TX,65810-2927
47020386,MARILYN,FITZGERALD,51638 W AUBURN AVE,,LOUISVILLE,KY,40222-4123
77005129,MARIA,STARMES,9888 WATERCRESS DR,,PARAMUS,NJ,72501-2901
9943055138,JULIE,BAKER,687 GLENCHESTER DR,,KINGWOOD,TX,40218-1547
25028481,CINDY,FISCHER,915 LYONS RIDGE DR,,CORAL SPRINGS,FL,91710-5396
9920005768,HEATHER,SAVAGE,333 LAKE MIRROR DR,,COLUMBUS,GA,75166-1850
25027128,JOYCE,POPE,3378 CLEARCREEK CT,,WEST PALM BEACH,FL,77382-6003
20015108,ROSE,DOLCE,35515 POST OAK TRL,,PUYALLUP,WA,75025-3806
9910154297,DIANE,SHIMOSKIE,1558 N MORRISON RD,,COVINGTON,LA,73034-2119
9914014268,KELLY,OWENS,3555 VIA DEL PRADO,,WEATHERFORD,TX,76140-0029
9919008815,CATHY,FENOGLIO,9938 HOLLY HILL DR,,HOUSTON,TX,80915-5054
65020523,PAM,WHITEHEAD,935 PRADO VERDE DR,,NOVI,MI,92882-7552
68001824,LAURIE,SMITH,5738 REX NORREY DR,,ENCINITAS,CA,91765-4219
9936027673,DEBRA,BRUNNGRABER,5557 WYNDEMERE CIR,,ARLINGTON,TX,78251-4012
47019409,AMY,WALKER,53581 WRANGLER WAY,,VAN NUYS,CA,46228-3193
9933017644,CORY,BRIGGS,5368 BILL SMITH RD,,HUMBLE,TX,60056-2843
107008353,ANNETTE,HANEY,757 GRACE HODGE DR,,DENVER,CO,91105-2430
18022628,DARLA,MILLICAN,381 SAINT CLAIR ST,,Cuyahoga Falls,OH,06088-1711
9907012291,JANICE,MILLER,781 E SHOREVIEW LN,,MELISSA,TX,75035-8587
9914010741,MARLA,CHANSLOR,53583 CHICKASAW RD,,SPRING,TX,98604-9270
63009678,CINDY,REDMAN,5316 WINDJAMMER PL,,SAINT JOHNS,FL,20136-3021
47017677,JOANN,KING,55768 Ventura Blvd,,CRESTWOOD,KY,32828-6915
60010876,JULIE,NUNN,15753 EDEN ROSE HL,,EAST HARTFORD,CT,94022-3647
115005786,CAROLYN,GOETZMAN,9181 BRIARCREST DR,,OKLAHOMA CITY,OK,91103-3000
9923005310,STEPHEN,LAWSON,681 MORNINGSIDE DR,,SAN ANTONIO,TX,80301-6022
9923000281,JULIE,HETZEL,5381 DANA LEIGH DR,,JACKSON,TN,73132-4615
9942051191,ASHLEE,DAPRON,31339 WESTMEATH RD,,HUNTSVILLE,TX,93063-3640
9944005082,ERIN,MCDANIEL,18811 POST OAK RUN,,SUGAR LAND,TX,98241-0315
103001033,RENEE,CARN,58698 FOUNTAIN AVE,,GRAND FORKS,ND,30188-6312
15081013,GRACE,SUMMERS,1535 TIMBERWOOD DR,,HENDERSON,NV,34109-6853
60009909,MARY,ROCK,5555 EL CAMINO CIR,,TOLLAND,CT,76063-5409
38036704,KARINA,CORDES,11965 GOLD RUSH PL,,CANTON,MI,33154-1638
106002904,SUSAN,ORRELL,1881 MOSSY OAK CIR,,ALLEN,TX,32966-2396
9937016815,SHANNON,HARRIS,55135 LAKELAND CIR,,FRIENDSWOOD,TX,76182-9225
9906038177,CHRISTINA,MORAN,1189 HERRINGTON CT,,FERRIS,TX,80215-1213
54014461,CHRISTINE,COOPER,5633 SE HARBOR TER,,HAMLIN,TX,06002-5409
60013327,HEATHER,BENSON,585 HELEN MARIE DR,,GLASTONBURY,CT,78232-5402
9917123470,TARA,CHRISTENSEN,39385 MACARTHUR ST,,SAN ANTONIO,TX,32940-6797
9920000339,DIANE,GAITHER,7736 MILLICENT WAY,,HOUSTON,TX,77418-4616
124003865,MICHELE,SHERMAN,755 GLEN ABBEY WAY,,ROWLETT,TX,40299-8386
53012371,JOANN,DRECHSLER,5839 WERNIMONT CIR,,BOISE,ID,06109-1233
9905015591,CHEVELLE,SCHEDIN,983 QUAIL CREEK CT,,ANTIOCH,TN,78232-4728
26024253,JENNIFER,MORRIS,5871 N ELMWOOD AVE,,GILBERT,AZ,77059-6432
25028119,JUDY,GILBERT,1 GILLIUM BLUFF PL,,NASHVILLE,TN,91367-1805
39039568,ALLISON,PFLUM,3651 CHERRYWOOD DR,,BOYNTON BEACH,FL,80911-3104
108006180,ABBY,GALPERIN,339 MEANDERING WAY,,DRUMRIGHT,OK,76092-2228
9934012271,MARY,PASHON,3718 W HANOVER AVE,,CAMAS,WA,98221
9914015364,TRACY,RICHMAN,58698 AMESBURY WAY,,REDDING,CT,75093-5453
3023198,DONNA,HERNDON,55185 HILLSDALE DR,,BREA,CA,92672-3528
101003537,LYNN,WILSON,7759 WINSTON DR NE,,FRANKLIN,TN,91710-1807
47015630,GINA,MICHAEL,5388 HUNTINGTON CT,,LOUISVILLE,KY,80439-4915
40040504,KAREN,MARPLE,35831 SEA LEVEL DR,,WINTER SPRINGS,FL,75087-3177
39034107,JILL,ZANTUA,5863 TOURNAMENT DR,,WEST PALM BCH,FL,97527-4837
63004992,CINDI,SMITH,635 E WOODCREEK CT,,SAINT AUGUSTINE,FL,25526-9265
18019487,REBECCA,BERRY,8911 RUSHING WINDS,,MUNCIE,IN,48329-1382
10020555,RENITA,HOWARD,5583 W AMHERST AVE,,QUEEN CREEK,AZ,43612-4456
115007860,GINGER,VELASQUEZ,883 HYDE PARK BLVD,,PRAGUE,OK,75019-3360
72002636,TERRY,NANDA,8313 LA RIVIERA DR,,ENCINO,CA,75965-3072
114004051,CHRIS,MCWHORTER,6585 VALLEYWOOD DR,,MEADOW,TX,76240-7908
77002866,JILL,COOK,3688 FERNVALLEY CT,,ORADELL,NJ,80016-1090
82001214,YVONNE,VANBUREN,9567 BLOOMFIELD DR,,CORONA,CA,33626-2671
58010319,LORI,HAWKINS,3155 HAVENRIDGE DR,,ANN ARBOR,MI,93010-2115
125000303,SHIRLEY,MORGAN,1883 CLUB HOUSE RD,,WESTLAKE,TX,52806-5823
63006437,MARITZA,BROCK,3595 US HIGHWAY 81,,FERNANDINA,FL,75225-2607
22021175,AMY,ROBINSON,357 BROOKCLIFF TER,,LEWIS CENTER,OH,02638-1807
9916115917,MICHELLE,ELLIOTT,56381 MARLINTON DR,,EDMOND,OK,92627-2083
44011015,VALERIE,CRONIN,58836 BALLINGER ST,,SPRINGFIELD,IL,06109-2922
121003449,MARY,DAWSON,788 TRANQUILITY CV,,DENVER,CO,76063-6614
65019503,DEBORAH,LOCKWOOD,58313 WESTRIDGE RD,,FARMINGTON HILLS,MI,75056-4502
9944001714,TERRE,SCHAEFFER,1585 WATERCREST CT,,BAYTOWN,TX,02138-4862
11020853,KELLY,WILSON,3565 CRANSWOOD WAY,,PORTERVILLE,CA,77388-4990
40046964,ELEANOR,MOHLENBROK,5968 HAWAII AVE NE,,LAPEER,MI,20105-3479
116002564,ROBIN,STARR,7573 E PHANTOM WAY,,SAN ANTONIO,TX,75058-0264
22017538,CATHIE,WOODWARD,1853 N PAULINE AVE,,WORTHINGTON,OH,78015-4480
105004868,KATHY,ERICKSON,3758 TRAILS END RD,,MANSFIELD,TX,91436-3706
6041477,JULIE,SAMBERG,15585 S HIGHWAY 88,,PEORIA,AZ,78249-2494
60012530,JILL,SCHER,1786 MILES CITY CT,,MANCHESTER,CT,78023-3782
21016055,KIA,RYAN,535 COUNTY ROAD 17,,ALEXANDRIA,KY,01915-5558
9943051782,MELISSA,DURHAM,815 LAKE ELBERT CT,,HOUSTON,TX,06033-3372
26023144,JEAN,DEHN,5886 CUB STREAM DR,,MESA,AZ,75070-2876
25028301,MARLA,KRUMINS,3386 POPLAR RUN CT,,WEST PALM BEACH,FL,75019-3960
110004528,KARI,CARLTON,5513 RIVER ROCK DR,,DUMONT,NJ,73118-8416
9943051674,CHARLENE,JACOBS,1189 TWIN CREEK LN,,SPRING,TX,67401-3428
9933014531,STEPHENIE,SWEET,981 S MARY BETH DR,,SAN CLEMENTE,CA,46229-9787
118004079,THERESE,SCHWAM,5615 N RAYMOND AVE,,KINGWOOD,TX,76453-3860
9907004775,DIANE,DEWAR,1611 GOODNIGHT TRL,,ARDMORE,OK,75087-3293
9923011228,JUDY,HATHAWAY,8378 MAGDALENA RUN,,SAN ANTONIO,TX,76065-6448
115008505,JOAN,DODGE,7636 ASPEN PARK DR,,EDMOND,OK,73047-0041
24085459,ROSE,FERGUSON,1588 STILLWATER CT,,LOS ANGELES,CA,77378-4057
103001061,DENISE,DORSEY,383 LIVINGSTONE LN,,LITTLETON,CO,32250-8222
58008674,SUSAN,HURBAN,5386 ELDERBERRY CT,,PERRYSBURG,OH,76051-7562
124004602,DIANNE,CUELLAR,36938 LAKE YALE DR,,LUBBOCK,TX,76051-8234
10021517,DANIELLE,BLUESTEIN,59381 BREMERTON LN,,PHOENIX,AZ,93065-5455
9026609,ROBYN,JANUS,53596 TREECREST ST,,CHESTERFIELD,MO,76016-1505
111004119,KAREN,FINTZ,5357 TENNISON PKWY,,PEARLAND,TX,06042-3247
9904038138,KELLY,TRAMMELL,918 S TENNESSEE PL,,LITTLETON,CO,76126-2807
17068920,SHARON,GAUDER,3383 STONERIDGE DR,,WESTLAKE VILLAGE,CA,06089-9401
9923007869,JONI,UNDERWOOD,51685 LAKEBROOK DR,,BURLESON,TX,75002-4457
77003938,MELISSA,DENZA,5358 RENE LA SALLE,,WALDWICK,NJ,78239-1857
115005035,VICTORIA,KOSANOVIC,58883 BEACHWOOD DR,,DEERFIELD BCH,FL,91364-3457
19029683,MARILYN,DAVIS,5858 CRESTLINE CIR,,ALGONQUIN,IL,40242-2838
63008529,JOSE,MANDIGO,71 WHIPPOORWILL LN,,LEANDER,TX,42038-7511
18019118,TAMMY,RAZI,1558 S DARLING AVE,,LAFAYETTE,IN,07002-2020
9906037775,KAREN,ROSCIO,51835 CLARKSON CIR,,WEATHERFORD,TX,90275-6233
19025163,ANGEL,BROWN,13563 KINGS POINTE,,SOUTH ELGIN,IL,03038-4233
54017921,MARGARET,STURMAN,1555 CENTURIAN CIR,,PULASKI,IA,80015-4866
25021875,PAT,ALLEN,55311 DREAMLAND DR,,WELLINGTON,FL,78255-2110
39041022,KATHERINE,BROCK,888 NORTHWOOD BLVD,,JUPITER,FL,32034-0301
54018079,JEANA,HITE,858 LAKE MARION DR,,PRAIRIE CITY,IA,64804-3117
122002915,CINDY,ELLESTAD,35635 SAINT JOE RD,,SAN ANTONIO,TX,80027-3115
9904046952,ALICE,CARON,1165 W JACINTO CIR,,SOUTHINGTON,CT,91739-1735
9937015564,SANDY,ARONOWITZ,3881 WINDWARD PSGE,,GAINESVILLE,TX,27612-5917
40038463,PAT,PAPPAS,53655 BLAKEHILL DR,,WINTER GARDEN,FL,76179-3256
106006609,ANGELA,DELMASTRO,35 SCHOOL BROOK LN,,CELINA,TX,73170-5116
75000526,THERESA,PATTON,3117 CASTLEDALE DR,,BENTON,AR,75074-5218
9919011156,SUSAN,MARTIN,65 GOLDEN EAGLE LN,,SAN DIEGO,CA,77059-5422
39032423,ELAINE,BIANCHI,6836 MANDEVILLE PL,,OLD SAYBROOK,CT,78249-2470
9933025277,SUSAN,VECCHIONE,5316 CENTENNIAL DR,,SPRING,TX,50585-0151
45012412,KIMBERLY,DAY,6313 POPPYFIELD ST,,MOUNTAIN VIEW,CA,06060-0176
59010859,CARLOS,STRINGER,5887 ALTA VISTA ST,,ONTARIO,CA,33404-3250
78001314,RENEE,MURILLO,1881 GOLD FINCH CT,,SHERIDAN,AR,46250-4222
9901047876,JOANNE,DIMICK,58558 STARGAZER DR,,NEWBURY PARK,CA,75098-1821
65025626,LISA,DARLING,1615 N WOODLAND RD,,BRIGHTON,MI,33472-7131
115006799,GLENDA,JOSEPH,385 AIKEN HUNT CIR,,PARKER,CO,73072-8059
58010668,SUZANNE,TOMPKINS,5895 E WOODSMAN PL,,STEUBENVILLE,OH,75019-3775
106010450,DOLORES,JEWELL,1355 BRYAN GLEN ST,,SPRINGFIELD,PA,80923-8785
60008956,LETICIA,KOCH,9716 VIA ESPERANZA,,OLD ORCHARD BEACH,ME,75009-6495
9937035874,BRIANNE,DELLANNO,5553 W MUIRWOOD DR,,FRISCO,TX,85741-3044
9915000580,CARI,LEMMON,7355 LANCASHIRE DR,,DALLAS,TX,78023-4694
9914010937,BONNIE,MILLER,5835 WHEELHOUSE LN,,MISSOURI CITY,TX,76021-3204
9905021214,JILL,JOHNSON,3516 NORDIC WAY DR,,BAYTOWN,TX,28461-8025
11019366,SONIA,STROUT,1167 LAKESIDE ESTS,,ATLANTA,GA,43557-9763
9937014521,GAIL,MCBEE,16358 W WEXFORD DR,,BELLAIRE,TX,28613-9412
60009224,ELLEN,MACCHI,1688 CLAY CREEK CT,,ELLINGTON,CT,75035-7132
9921002632,GRETCHEN,RODRIGUEZ,1889 DEVONSHIRE DR,,PEYTON,CO,78108-3041
115004546,SHARON,BETTINGER,3751 GOLDENEYES LN,,EDMOND,OK,76049-4527
61010039,DEBORAH,ZEFF,59986 ERIKA WAY DR,,HARWINTON,CT,50313-4531
9936018492,MYRNA,FOUQUETT,95 ELM ST APT 181D,,MANSFIELD,TX,75025-4346
78002310,JEN,LANDRETH,3356 JACQUELINE DR,,MARSHALL,AR,33411-4309
17068857,SHELLY,OBANNON,13939 FLYING ARROW,,AGOURA HILLS,CA,32082-3707
40051927,JANET,OCONNELL,8389 CHATSWORTH CT,,SAINT CLOUD,FL,33410-5931
116000191,LANELL,SMALL,5365 E NICHOLS CIR,,SAN ANTONIO,TX,76262-8201
9917108570,AMANDA,KISER,137 WATER POINT LN,,LA VERNIA,TX,80121-3062
55009685,JOANNE,WEILAND,99 E STEDHILL LOOP,,WEST ROXBURY,MA,85226-5865
78003518,ERINN,KIMBELL,3565 SUGAR PINE DR,,LEBANON,MO,50701-4653
9934034909,RHONDA,MERRILL,17555 WOODBLUFF RD,,AURORA,CO,76088-2017
9921007101,PENNY,ELLIOTT,8883 HEARTSONG TER,,EIELSON AFB,AK,78229-3457
60012601,NICOLE,HILLIG,1385 MIDDLECOFF LN,,CHESHIRE,CT,75429-1020
9908009552,KELLY,ELY,13565 ELIZABETH LN,,CHEYENNE,WY,92867-2257
9942040307,SUE,CHASE,5517 LEXINGTON CIR,,PEARLAND,TX,76114-2323
48014005,ANDRIA,KECHNIE,5181 SE CORTINA DR,,ASHLAND,VA,77510-0310
9904038141,MARIA,MATHYS,38 EMERALD POND DR,,CASTLE ROCK,CO,80920-7353
9904045263,COLLEEN,SCOTT,9687 RAVENSWOOD RD,,LITTLETON,CO,78223-4028
52022315,JODI,CONWAY,51553 RANGEVIEW CT,,MANASSAS,VA,90292-6905
78002027,MIKEL,ALEXANDER,5315 RIDGETRAIL DR,,PEORIA,AZ,75165-6101
9945058308,KATHLEEN,DINGER,1378 CHALCEDONY ST,,DALLAS,TX,75189-3644
2013949,PAM,MITCHELL,57955 SE 515TH CIR,,STUDIO CITY,CA,02492-3304
7017229,SUNNY,FIGUEROA,6855 BOWERMAN ST E,,HUNTINGTON BEACH,CA,73072-3032
54017844,MARY ANN,WHITAKER,58586 CAMBERLEY LN,,DES MOINES,IA,77316-6819
31018446,JENNIFER,SOLIS,356 E BELLEVUE AVE,,DURHAM,NC,78840-2834
68001557,JULIE,MANTEY,6885 FLINTSHIRE CT,,CARLSBAD,CA,75495-7036
115008911,LILLIAN,EDGAR,1555 DOE MEADOW DR,,QUAKERTOWN,PA,92407-1949
105004606,KAREN,SAMUEL,1188 PICCADILLY CT,,GRAND PRAIRIE,TX,80920-5787
49013791,JULIA,COOK,5833 DICKINSON AVE,,CRESTVIEW,FL,77429-3548
111000644,SONYA,DALTON,3879 NETHERLEE WAY,,FRIENDSWOOD,TX,43512-6984
46021247,BETH,HURST,9358 PINKERTON WAY,,BROOKLYN,NY,75142-3211
116003709,JULIE,TURNER,3365 E NORMANDY DR,,SAN ANTONIO,TX,30097-5769
18022776,LIBBY,DIVOZZO,5353 HIGH CREST DR,,ANDERSON,IN,77518-0820
114006377,MARY NELL,BRAY,1567 FORESTVALE RD,,LANCASTER,TX,79556-1204
63007080,TARA,SNOW,555 JOHN ST RM 585,,JACKSONVILLE,FL,60056-3567
24091814,VERA,KATTNER,151 GLEN ECHO BLVD,,PASADENA,CA,76017-0552
61007302,JODY,STERN,1983 WEISSINGER RD,,BRISTOL,CT,75156-5223
570019945,MEL,DENZA,5358 RENE LA SALLE,,WALDWICK,NJ,78239-1857
39038795,BETH,HOOK,3173 PARK FALLS LN,,BOYNTON BEACH,FL,77450-5646
25022750,PAT,LEMERE,3383 FOOT HILLS DR,,LAKE WORTH,FL,32812-6812
63004605,MARTHA,BULGER,189 MEADOW OAKS DR,,FLEMING ISLAND,FL,73012-4183
63006069,BETSY,LOWE,5738 EVERGREEN AVE,,FERNANDINA BEACH,FL,80922-1818
40039974,TERESA,BULLARD,118 GREATHOUSE CIR,,ORLANDO,FL,65737-8426
9907011499,SARAH,MOSS,3835 SWARTHMORE ST,,PRINCETON,TX,92084-7249
75001206,COURTNEY,EVANS,58315 WALAVISTA RD,,BENTONVILLE,AR,50003-8521
9908009820,SHARYL,MULLINS,6888 NORTHBROOK CT,,BROOMFIELD,CO,06074-1576
53009905,COLLEEN,ROUSSEAU,3815 N PARKSIDE DR,,PORTLAND,OR,48313-5622
63006768,ELAINE,MULLEN,6831 RAINTREE FRST,,JACKSONVILLE,FL,32211-6228
9907007203,SARAH,HART,31986 WHITBURN TRL,,MINEOLA,TX,92677-1731
58012138,MARSHA,BAUR,58333 PARK WALK PT,,PERRYSBURG,OH,80918-1997
54013439,SABRINA,DOWE,1789 PINE CHASE LN,,WEST DES MOINES,IA,79371-0337
9907011777,SHARON,HUMPHREY,1356 WOODSTOWN HWY,,FRISCO,TX,32224-5670
13019739,ONA,HICKMAN,53335 CASTILIAN DR,,MARIETTA,GA,78257-1712
126000486,LISA,BECHARD,1555 WOODHOLLOW LN,,SPRING,TX,65672-6316
9912006840,KELLY,WOLSONOVICH,9655 RUSTLING LEAF,,GULFPORT,MS,77356-8459
112000913,SARAH,EDGE,335 Porter Lake Dr,,SPRING,TX,17013-3629
9936012064,JANET,WILSON,8535 ESTES GLEN LN,,KENNEDALE,TX,75087-2353
63011355,PAMELA,LARSEN,5388 S FLAMINGO RD,,ORANGE PARK,FL,79707-2606
59009762,MARY,CRISWELL,6333 BLUE STONE DR,,HELOTES,TX,29466-8217
9938022646,AMY,MCBRIDE,3338 WOODHAVEN TRL,,DENVER,CO,91214-1320
47016717,KELLY,STARK,533 STONEWATER WAY,,LOUISVILLE,KY,92843-3650
103004162,JENNIFER,CALDWELL,3316 CREEKWATER LN,,CENTENNIAL,CO,91803-3616
9938020841,LYDIA,HAWKINS,5358 LOUISIANA AVE,,BOULDER,CO,77505-3337
65022860,JUDITH,ZOLLARS,3563 W HARRISON ST,,FARMINGTON HILLS,MI,71923-5834
9921001015,ANN,GOLDEN,733 SADDLEBROOK DR,,COLORADO SPRINGS,CO,80232-6632
25023321,JULIE,DENOTE,5785 N ANDERSON ST,,WELLINGTON,FL,34986-3418
9942051102,TEDDY,PASCHAL,7883 ROBIN HILL DR,,SPRING,TX,76016-1176
54017786,REINA,HENTHORN,58858 TREEHAVEN CT,,SAN ANTONIO,TX,76015-3516
71003094,CAROLINE,PEMBERTON,513 BRAULT HILL RD,,GRANADA HILLS,CA,78064-2918
9945059821,LAURIE,THAYER,3933 SOUTHSHORE DR,,ARLINGTON,TX,80002-1907
83001612,JENNIFER,INFANTE,33353 591ND AVE SE,,CAPE CORAL,FL,77386-2360
9914008558,BRIDGET,MARTINDALE,3155 E PHILLIPS PL,,HOUSTON,TX,33913-6902
9934034448,LISA,STANFIELD,5363 BAINBRIDGE RD,,PARKER,CO,60564-5940
19025129,CAROL,MITCHELL,753 HUNTERCREST ST,,ELGIN,IL,33414-4719
40042512,BRANDY,POWELL,3835 HEDGECLIFF CT,,HOPKINTON,MA,78230-2529
9916110439,ALISON,MERRITT,3336 LABURNUM CRES,,STILLWATER,OK,90066-2030
58009837,STACI,GAUTHIER,8885 RIVERWALK TRL,,FOREST,VA,32082-3619
9915001449,DEBORAH,GILES,6351 BLUEBONNET DR,,DESOTO,TX,20120-3754
31017670,DEBBIE,MIKSELL,885 NE WISTERIA LN,,APEX,NC,91789-3416
9909171892,MONIKA,HOOD,35553 RUSTLING RDG,,BENTONVILLE,AR,91423-1382
123003201,VICKIE,ROJAS,7153 COTTONWOOD CT,,MCALLEN,TX,50441-1206
60012487,JANET,WESTERCHIL,53135 VICKSBURG ST,,WETHERSFIELD,CT,20124-0964
53010556,SARA,COCHRAN,1756 STAR LIGHT LN,,VANCOUVER,WA,51566-1331
32014383,SHELIA,HILLYARD,5558 E MAZATZAL DR,,SAINT JOHNS,FL,02493-1226
75000520,DIANA,THOMPSON,59796 TATTNALL WAY,,ROGERS,AR,07083-7316
63010996,TRACY,AFFRONTI,5931 PALM VISTA DR,,JACKSONVILLE,FL,76051-8726
9914015168,KATHY,MILLER,55555 KINGRIDGE CT,,RICHMOND,TX,34685-2698
18017723,LORI,RENEAU,55 PICARDY HILL DR,,CARMEL,IN,93021-3587
26022471,ROBIN,COLAPIETRO,173 GREAT CREEK RD,,PHOENIX,AZ,52402-6938
52018037,JENNIFER,RITCHIE,167 WEEPING OAK DR,,BRISTOW,VA,35502-1167
25024898,PEPPER,BUCHWALD,6733 PINE CREEK DR,,LAKE WORTH,FL,75043-4925
77004520,SUZANN,PEREZ,636 PEPPERDINE AVE,,HAWTHORNE,NJ,76248-5251
106010030,JUDY,LOVAS,7965 SWEETGUM LOOP,,NORMAN,OK,85028-3621
9937041147,MARY BETH,FETTROLL,3118 BILLINGTON DR,,MANSFIELD,TX,32779-2204
82001168,ALLISON,KRUPA,567 KING ARTHUR RD,,CORONA,CA,33458-3787
9917125400,PAM,AGUILAR,53589 WESTBROOK DR,,SAN ANTONIO,TX,20147-4013
7015119,JANET,PALMIERO,58383 PERWINKLE CT,,BEAR,DE,01095-1565
120004575,BARBARA,ANDERSON,5351 EISENHOWER RD,,COLORADO SPGS,CO,77571-7172
72006602,CHARLENE,GILL,651 NE VAN LOON LN,,THOUSAND OAKS,CA,81137-9613
61008457,MARSHA,PETERS,6136 FLORIDIAN CIR,,BOULDER,CO,77382-1256
9933023250,MICKIE,ADAMS,3585 CONSTANCE CIR,,SAN RAMON,CA,37075-5664
9916111659,RUTH,WATTS,355 QUAIL RIDGE LN,,OKLAHOMA CITY,OK,92604-1963
107007030,LAURIE,COX,5857 SHADY HILL LN,,GOLDEN,CO,48114-9689
114005748,ANGELA,HUFFMAN,5565 OLD MYSTIC CT,,GARLAND,TX,90631-3818
72003835,KATHLEEN,CRAM,38835 MAN O WAR DR,,VENICE,CA,92675-3903
9918098373,MARK,PARHAM,558 SILVERBELL CIR,,YUKON,OK,91303-1339
67005549,DONNA,GREADY,9373 RIVER OAKS DR,,THOUSAND OAKS,CA,80437-1284
120003931,JANA,NELSON,7511 FITCHBURG AVE,,MIDDLETOWN,RI,06095-1455
54017960,DORIS,KUNTZ,3638 TELESCOPE AVE,,ANKENY,IA,75034-8213
33018925,MONIQUE,MONDEY,3853 SUNMEADOW WAY,,ATLANTA,GA,22192-3813
82001276,KAREN,SORRELLS,515 SOFT SHADOW LN,,CORONA,CA,75152-8241
83001590,CARLA,DAVIS,5837 OKEECHOBEE RD,,NAPLES,FL,30534-8328
9917124023,KAY,MORRIS,16793 W SHADOW CIR,,GEORGETOWN,TX,01028-2670
9923005065,ANNETT,NEHLEN,5685 LEXINGTON AVE,,HELOTES,TX,02762-1006
118003015,HAROLD,LEA,1383 BRANDYWOOD DR,,CARMEL,IN,76085-3618
52018782,PAMELA,BORGHI,9155 WOLF PACK TER,,MANASSAS,VA,77346-4052
4014206,DONNA,MAULDIN,3736 CARTERWOOD DR,,YUMA,AZ,78577-6413
71006863,LEO,KUNKLE,8353 THREE BARS DR,,THOUSAND OAKS,CA,85050-9005
9907003882,RICHARD,BEAUPREZ,55378 WELLSHIRE LN,,PLANO,TX,52302-6469
53013714,BETTY,JONES,5853 FALL RIVER DR,,BEAVERTON,OR,46032-4705
70002768,LORAINE,FELDMAN,53311 VIA ROMA CIR,,HILLSBORO,OR,48356-2966
40049496,LORIE,AVERY,1315 COACHLIGHT LN,,ORLANDO,FL,95746-5842
9932005827,SUSAN,DOERFLER,3913 RANCH VIEW RD,,HENDERSONVLLE,TN,78006-7956
41023503,PATTY,WALLIN,7385 TWIN LAKES RD,,HARTLAND,WI,77354-3171
121000653,DAVID,BUXKEMPER,3881 WATERSTONE CT,,LAKEWOOD,CO,37205-3151
115000899,DIANA,ELLZEY,53538 CHAMBER OAKS,,MOORE,OK,77503-2809
60013799,BETTY,FOXX,553 W MOSSY CUP ST,,WYCKOFF,NJ,80228-4952
64010297,RICHARD,DOUCET,1153 WATERSONG CIR,,WOBURN,MA,76244-6189
54013884,SILVIA,JOHNSON,5581 SPRUCEWOOD CT,,OSCEOLA,IA,80228-4325
9905022547,DEBRA,DELUCADENARCO,55313 HIGHGROVE DR,,PLANO,TX,49504-5388
47019919,ELLEN,BRUTON,619 LAKE HARBOR DR,,LOUISVILLE,KY,06033-1647
68005545,MELANIE,SCOTT,6353 RIVER OAKS DR,,CARLSBAD,CA,32807-1361
160018812,TINA,HOUSTON,58635 OSCEOLA LOOP,,MARTINEZ,CA,77096-2730
9903002464,MARY,MYERS,785 FALLS CREEK CT,,HOUSTON,TX,76137-3877
9933002242,TANYA,MITCHELL,59885 CALLAWAY CIR,,SPRING,TX,50014-4619
63010507,JENNIFER,WYMAN,555 MIDDLEFIELD DR,,PONTE VEDRA,FL,78227-4554
9937032038,MARLA,GUIROLA,7753 TIMBER TOP DR,,MCKINNEY,TX,92618-3370
63007386,LISA,SHARASHEFF,1683 W PALOMINO DR,,ORANGE PARK,FL,76051-2646
30011523,DONNA,BREWER,5355 W HIGHLAND ST,,REDMOND,WA,75219-8613
68002706,SHERRI,COOPER,5917 GREEN VIEW LN,,SAN DIEGO,CA,78249-4642
9917120103,LISA,YOUNG,5819F HIGHWAY 36 S,,SAN ANTONIO,TX,30519-8913
24088043,CYNDI,CURRY,13 TANGLE BRUSH DR,,ARCADIA,CA,97007-3248
78000331,CHRISTAL,WILKERSON,135 TUMBLEBROOK DR,,NIXA,MO,91737-1517
9917116861,LISA,ROE,7883 N MILLIRON RD,,SAN ANTONIO,TX,43615-8305
71004035,ERIK,ALEXANDER,3591 EAGLEWOOD AVE,,CHATSWORTH,CA,78240-5606
103004843,PATRICIA,VINCENT,8581 BLANDSFORD DR,,DENVER,CO,48843-7845
9945051618,NANCI,MINRATH,55593 QUEENSWAY DR,,MESQUITE,TX,78132-2621
9923002286,TAMMY,AIRO,1773 LONG GROVE DR,,SAN ANTONIO,TX,46074-9134
104000271,KRISTIN,CUMINGS,13553 LA GRANJA DR,,NORTH RICHLAND HILLS,TX,48446-2742
18017701,JULIE,WILSON,5558 NC HIGHWAY 57,,BARGERSVILLE,IN,94070-2950
65023728,SUE,RAMBARRAN,589 EGRETS WALK LN,,MILFORD,MI,75007-3101
9906040962,HILDA,GUTIERREZ,3981 N VISSCHER ST,,ARLINGTON,TX,77070-5970
999002679,LOURDES,GOODWIN,5586 CEDAR HILL RD,,SOUTHLAKE,TX,30062-3281
77002503,ROSA,GONZALEZ,1888 VILLA VIEW DR,,WYCKOFF,NJ,L5N 7M2
75001091,LINDA,WRIGHT,58 COUNTY ROAD 331,,SPRINGDALE,AR,80403-1774
9917135211,CHARLA,CROSEN,36 FOREST HILLS DR,,SAN ANTONIO,TX,75034-5970
9941102638,DEBORAH,KALB,5785 GARRETSON AVE,,MOUNTAIN TOP,PA,72703-1833
26023940,SEANDRA,CAREY,153 BUCKINGHAM AVE,,GILBERT,AZ,34233-2267
64011735,JANA,TALBOT,6963 WILLOW OAK ST,,ELIOT,ME,75078-2548
67005680,LINDSEY,KING,56 INDIAN PURCHASE,,OAK PARK,CA,73012-4509
5020310,JEFFREY,SLAGEL,3586 WOODHOLLOW DR,,LINCOLN,CA,80134-2749
9912004248,JOSEFINA,KLOSS,9885 SUGARBERRY DR,,MAGNOLIA,TX,80130-7164
111002751,COLLEEN,REBECK,3785 BROWNWOOD CIR,,PLANO,TX,77517-3109
9920001453,SANDRA,SWIFT,5858 S IRONWOOD DR,,WEIMAR,TX,76001-5527
66003068,PAULETTE,WATSON,3615 GREENFIELD DR,,OKLAHOMA CITY,OK,74036-5263
19027407,KATHY,CAMPBELL,5116 E ALTADENA DR,,CHICAGO,IL,33852-5969
25023677,CINDY,FONTANILLS,5555 SEDGEWOOD TRL,,BOYNTON BEACH,FL,73025-1742
9930033571,MARY,CAMPBELL,181 DRUID HILLS RD,,LONGVIEW,TX,34741-7760
106003501,STEFANI,PUCKETT,518 COBBLESTONE DR,,CELINA,TX,77096-6206
75000749,JENNY,STEWART,9835 RICH TRACE ST,,ROGERS,AR,80129-6676
65026486,DEBORAH,REYNOLDS,1565 ELDERBERRY DR,,FARMINGTON HILLS,MI,77381-5148
105005241,BRUCE,LAND,6118 WOOD HAVEN DR,,WEATHERFORD,TX,85022-5734
77002113,PAMELA,MURPHY,7815 HUNTSMAN BLVD,,MONTVALE,NJ,32256-3533
18019891,SHERI,ALLSOP,55885 RED CEDAR DR,,EDINBURGH,IN,43081-4457
9916101282,SUSAN,COLLINS,3851 PLANTATION DR,,OKLAHOMA CITY,OK,76255-3415
15079523,ERICA,SIMPSON,6133 S NIAGARA WAY,,CANOGA PARK,CA,06040-6662
9921008773,JOAN,MCDOWELL,5353 CORONATION DR,,SUTTON,MA,74003-5622
115006562,PAULA,HALL,5595 PALO VERDE DR,,EDMOND,OK,89423-5139
82000552,STEPHANIE,CALDWELL,1119 STONELEIGH DR,,LAKE ELSINORE,CA,06078-1801
40050688,RAQUEL,SOPKOVICH,7985 SHADY OAKS DR,,TITUSVILLE,FL,50313-2641
9921005470,PAMELA,DAVIDSON,3398 DESERT INN DR,,CANON CITY,CO,63128-3531
20014727,ISABEL,CRUMP,55893 PITCHFORK CT,,GREAT FALLS,MT,32092-1057
72005652,JONNI,MEHREGAN,1758 HOLLY WALK LN,,LOS ANGELES,CA,02021-3244
61007249,SHELLEY,GRAVEN,7156 STONEWATER CT,,AVON,CT,76248-2445
53011912,LINDA,MAY,185 SQUAW CREEK RD,,SALEM,OR,92130-1503
107005743,JEANNE,ROBERTS,5913 MAPLEWOOD TRL,,ASHBURN,VA,78249-1788
9933028882,REBECCA,BRYSON,1168 ROBINDALE WAY,,SPRING,TX,76049-5272
107003661,ELLEN,COPELAND,55181 GRACELAND LN,,BROOMFIELD,CO,37221-2385
9907011463,JESSICA,JOHNSON,3518 CASTLEWOOD CT,,MCKINNEY,TX,30022-5844
12015066,JULIE,WILLIAMSON,5888 LAKEHILL BLVD,,BURIEN,WA,76052-3243
72003543,PHILLIP,TURNER,5881 SUNNYSLOPE DR,,LOS ANGELES,CA,91311-6765
20013075,KARLIE,BRODHAGEN,3997 ST GEORGES CT,,ELLISVILLE,MO,80230-6067
106007119,SUSAN,BURRIS,51335 NW HUNTER DR,,LIBERTY HILL,TX,06897-3627
22021370,PAM,HEIM,51987 CENTAURUS CT,,NAPLES,FL,73842-2201
9917125188,PATRICIA,OCCHINO,557 MAPLE ST APT 3,,SAN ANTONIO,TX,76036-9429
18018264,KEVIN,WILLIAMS,5853 SANTA ROSA CT,,CARMEL,IN,92673-3110
9917111181,PATRICIA,BLESSINGER,585 ADA AVE APT 56,,KENEDY,TX,85749-8368
9934026191,DOUG,HOPKINS,58955 WOODLAND WAY,,HOUSTON,TX,92543-3871
125000666,EARLETTA,STRICKLAND,1855 RIVA RIDGE ST,,EULESS,TX,75070-2864
4015188,JUDY,RODRIGUEZ,53317 W WESLEY CIR,,ADDISON,TX,76624-1303
39036191,KELLY,MOXLEY,3733 HOLLY TREE DR,,PORT ST LUCIE,FL,92660-5308
26025631,JILL,CALLAHAN,883 SILVERPINES RD,,CHANDLER,AZ,77536-4211
9942054396,HEATHER,OHLIN,858 S GARFIELD AVE,,HOUSTON,TX,85225-5278
119002353,DEBORAH,WHELCHEL,3935 GLADE HILL ST,,LEANDER,TX,74055-6252
26025054,TERESA,EMMERT,1818 OLD PLANKE RD,,GILBERT,AZ,75771-5539
58008898,JOANNA,COOL,53117 SILVERHOLLOW,,TOLEDO,OH,01701-2523
9903033613,KATIE,GARCIA,56378 BETHLEHEM RD,,GEORGETOWN,TX,45872-1310
3029010,SARAH,CECERE,6938 EAGLE WING DR,,WEST COVINA,CA,92677-7008
47017318,EDITH,SCUTTI,9558 FRANGIPANI DR,,GLASGOW,KY,85206-3813
9933030382,CHRISA,T,1153 ARROWWOOD TRL,,SPRING,TX,77063-4432
9937009357,SHARI,LEWIS,53783 SHAVANO MIST,,FRISCO,TX,76248-8327
22021261,SUSAN,JOHNSON,389 TIMBER LAKE DR,,DUBLIN,OH,11779-6273
9916101726,LIBBY,MCGUIRE,55757 BIRCHWOOD ST,,EDMOND,OK,89029-0716
63006262,JEFF,HARRIS,55735 CORONADO TRL,,FLEMING ISLAND,FL,32246-0565
9936024281,ERIN,NOONAN,5618 CIRCLE OAK DR,,HENDERSON,TX,33060-8143
63009324,THERESA,DONNA,3519 SILVER TIP DR,,ADAMS CENTER,NY,73122-6419
71002633,WHITNEY,LEROY,5555 FIDDLEWOOD CT,,MOORPARK,CA,76234-5125
9932040916,JANYCE,LUJAN,58657 E POSADA AVE,,NASHVILLE,TN,27804-9735
71003958,THOMAS,MURPHY,1338 GREENBRIER CT,,SIMI VALLEY,CA,93065-5618
9945047584,MARIA,EVANGELISTA,7775 SURREYHILL LN,,SCOTTSDALE,AZ,78260-8004
9022019,JACKIE,ALMENDAREZ,5813 MAPLECREST DR,,SCOTTSDALE,AZ,73013-1826
9938010810,DOROTHEA,MCHENRY,5883 CLUBHOUSE CIR,,BOULDER,CO,79084-0505
20015875,JOAN,NELSON,15155 FAIRWAY SPGS,,NEVADA,TX,76226-5909
160021037,JIM,WILBER,5131 SW STEVENS ST,,BENICIA,CA,20151-1420
18021929,MARGARET,STADERMAN,5589 POST OAK PATH,,Greenwood,IN,76028-6865
6039868,VALERIE,PETERSON,3357 WINCHESTER DR,,MURRIETA,CA,78155-0791
9945063857,JILL,MALCIK,3888 DRIFTWOOD CIR,,DALLAS,TX,78015-4606
27023205,DEBRA,ASPER,381 EAGLE POINT RD,,SAINT LOUIS,MO,76028-1117
102003163,KAREN,TAYLOR,15 LAKE RICONDA DR,,COLLEGE STA,TX,34997-5404
9903033767,MELISSA,CASTANEDA,51919 W MONTANA DR,,ROUND ROCK,TX,93063-4191
26025759,KRISTI,HAVLIN,583 BLUE HERON TRL,,MESA,AZ,73034-6153
9908010365,SHELLIE,HUMPHREY,386 STONE RIDGE DR,,BROOMFIELD,CO,50219-1362
7015404,VIRGINA,BRANTIGAM,1936 TRAIL LAKE DR,,Lake Worth,FL,99708-3512
106011729,STEPHANIE,VACTOR,1837 BUCKINGHAM CT,,LITTLE ELM,TX,80134-1028
39038123,CAROLYN,AYERS,8838 WOODSTREAM DR,,PALM CITY,FL,78023-4351
9923009916,CARRIE,MUELLER,1818 N HASKELL AVE,,LAKEHILLS,TX,22039-1642
53013709,MELISSA,COOPER,3138 TRADEWINDS DR,,BEAVERTON,OR,19118-4127
107007119,MICHELLE,FUELLING,5685 NIGHT HAWK CT,,BOULDER,CO,32086-6004
40043378,MARY,FERRANTE,19655 ANA MARIA LN,,KISSIMMEE,FL,77342-1086
61006974,KIMBERLY,WILSON,56155 HAWKSTONE PL,,UNIONVILLE,CT,48161-3626
9905022961,JENNIFER,SYZDEK,1896 COVINGTON AVE,,GRAPEVINE,TX,37221-4359
114002991,RAUL,HOOD,538 N ARCHWYCK CIR,,MIDLOTHIAN,TX,80111-4141
121002291,DEANNA,STREETER,6611 NEW HAVEN CIR,,DENVER,CO,75093-3823
9933000676,JOHN,WILLIAMS,16887 RIVERFORD DR,,SPRING,TX,94118-4007
77004669,JANIE,ARTZ,915 CLOUD CROFT DR,,CLOSTER,NJ,75056-4616
999002978,RICHARD,HUFFSTATER,985 S CENTRAL EXPY,,SAN ANGELO,TX,85248-4337
39039135,LINDA,WALKER,59615 EDUCATION LN,,JUPITER,FL,67133-0351
107000028,SHERRY,WELLS,6387 OLD OAKS BLVD,,DENVER,CO,80113-6911
9916102514,DOROTHY,PENNINGTON,5588 TONYA LYNN ST,,EDMOND,OK,07656-1938
63006151,VIVIAN,OSBORNE,53887 BITTERNUT LN,,JACKSONVILLE,FL,85248-4357
58011642,ROBERT,ELDRIDGE,5355 BRYANHURST LN,,SWANTON,OH,78154-3723
125000953,MICHAEL,VOADEN,5351 DOE MEADOW DR,,SAN ANTONIO,TX,32952-5605
72002090,MICHELLE,STEPHAN,3185 CALIBURN PKWY,,ALTADENA,CA,75033-8049
9907044141,NITA,GRAHAM,6818 SILKCREST TRL,,FRISCO,TX,46037-9639
9905019103,TARA,JANOWIAK,19188 OUTRIGGER ST,,SAN CLEMENTE,CA,80634-3409
72003289,NELDA,WALKER,357 W WOODHAVEN DR,,AGOURA HILLS,CA,91307-2709
60012286,HEATHER,MYERS,1565 HAVENCREST DR,,NEW HAVEN,CT,85032-4243
9938019158,DEAN,WIGERT,19W358 OLD LAKE ST,,GOLDEN,CO,43019-9713
120000148,RHONDA,MONAHAN,51338 SWEETFERN LN,,NEW HARTFORD,CT,32789-2929
110000469,MICHELE,PETERSON,1587 SAN SIMEON DR,,FORT WORTH,TX,22101-1545
106004968,DIANE,WINCKLER,5336 E LINCOLN AVE,,DENISON,TX,77227-2464
9922004899,BARBARA,SCHLUMPF,56885 CONNECTOR RD,,LITTLETON,CO,92880-3023
9905017604,DEBBIE,ASHTON,5587 CASTLEMERE CT,,LAKE FOREST,IL,65615-1108
103005283,GARTH,MOORE,1653 TURNBRIDGE CT,,INDIAN HILLS,CO,73026-8797
124000634,SUSAN,MATTEUCCI,556 TUSKA HILLS DR,,SAN ANTONIO,TX,77339-2532
60010688,JOAN,LAPARA,1835 MACDUFF DR NW,,GLASTONBURY,CT,75056-4638
9903033573,BETH,ETTER,68 S MC INTYRE WAY,,SPLENDORA,TX,76028-8422
64008660,TERRY,PILAS,55a Los Encinos Ct,,BRADFORD,MA,91784-1159
9914014157,DENI,TURNER,53755 GAINESWAY DR,,HOUSTON,TX,91325-4526
107007142,JANICE,CLAY,353 BRIDGEWATER DR,,LOUISVILLE,CO,85383-2679
2014738,TERRI,SCHRODER,3635 NORTHWOODS DR,,CALABASAS,CA,78504-2371
124003517,SHANNON,SHEPPARD,5557 W ENCLAVE CIR,,LAVON,TX,76049-7778
65023919,JULIA,WARNER,5853 S HOLBROOK ST,,FARMINGTON HILLS,MI,49428-8415
9917124257,CAROL,MELO,885 SE GLENDALE DR,,SAN ANTONIO,TX,01720-2849
9921012454,MARGARET,GONZALEZ,5188 RIVERSTONE DR,,CLIFTON,VA,85045-0616
106010904,CHELSEA,GIBSON,888 CHRISTIANS TRL,,FRISCO,TX,78231-2203
71005582,LYNN,KRULL,55583 WHITEROCK DR,,PORTER RANCH,CA,31548-5536
64006663,CRISSA,WALLACE,58868 WOODHAVEN DR,,NATICK,MA,11721-1822
61007125,RHONDA,TOBIN,3888 OAK VALLEY DR,,GRANBY,CT,75022-7060
9919021773,BETH,CAYWOOD,13889 BRIARHORN DR,,HOUSTON,TX,60447-8242
25022635,STARR,LOVEGROVE,3358 BRIARCOURT DR,,WELLINGTON,FL,77573-5304
9917128381,BRITTANY,SMITH,538 BLACKBERRY RUN,,SAN ANTONIO,TX,47714-4313
38038643,HALEY,BLACKLOCK,5385 ABOURNDALE CT,,COMMERCE TOWNSHIP,MI,78332-4135
9912002198,MATT,JERKE,5358 GREEN COVE RD,,PLANO,TX,80232-5291
63005423,SARAH,LANDRY,181 GLEN CANYON DR,,NAPLES,FL,77708-2507
9932040954,NIKKI,BOWMAN,53159 WOODHAVEN DR,,TRABUCO CANYON,CA,75204-1837
53012278,KELLY,WESSELS,9 SPRING MEADOW DR,,OREGON CITY,OR,75056-4601
65024950,KRISTIN,CARROLL,3333 SENTINEL ROCK,,LIVONIA,MI,74701-7845
61007493,TERRIE,YATES,1883 BRENTHAVEN DR,,WETHERSFIELD,CT,54521-1105
56007989,LAUREN,ALIMIRZAIE,58855 AMBERGATE LN,,WEST HARWICH,MA,73079-8000
17072793,LACEY,MUSTON,753 S SHERIDAN AVE,,WESTLAKE VILLAGE,CA,48161-0360
9942049662,DEBBIE,DEMATTEO,1758 KNOLLBROOK LN,,HOUSTON,TX,90212-0367
9914008875,CAROL,HAHN,9156 HUNTERBORO DR,,HOUSTON,TX,71111-8171
46019417,KATIE,HOGREFE,53513 SUNDOWNER DR,,Brighton,MA,77389-5025
53012288,ELITA,MUNFORD,8689 CEDARBRAKE DR,,HILLSBORO,OR,80026-3000
118000105,CANDACE,HARRELSON,1686 KINGFISHER LN,,PEARLAND,TX,37416-3206
61010409,MIKAL,EPPES,3385 LANCASHIRE RD,,BURLINGTON,CT,72762-7869
9917112857,JEANIE,DIEMER,16858 MAPLEWOOD DR,,SAN ANTONIO,TX,30909-3159
18019966,TONI,PIREK,588 RIVER WATCH LN,,MIRAMAR,FL,80118-8753
38037765,SUZANNE,PHILLIPS,9811 TANGLEVINE DR,,SHELBY TOWNSHIP,MI,43537-9483
39039769,MARGARET,CASTILLO,3361 GRAYSTONE WAY,,ROLLING MDWS,IL,95603-5930
9907003419,SUE,PALMER,565 HONEYSUCKLE DR,,LITTLE ELM,TX,43551-1960
63004997,CYNTHIA,STOREY,755 FOXBORROUGH LN,,LAKE CITY,FL,77995-0778
44011868,MARINA,FRANK,1935 WINDEMERE CIR,,O FALLON,MO,77303-1724
9920004997,CHERYL,SCOTT,557 MOUNT GROVE RD,,AUSTIN,TX,76063-6601
9917118723,LORI,SYMMANK,185 RANCH HOUSE RD,,SAN ANTONIO,TX,76034-4947
72003177,ADRIENNE,NEUENS,7818 S CLERMONT ST,,LOS ANGELES,CA,75442-5206
75001010,ANNE,OBRIEN,5553 BRIAR BEND DR,,LOWELL,AR,75034-8212
60013022,JADE,POMERANTZ,5885 GREENBRIAR CT,,MONSON,MA,80020-5624
72005660,KIMALA,WRIGHT,3818 SUGAR WOOD DR,,Los Angeles,CA,33756-5287
68001711,LYNNE,SMITH,3336 NOTTINGHAM DR,,CARDIFF BY THE SEA,CA,32164-6127
9933013050,DEBBI,KHOURY,358 GLEN CANYON DR,,CONROE,TX,20176-8460
112000238,KIM,TUCKER,536 W FAIRFIELD DR,,SPRING,TX,80027-8293
103005124,CATHY,BLACK,56388 BALLINGER ST,,GREENWOOD VILLAGE,CO,18951-3886
9934030673,DAVID,WEST,8733 CEDAR WALK DR,,MARANA,AZ,77539-6363
9937028104,LINDA,OWENS,559 CHATTINGTON CT,,FRISCO,TX,98134-1239
116000119,CATHERINE,GARCIA,19933 QUAIL RUN DR,,SAN ANTONIO,TX,78410-2623
54017451,KATHLEEN,PAULSEN,1658 STONERIDGE DR,,ROSWELL,GA,37027-4646
72005223,KRISTIN,BERGER,7985 E HARVARD CIR,,UPLAND,CA,57785-8000
9907013223,KIM,THOMAS,8639 NOBLE LARK DR,,LANTANA,TX,75025-2466
54016312,ROSANNA,CLOTTU,9515 RIVERCREST DR,,ADEL,IA,77320-0706
54018036,CONNIE,EVANS,6611 LAURELWOOD CV,,CLIVE,IA,01748-2621
9938013891,SUZANNE,ALLEN,5885 ROYAL OAKS DR,,PARKER,CO,33411-4308
116001308,BETH,HORNE,15558 PAR POINT CT,,SAN ANTONIO,TX,06067-1214
84000275,PAULA,BAKER,9785 BRIDGEFORD RD,,OVERLAND PARK,KS,91362-2445
40049928,ROBIN,GLASCOCK,8838 S GRAMERCY PL,,WINTER GARDEN,FL,77062-2818
114007081,JEANETTE,BALDOCCHI,3853 ROUGHRIDER CT,,EDGEWOOD,TX,80005-5850
59012851,TRACEY,WELCH,6788 PASSAGEWAY PL,,BLOOMINGTON,CA,78249-4297
120001169,GUENTER,UPTON,3513 DRAGONFLY WAY,,COLORADO SPRINGS,CO,01089-1115
107007730,KAREN,BLAIR,995 FOREST EDGE DR,,DOUGLAS,WY,90670-3564
9904045555,BARBARA,AUSTIN,58915 PARTRIDGE DR,,DENVER,CO,76476-0340
117001299,JUSTIN,HARMON,1669 E SAMANTHA DR,,ODESSA,TX,84401-0937
9933026534,RITA,WOLEY,1833 SAGE RIDGE DR,,LIVINGSTON,TX,77964-0968
60009315,BETTY,HARGROVE,5138 DAVINBROOK DR,,SOUTH WINDSOR,CT,50248-8201
9933013887,SUSAN,BARTLEY,583 OLD MEADOW WAY,,SPRING,TX,91303-2513
106006176,ASHLEY,STENE,55657 E POWERS AVE,,PLANO,TX,77573-4180
23042240,CARRIE,RODRIGUEZ,15155 KINGSDOWN DR,,LAND O LAKES,FL,73013-8833
84000110,BARBARA,CHAPMAN,3313 VOSS HILLS PL,,OVERLAND PARK,KS,74074-1105
33015851,BARBARA,DAVIS,56798 SW MIDWAY RD,,DULUTH,GA,94555-1419
78004307,JEANETTE,BROWN,56565 DEEPLAKE AVE,,OZARK,MO,91362-5058
61010415,MICHELLE,BARSHAW,3885 OAK FOREST DR,,HARWINTON,CT,50131-1981
115005079,CORINNE,ROLLO,6988 GOLF GREEN DR,,TULSA,OK,77586-5933
105007264,ALYCE,WALKER,56183 LARKFIELD DR,,MANSFIELD,TX,32735-9103
9907005234,JULIANA,RATNER,553 HONEYSUCKLE DR,,THE COLONY,TX,75033-7132
106008596,MIKE,ALEXANDER,159 INDIAN PINK DR,,FRISCO,TX,80031-7166
40049066,SHAWN,BROWNING,888 37TH ST APT 7B,,OVIEDO,FL,06278-1036
9907007540,PAM,WILLIAMSON,7137 MEADOWGATE LN,,PLANO,TX,75034-1838
9935026639,TERRI,CARTER,1858 SILVERLEAF DR,,EULESS,TX,85750-2113
9904041480,MARCIA,SCHEHR,5853 APPLEBRIAR LN,,CASTLE ROCK,CO,71111-8174
9935021169,KENNETH,WOODS,6856 S SHARTEL AVE,,FORT WORTH,TX,75757-8010
58008890,MEGAN,HOUSTON,6881 KING HENRY ST,,MAUMEE,OH,76179-6422
44011085,SHELLEY,ATTARSON,57639 DANDELION LN,,GLENCOE,MO,75204-1504
9917135830,ANGI,KENAGY,8193 OLD FOREST RD,,LAGUNA VISTA,TX,60002-8757
9902015988,MELISSA,LAM,7839 DANDISON BLVD,,ATLANTA,GA,50457-8702
71004031,DANA,JOHNSON,38315 CARTAGENA PL,,FILLMORE,CA,76202-3006
25026303,KAREN,SHIVELY,7 PASCALE CREEK PL,,BOYNTON BEACH,FL,32708-5121
9943057047,KRISTEN,BAUMERT,1595 ESPERANCA AVE,,SPRING,TX,78253-6028
113000844,JUDY,MCCRUDDEN,5588 BAY HARBOR DR,,HOUSTON,TX,77868-1285
103016616,DAVID,GIBSON,656 LEMON HILL TER,,LITTLETON,CO,73069-4422
9934024463,LAURI,SPIER,1939 INDIANWOOD RD,,ENGLEWOOD,CO,92314-1847
60010600,KAREN,JOHNSON,5535 BRANDYWINE DR,,GLASTONBURY,CT,98037-9406
66003959,CHRISTI,JEN,3187 ARBOR MILL CT,,LAGUNA WOODS,CA,92672-7202
9943040597,MELISSA,HERWIG,3657 MEADOW RUN PL,,FRANKLIN,TN,07675-6439
9933007389,KAREN,CARRILLO,559 RAMS BOTTOM CT,,SPRING,TX,47421-7505
104007607,KATE,HENNINGS,13375 OPAL HILL CT,,GLEN ROSE,TX,72832-8732
9937016023,DONNA,DONAHUE,3786 KATHERINE AVE, ,MCKINNEY,TX,63055-1071
77000597,KEN,MOSELEY,989 SHADY CREEK LN,,PARK RIDGE,NJ,77386-3296
9936019927,SANDRA,GODDARD,7818 BRIERCLIFF CT,,MANSFIELD,TX,77901-4717
26024007,CINDY,VILLA,17186 TERRA RUN CT,,WINSLOW,AZ,80132-9712
105002831,MARTHA,THORNTON,33 PLUM BLOSSOM PL,,ARLINGTON,TX,78232-5480
17068734,LISA,MAO,7157 LONE CEDAR DR,,OAK PARK,CA,93257-0903
12015307,LILIA,BERGHOLDT,38 HOODS POINT WAY,,ISSAQUAH,WA,48322-2660
103003458,STEPHANIE,VOSSLER,55895 LAKE FERN DR,,CENTENNIAL,CO,77356-5233
39036015,MARY,SZLEZAK,335 CROSS CREEK CT,,TERRE HAUTE,IN,90212-3503
61009753,KATHLEEN,GORE,383 S PINEHURST LN,,NAUGATUCK,CT,85606-8798
39036220,DEBORAH,HAYDEN,6339 BRIGHTSTAR DR,,JUPITER,FL,26142-0149
19028134,MARY,LINDSAY,7885 ELFIN OAKS RD,,LOS ALAMITOS,CA,75025-4513
78001615,BEVERLY,VANDYKE,3533 RISINGHILL DR,,CHILLICOTHE,MO,78209-2355
54015615,SHELLY,POWELL,389 VALLEY VIEW DR,,PELLA,IA,45601-4406
105003413,DEBBIE,DOSCH,5558 MYSTIC OWL CT,,FORT WORTH,TX,40258-2523
9937027888,MARY,ZAWACKI,5855 OAK HOLLOW LN,,FRISCO,TX,76065-7085
110006407,NOEL,PARKER,3885 ROCKBRIDGE DR,,WEATHERFORD,TX,90041-1981
124000840,NOEL,MCGRATH,11 SCHOOL HOUSE LN,,GARLAND,TX,76049-4451
54017630,RICKY,BORISOFF,589 N BELLAIRE AVE,,CHELSEA,IA,75001-4109
65021019,ELAINE,GORDON,3853 CRESTSTONE PL,,EAST ORLEANS,MA,76054-2436
110003991,LISA,TUNG,5958 THORNCREST CT,,WEATHERFORD,TX,91343-3601
19027548,PAMELA,TAYLOR,9155 TRAILING FERN,,ITASCA,IL,77904-3066
9919010343,NOREEN,RAMOS,9135 MARYMONT PARK,,KATY,TX,50276-0028
55014703,KIMBERLY,MCCLENDON,5785 W FEATHER AVE,,CLIFTON,NJ,85021-8754
118003071,NANCY,WHITACRE,5775 E HINSDALE PL,,HOUSTON,TX,77385-9533
111001747,CAROL,MASON,7371 S MADISON CIR,,COCOA,FL,37075-5869
9908002834,PAT,DESIMONE,335 MABRY ST APT B,,LONGMONT,CO,50312-1312
9936021805,SHERRY,MARTIN,5586 HIGH POINT RD,,ARLINGTON,TX,72765-1446
9934031743,NICOLE,MCNAMARA,518 JUPITER KEY RD,,CASTLE ROCK,CO,91364-4332
65026425,MARLA,SWEET,638 N CIRCLE D WAY,,HIGHLAND,MI,84124-3031
63004967,PAULA,DARST,133 BARBOURTOWN RD,,JACKSONVILLE,FL,76389-0176
105007343,BRENDA,MURRAY,1957 DORRINGTON DR,,GRAND PRAIRIE,TX,19348-1405
113001848,MELISSA,WEH,36 MEADOWBROOK CIR,,DECATUR,GA,85255-4789
114006583,LUCY,EPSTEIN,8885 SUNFLOWER CIR,,ROCKWALL,TX,32055-4835
38038165,SHARON,HUCKABEE,777 SCENIC VIEW DR,,TROY,MI,94041-2408
9938001281,BETH,LEAHAN,9819 CLOCKTOWER CT,,LAKEWOOD,CO,77478-3941
24091936,VIRGILIA,BUTTERFIELD,3883 GREENWOOD WAY,,LA CRESCENTA,CA,33461-4907
120000401,AMY,WHITE,3855 PINE GROVE LN,,COLORADO SPRINGS,CO,78249-1854
60009341,HEATHER,WATTS,556 MOCKINGBIRD LN,,AVON,CT,80021-3620
9934005061,CHERIE,VALLEJO,99 MISTY HARBOR DR,,CASTLE ROCK,CO,75035-7668
9933011865,LOU,GLISAN,53731 HUTCHESON LN,,SPRING,TX,06042-2403
61007512,SARAH,VANHORN,655 TORRINGFORD ST,,PITTSFIELD,MA,95843-1907
58011637,LEANN,COOK,73 MOULTON HILL RD,,ELMORE,OH,78259-2328
83000345,DEL,LESUKOSKI,5 SEAGATE STE 1388,,BONITA SPRINGS,FL,77591-9285
85000114,KAREN,HUSE,5651 DEER CREEK DR,,NICEVILLE,FL,92504-8812
26025366,SARAH,CROWELL,586 SAINT JAMES CT,,ISSAQUAH,WA,75044-3821
105006731,SHERRI,CHAPPELL,3317 BRIAR HILL DR,,ARLINGTON,TX,75951-0016
9932007370,LAURA,JACKSON,8837 CHISOS OAK DR,,NASHVILLE,TN,33326-5000
1024251,CAROL,GOINGS,86 S TRANQUIL PATH,,YORBA LINDA,CA,98029-5816
9913061629,TANYA,VALLERY,6557 EAGLE NEST DR,,SPRING,TX,78015-4255
9917122423,KAREN,COLLINS,187 GREENS FARM RD,,SPRING BRANCH,TX,75068-5724
9920011811,TINA,CHANDLER,8133 COURTLEIGH DR,,GEORGETOWN,TX,23188-1425
9901040071,KATHY,YAHARA,3756 CONQUISTA AVE,,KELLER,TX,75231-4010
9911109934,ROBIN,FITZPATRICK,5985 DUNNAWAY XING,,FORT WORTH,TX,93063-3553
9923003342,CONNIE,BUCHINGER,1885 DENTON TAP RD,,HELOTES,TX,46140-9332
58011148,LEAH,PHINNEY,55663 GRANDVIEW DR,,FINDLAY,OH,76161-1433
107001601,SHANDA,BARRON,58859 MILLTRAIL DR,,SUPERIOR,CO,34986-2902
123002947,MICHELLE,SHEDIO,53533 S ARROYO CIR,,SAN ANTONIO,TX,77089-6408
9941013922,MARY,THOMPSON,5713 PORT ABBEY PL,,FORT WORTH,TX,06790-4933
9936008275,MICHELLE,HOLCOMB,5189 N BRANCH BLVD,,CEDAR HILL,TX,07626-1001
9901036503,LAURA,TRENOR,18585 SILVERTON DR,,BENTON,KY,75240-5813
71008540,DONNA,CARTER,38789 WHALEBOAT PL,,WESTLAKE VILLAGE,CA,32708-6126
43020991,BARBARA,HERNANDEZ,56755 DALE OAK WAY,,NORTHFIELD,OH,85262-6977
9905017504,MARIANNE,DURDUNAS,5553 CHARLESTON DR,,KELLER,TX,80401-0909
60009977,LINDA,SILLS,3881 EAGLE TAIL LN,,PLAINVILLE,CT,33511-7128
82001470,PAMELA,KRAUSE,3551 BRIDGEWICK RD,,LIVERMORE,CA,80126-5262
27023283,DIANA,MCGILLIVRAY,1976 SE GLASGOW DR,,EUREKA,MO,80112-2579
9903000369,ARLENE,FANNIN,1155 FORMENTERA PL,,SPRING,TX,34761-4641
11017087,CAROLE,LINDQUIST,5355 ASPEN LAKE CT,,ELK GROVE,CA,03053-3618
9936031465,TRACI,BUELL,38 SILENT BROOK PL,,ARLINGTON,TX,78240-1049
7014011,STACY,SCHOENTHLER,5515 CHERRYWOOD CT,,LAGUNA NIGUEL,CA,75220-6305
39034423,SHELBY,TURLEY,5358 GREY FLINT CV,,PALM BEACH GARDENS,FL,33837-4002
9911003549,GERI,TUCKER,5735 SHORESIDE CIR,,CLEBURNE,TX,73013-0471
9917140284,JENNIE,GARLOW,58153 REDRIVER SKY,,SPRING,TX,30044-5212
5019964,RICK,ANDERSON,58111 SAGEDOWNE LN,,EL DORADO HILLS,CA,72823-4608
9911006791,JENNIFER,SCHEWE,1958 HARVARD CIR N,,FORT WORTH,TX,92075-0467
9933013458,TERRI,FUSON,3831 SIR AUSTIN DR,,CONROE,TX,27858-8708
115009050,JILL,NEATHERY,5573 PENDLEWOOD LN,,OKLAHOMA CITY,OK,80126-5088
77001834,BRENDA,GARZA,3135 CRISTO REY ST,,WAYNE,NJ,75076-2248
106010859,JAN,HERMUNDSON,6111 S LAKEVIEW ST,,PLANO,TX,75013-5387
100000496,KENNETT,OLGUIN,55553 SW 588TH AVE,,SETAUKET,NY,02908-1811
9923010446,MARYANN,MCNELLY,1858 CALLE LEANDRO,,SAN ANTONIO,TX,75056-1934
9917136592,PRISCILLA,SIIRA,17958 GREENWOOD DR,,SANTA RITA,GU,77380-3133
9933010039,AMY,MORGAN,381 PINE HOLLOW CT,,SPRING,TX,91361-5500
9938024133,CAROLYN,MANUEL,518 LEATHERWOOD LN,,BOULDER,CO,78251-4724
9933020216,MARGUERITE,MAIURI,6398 UPPER OAKS LN,,COLLEGE STATION,TX,76012-3023
110006073,SUSHMA,BANKOWSKI,9399 N BAYFIELD DR,,GRANBURY,TX,77573-5238
9942044637,HALA,LAFRANCE,58685 BRENTWOOD ST,,BELLAIRE,TX,63026-2753
60009403,TENNA,WRIGHT,5756 S PALOMINO RD,,ROCKY HILL,CT,08738-1210
9907043196,ELIZABETH,STOVER,3638 NW JASMINE ST,,ALLEN,TX,76034-3677
112002135,ALLIE,MAURO,3885 PLANTATION LN,,CONROE,TX,77401-2834
22018804,CHERYL,LERNER,5986 BRITTANIA CIR,,WESTERVILLE,OH,75214-3232
39035389,LESLIE,MENTZER,5775 S NIAGARA WAY,,VERO BEACH,FL,77005-3946
65023946,MITCHELL,JEHLING,9335 CAMINO VENADO,,COMMERCE TOWNSHIP,MI,77356-8469
107005068,LISA,COPPOLA,13 PALACE PLACE DR,,LONGMONT,CO,78233-4747
9941104158,MAE,DELEY,55711 S CENTRAL LN,,SOUTHLAKE,TX,89044-8719
9933011814,CANDACE,MORAN,919 ROCKY RIVER RD,,SPRING,TX,77345-1335
26024129,JOYCE,DALEY,181 HOLLY RIDGE RD,,MESA,AZ,33478-8244
44011974,DIANN,ROMBERG,318 E HARTFORD AVE,,GAINESVILLE,VA,80127-3708
9904048075,VICTORIA,FITCH,53553 W AMHERST PL,,ENGLEWOOD,CO,02493-2017
40046709,CINDY,GUSINOW,15673 E 51 MILE RD,,ALTAMONTE SPRINGS,FL,63129-3627
111004168,PAUL AND DIANA,KAPLAN,5351 FULLERTON CIR,,HOUSTON,TX,40220-3456
6048006,BETTY,MAGA,3559 WINDSPRING ST,,ALISO VIEJO,CA,72715-5315
9907042841,LUCY,WILLIAMS,685 HEARTHSTONE CT,,PLANO,TX,92690-4188
61010267,ROBERT,WOOD,783 SHADY CREEK DR,,SIMSBURY,CT,83843-2577
9916121465,DANA,LANGDON,785 W TANTALLON DR,,YUKON,OK,91741-3132
107002378,ROBIN,DEDMON,5588 W PLYMOUTH DR,,THORNTON,CO,30024-2477
77003604,ANN,BASS,5355 N RIVIERA CIR,,SOUTH HACKENSACK,NJ,48324-2828
121003128,LARA,NILES,31583 WATERGATE RD,,ARVADA,CO,80516-7230
9937032084,JANELLE,SINCLAIR,6918 SILVERADO TER,,SAN JOSE,CA,63117-1754
24088892,CATHY,MONTEMAYOR,8735 ABBEY LEAF LN,,PASADENA,CA,48430-9237
107008549,ANNA,PETRUCCELLI,3735 EL RANCHO WAY,,BERTHOUD,CO,80919-3701
75000017,KRISTIN,DAVIS,53686 COOLRIDGE CT,,ELKINS,AR,77380-2738
110006071,CARMEN G,HILKEMEIER,8635 PROMONTORY RD,,FORT WORTH,TX,76208-5156
115003594,YOLANDA,HENRY,13365 CAMBRIDGE RD,,FREDERICK,OK,06098-2521
31018844,NITA,CUPP,1858 HUNTCLIFFE CT,,FAYETTEVILLE,NC,77375-7203
52021372,PRINCESS,BARNETT,1783 SIGNATURE CIR,,CENTREVILLE,VA,85209-3799
58010846,NATALIE,PALCHAK,55 WHITE BIRCH TER,,OTTAWA HILLS,OH,75087-3156
110006392,AMY,HAGUE,9353 FRONTIER PASS,,PARIS,TX,72758-8876
9917138871,NANCY,JOLLY,1735 FAIR CHASE DR,,SAN ANTONIO,TX,30022-3211
9944003934,JAMIE,FARMER,5383 ROSE PETAL LN,,HOUSTON,TX,75452-0185
9915064232,NINA,WINTER,9851 CROSS PINE CT,,GARLAND,TX,75205-3021
4013262,DELORA,GARCIA,586 CIRCLE HILL DR,,ALPHARETTA,GA,91709-3334
25028826,STEVE,STEFANIDES,51657 W HIGHWAY 68,,WELLINGTON,FL,73012-9205
78000028,CHERYL,HERBER,5389 LYONSVILLE LN,,BRANSON,MO,76123-1812
53011501,JUDY,DOERING,7583 BANISTER PASS,,GREENSBURG,KS,28590-7919
115004044,JOY,LORENZANA,363 FLORA CREEK CT,,PIEDMONT,OK,78255-2273
67005694,JULIE,VEAK,5386 FARMINGTON CT,,NEWBURY PARK,CA,92672-4059
54013866,SHELLEY,WILSON,3587 MISTFLOWER LN,,OSKALOOSA,IA,73162-2145
38039312,JAMI,JOHNSON,5555 OAK CREEK RD,,NOVI,MI,80504-7400
120004160,ADELE,WRIGHT,8538 BROCKHILL DR,,LINDSAY,CA,46237-8377
106001913,BRENDA,FROESCHL,5183 PEREGRINE DR,,AUBREY,TX,78231-1981
64008183,KRISTIN,LOUIS,51558 BROWNING DR,,SEABROOK,NH,72650-1244
18017726,HAZEL,ELLARD,5653 LOST LAKE DR,,EDWARDSVILLE,IL,77354-6484
9903003422,MARIA,KUNSCHICK,58338 COUNTRY BLF,,CONROE,TX,01756-1062
71005526,LISA,JACKSON,7887 WAKEFIELD ST,,SANTA PAULA,CA,72756-6806
115005631,BARBARA,SCHMALENBERGER,8351 SWEETWOOD DR,,PRAGUE,OK,76060-6459
9941104948,GAIL,WRIGHT,56178 WILD OAK LN,,FORT WORTH,TX,06037-2140
9933009807,GRISELDA,SUTTON,58883 NAUGHTON CT,,MAGNOLIA,TX,80027-8285
52019132,MARY JANE,BAILEY,5935 SUGARCANE LN,,MANASSAS,VA,73120-6910
9903037146,HILARY,CARBONE,13815 E 553TH CIR,,SEALY,TX,80504-5921
9937005233,ALI,DONOGHUE,1888 MULBERRY WAY,,ALLEN,TX,63368-6334
9945055531,PAMELA,SHAFER,3858 RIVER RUN DR,,FRIENDSWOOD,TX,77381-4804
9915001073,MONIQUE,BORSVOLD,3888 GLEN DALE DR,,SOUTHLAKE,TX,42134-5949
71002787,KATHY,TESSMER,3578 CRESTVIEW DR,,SIMI VALLEY,CA,48313-2377
18017900,SHIRLEY,MACHUT,13939 SEVEN WINDS,,WEST LAFAYETTE,IN,76028-1726
9933023369,PATTY,GOODNIGHT,51 NEWTON PARK RD,,CONROE,TX,76017-4223
9932033141,ELIZABETH,ELGIN,1353 LADY RULE LN,,ARRINGTON,TN,63021-5835
9903034090,KAE,BUGLER,955 HOLLY HILL LN,,SPRING,TX,77389-4899
111004193,STACEY,NGUYEN,737 CASTLEDALE CT,,PASADENA,TX,43566-9453
9936014099,JANETTE,EARLS,33653 W SPARKS CT,,ARLINGTON,TX,33881-4360
116002013,KAYLA,JACKSON,581 CORIANDER BND,,SAN ANTONIO,TX,98385-0263
60010668,JESSICA,DACOSTA,753 PENSTEMON TRL,,WILBRAHAM,MA,33544-8763
63011419,MICHELE,KRAUSE,58588 CARLTON WAY,,FERNANDINA BEACH,FL,75035-7460
33018824,SUZETTE,HINCHCLIFFMOSELEY,13358 CANZONET ST,,CUMMING,GA,75449-1333
126000914,ADRIENNE,NARRO,5653 BERGAMONT DR,,MCKINNEY,TX,43607-1546
40047089,ELIZABETH,DRAPER,58663 EDGEMONT PL,,LADY LAKE,FL,73139-2706
54017262,ROSEMARIE,FELL,3635 SANDY OAK LN,,AMES,IA,68957-6464
107005651,KIM,FISHER,157 CERRITO CIELO,,LOUISVILLE,CO,77546-5526
9934008219,CRISTAN,CROSBY,3953 HOLLYHOCK LN,,ENGLEWOOD,CO,77584-2546
126001240,SARAH,ROBINSON,7389 S UKRAINE ST,,LEWISVILLE,TX,33446-3188
9919018724,JENNY,BROCKENBUSH,5835 MANYTELL AVE,,SALADO,TX,95310-1512
9917135247,TARA,SHARP,6337 N VIA DIVINA,,HONDO,TX,06820-4110
106009847,JACKIE,TROTSKY,6836 SAN FERNANDO,,ALLEN,TX,33876-9632
32012337,DONNA,WEAVER,7553 MIDFIELD AVE,,FORT WAYNE,IN,98604-7741
114005142,MARK,BACH,59785 N 175ST AVE,,ROCKWALL,TX,46278-1243
125001282,DAWN,THIGPEN,55363 BILNOSKI RD,,COPPELL,TX,76063-3755
110003635,KRISTYN,CHEEK,1359 HIGHWAY 75 N,,FORT WORTH,TX,80135-8553
114003066,CINDY,DUNHAM,183 CEDAR CIR # A,,WYLIE,TX,80134-4348
9934003068,JENNIE,WYCKOFF,6879 S KENTON WAY,,REDMOND,WA,92694-0510
9925003187,AMY,MASTIN,735 GREAT BEND DR,,NORTON,MA,20175-4683
56008213,TRACEY,BOGAN,55658 GRAYWOOD DR,,HULL,MA,97213-4211
111002580,SUSAN,RIVES,7361 BERKELEY CIR,,KATY,TX,78232-5483
22020772,CONNIE,RILEY,336 W STEVENS AVE,,MARIETTA,OH,76028-4338
9930035938,QUETA,HALT,587 COPPERLINE DR,,DALLAS,TX,06042-3615
9905011583,BARBARA,PRESGROVE,558 RUSH CREEK DR,,WAXAHACHIE,TX,78258-4301
9904000024,KATHY,MYRAN,17896 IRONWOOD DR,,CENTENNIAL,CO,80602-7951
58010630,CAROLINA,BLEVINS,1586 FAIR OAKS DR,,TIFFIN,OH,85048-1917
9933002582,LINDA,OROURKE,135 S OAKHURST DR,,SPRING,TX,92011-4900
104003594,STEPHANIE,WHITE,15 GREAT BROOK DR,,FORT WORTH,TX,32963-4523
124003671,CARI,STRAWN,15188 E 551ND AVE,,FLORENCE,AL,48374-3782
35023909,LORI,BOND,39 STONY BROOK DR,,FOREST PARK,IL,64836-9571
9903036803,HOPE,SALAMY,51855 OLD MILL RD,,BATON ROUGE,LA,76013-5416
9911003538,GARY,ELDER,5768 PINNACLE WAY,,WEATHERFORD,TX,98248-9763
9933031542,RITA,BERGANTINE,7738 SW 585ST AVE,,SHEPHERD,TX,77474-0761
106001952,JUNE,STEFANIC,5836 S AMERICA RD,,SOUTHLAKE,TX,80132-6022
9917128271,VICKI,TENORE,35338 BAGGETT TER,,SAN ANTONIO,TX,33525-7307
9916121470,DEBBY,SHEPARD,9337 S LUELLA AVE,,OKLAHOMA CITY,OK,23451-1214
40049448,CAROLE,BOENKER,813 GOLD RUSH AVE,,MILLSBORO,DE,84057-3520
44011894,JAN,ROMEO,1978 CALLE ESTEPA,,SPRINGFIELD,IL,80126-5056
9943056899,HEATHER,WEIHL,5757 CARLETON AVE,,HILLSBORO,TX,77219-1654
66002077,MONICA,CHRISTENSEN,1338 PORTWOOD WAY,,CYPRESS,CA,75007-2222
9933029204,RACHEL,BRITTON,7851 WINDWOOD WAY,,FREDERICKSBRG,TX,92064-2286
24088166,CANDY,MOORE,5516 MERRIMAC AVE,,ROSEVILLE,CA,80127-1949
9942045163,JULIE,HANKS,6751 SAWMILL BLVD,,ANGLETON,TX,04064-1261
9936031807,PATRICIA,SMITHBOLDEN,383 TUMBLEWEED DR,,SPRING,TX,80906-7636
26025193,BONNIE,ALLAN,3875 SUNSHINE TRL,,GILBERT,AZ,78254-2450
9942049948,PAM,MCCRARY,598 THORNCREST DR,,PITTSBURG,TX,77379-6459
9932040968,LINDA,SANDERS,58836 W UTOPIA RD,,FRANKLIN,KY,80542-4540
114008105,JAMES,KOERSELMAN,338 E MOUNTAIN RD,,IRVING,TX,01085-1853
116002616,KAREN,SANTOS,3358 S LEONARD RD,,SAN ANTONIO,TX,78046-6024
26024513,SHANNON,SLEDGE,8858 HOLLYHOCK CT,,MESA,AZ,91790-1639
11017323,HOLLY,HOLLENBAUGH,515 FOX HOLLOW ST,,MILPITAS,CA,92691-6235
106011602,DEBRA,DEAN,6935 FREEWHEEL CT,,PROSPER,TX,33455-8105
9933017180,MARY,RICHWINE,1315 PARAMOUNT CT,,SAN ANTONIO,TX,93065-7616
115004835,SHIRLEY,SACK,58 CALLE CASTILLO,,TULSA,OK,97229-4695
3025911,EARLENE,SANDERSON,58883 N MARSH AVE,,GARDEN GROVE,CA,01760-3505
107005659,KIM,SCHUMACHER,1151 GREEN OAK CT,,DENVER,CO,34997-1200
9939028865,LISA,GRANADOS,3718 FOUNTAIN AVE,,JOPLIN,MO,87111-2986
9934022665,LISA,BETTIS,58138 SW 518TH ST,,DENVER,CO,78217-1322
9934022229,CHARLOTTE,MOSELEY,1588 CRESTWOOD DR,,LITTLETON,CO,77401-4610
61006520,PENNY,SMITH,5158 BELLEMEAD DR,,FARMINGTON,CT,40059-8116
19025194,KERRY,LIEBNER,587 SHIRLEY LN NE,,URBANDALE,IA,76259-5505
25028658,MARGARET,NATIONS,8353 BORDEAUX BAY,,BOYNTON BEACH,FL,38558-8565
26020863,CHERYL,COSOLA,5388 BEECHWOOD DR,,MESA,AZ,19085-1024
43022710,RACHELLE,SADOWSKI,181 MINI RANCH DR,,HUDSON,OH,78006-6772
4015363,RINA,FRONCKIEWICZ,553 CLEVELAND AVE,,SCOTTSDALE,AZ,75002-4450
58008345,DONNA,ROSENTHAL,56815 PARKSIDE DR,,WICHITA,KS,43617-1251
9934012298,BETTY,BOWLING,5583 ELIZABETH DR,,CENTENNIAL,CO,06019-3216
1026762,ANNETTE,BOGARDUS,5885 BLUFF OAK ST,,LOS ALAMITOS,CA,48168-2216
67005766,RUTHANNE,FELL,3686 SUMANTRA CLF,,ENCINO,CA,92806-3822
123003886,SHERRY,COLLIER,6531 DELOACHE AVE,,UVALDE,TX,44236-1664
64009974,JULIE,TAYLOR,1655 LOST LAKE LN,,DURHAM,NH,98038-6090
30012259,SHANNON,WINTER,1811 LAKESHORE DR,,JUNEAU,AK,76092-7243
102003463,DENISE,CARNEY,737 MEADOWLARK LN,,POINTBLANK,TX,80525-6635
9934033747,EMILY,DAVIS,3956 ARBORGATE DR,,CONIFER,CO,92620-2156
67006993,KAREN,OBERTHIER,513 MAGGIE LEE CT,,AGOURA HILLS,CA,75034-6891
9905013042,REBECCA,DECK,3658 WOODSTONE CT,,HASLET,TX,37069-6934
9945062717,KARRIE,ROSE,3718 STANFORD AVE,,DALLAS,TX,75028-5118
102003571,TAMRA,MARTIN,53 SADDLEWORTH PL,,MONTGOMERY,TX,98077-5122
120000471,MICHELLE,MICHALSKI,1833 GOLFVIEW CIR,,ELBERT,CO,76442-7301
11015711,BARBARA,MAY,1851 RED RIVER RD,,MONTEREY,CA,81007-3180
9934002771,FRANCES,WIDMEYER,5135 RIVERMILL LN,,GREENWOOD VILLAGE,CO,73142-5162
9935007860,HOPE,MOORE,6855 S MOLINE WAY,,FRISCO,TX,92037-3027
9914015860,CHERYL,ALBERT,885 SAINT ERIC DR,,PASADENA,TX,48187-1123
60012723,MARY,RONAYNE,5386 WYANDOTTE LN,,TOLLAND,CT,78023-4242
8009415,DENISE,JONES,1168 NW 568TH AVE,,SAN FRANCISCO,CA,63012-2359
9907014296,JOAN,SONESS,9889 LAKECREST DR,,ANNA,TX,01835-8362
9910156262,DEBBIE,VANLAET,58973 BAIRWOOD CT,,HUNTSVILLE,AL,68505-3265
53009894,MELANIE,LONGO,3187 BENT TWIG LN,,NOKESVILLE,VA,77573-4451
9903001077,LESLIE,LANGENWALTER,3615 MANASSAS AVE,,SPRING,TX,91786-6832
60009187,LINDA,ADAMS,5133 SOUTHWOOD DR,,GLASTONBURY,CT,38305-7573
9903037163,PAT,HUBERT,53835 NW 558TH ST,,ALICE,TX,77388-5420
123003951,THERESE,POULSEN,5876 STARFISH AVE,,SAN ANTONIO,TX,77566-3122
15082805,WENDY,SCHAFFNER,5715 SUGARWOOD DR,,COLUMBUS,OH,43081-8218
40046595,JANA,YOUNG,5151 SANDSTONE LN,,DAVENPORT,FL,72212-2766
125002647,SANDY,HILTBRAND,7356 COVENTRY CIR,,KELLER,TX,75078-9124
63005596,BARBARA,SHARKEY,6315 CHAUNCERY PL,,JACKSONVILLE,FL,77381-4818
120003059,DANA,ATHEY,555 CANYON RIM DR,,MONUMENT,CO,80602-8803
9902014195,CAROL,JENKINS,93 E SUNDANCE CIR,,NASHVILLE,TN,75407-2305
9937021198,SUSAN,CURRY,3739 PETER PAN DR,,COLLEYVILLE,TX,34974-6419
55011380,JOHNNIE NELL,RICHARDSON,55388 SW 515TH CT,,KOKOMO,IN,78108-2229
3027313,ANN,MCFADDEN,5658 E INDIANA ST,,MONROVIA,CA,06076-4000
11018570,LANA,FLASTER,5737 ELIZABETH ST,,SAN JOSE,CA,73644-9791
9901040186,JULIE,HALBMAIER,7887 TRIMSTONE DR,,RICHARDSON,TX,93004-4812
106007074,LISA,LEMKE,668 LIMESTONE FLT,,DENISON,TX,78015-4293
9932039375,DEBBIE,SELEY,5981 CHISHOLM TRL,,COLUMBIA,TN,78015-4681
39030643,LISA,BURRIS,5669 LA CRESTA DR,,OKEECHOBEE,FL,93063-2850
40038833,BRITNEY,THOMAS,5311 MEDALTON WAY,,WINTER SPRINGS,FL,80138-6309
39036304,SHELLY,JOHNSON,5853 EVERGLADE CT,,GREENACRES,FL,78163-4505
3024164,KATHY,WARDEN,18885 LARINO LOOP,,FULLERTON,CA,21035-2031
9932036412,JENNIFER,WALKER,53588 LANEVIEW CT,,BRENTWOOD,TN,75088-6489
160022086,MINDY,GRAVES,1583 RAIN LILY CT,,CAPE CORAL,FL,45385-9434
9021836,CHERYL,FISHER,58 OLD COUNTRY LN,,SCOTTSDALE,AZ,78026-1524
56009064,KATHY,WHITE,1689 RED CEDAR RD,,HINGHAM,MA,76110-7418
9923006407,JULIA,CAMPBELL,51798 DANVILLE RD,,SAN ANTONIO,TX,76182-7038
64010980,DEEDRA,ANGOLD,55887 WINSTON AVE,,LONDONDERRY,NH,30308-1640
10021908,LISA,RICE,35 GAVINS POND RD,,VENTURA,CA,48383-3423
9917139069,PAM,SHORT,8859 CHAPARRAL RD,,BOERNE,TX,80020-3456
9942047760,LYNN,BROWN,53758 BLUEBELL DR,,PEARLAND,TX,80027-4623
59013220,LAURA,POWERS,18838 NOB OAK AVE,,RANCHO CUCAMONGA,CA,60103-1672
9917139062,KATHRYN,BROWNING,3615 GRANDVIEW DR,,SAN ANTONIO,TX,80305-6939
9932040631,BARBARA,DITTA,53337 ABERDEEN CT,,ELIZABETHTOWN,KY,73162-2236
9936015458,LAURA,MARTIN,1515 VISTA DORADO,,WOODBURN,KY,78249-1922
67004384,PATTIE,BAGALAYOS,3888 3 MILE RD NE,,AGOURA HILLS,CA,77372-3413
9933005175,ANN,ANDREWS,5885 MOORELAND DR,,SPRING,TX,76063-3331
52021668,WINNIE,HOWELL,38 ROBIN RIDGE DR,,FAIRFAX,VA,77373-9101
9937033773,EDITH,BROOKES,7396 TRENTINO WAY,,PLANO,TX,97005-0748
26023843,ALAN,KURTZ,3588 MEMORIAL CIR,,GILBERT,AZ,76092-8107
27018243,PAULA,WEAVER,3658 TWINBROOK RD,,SAINT LOUIS,MO,60012-3120
9934024346,MARY,MORO,51386 TIMBER HOLW,,PHOENIX,AZ,43615-2323
71004684,PATRICIA,FANCHER,5836 CAMBRIDGE CT,,GRANADA HILLS,CA,75087-6514
32012650,TONYA,WOODRUFF,53516 THORNTON DR,,FORT WAYNE,IN,63021-4437
25022055,JULIA,LOWMAN,58859 REDSTONE CT,,BOYNTON BEACH,FL,80104-9478
9937033947,ERIN,BUNT,3685 HARROGATE DR,,MCKINNEY,TX,80303-5119
9901042745,CYNDI,BURKMAN,8631 E HALIFAX ST,,IRVINE,CA,93011-0112
25028603,ANDREA,GRAY,155 N WEBSTER AVE,,DELRAY BEACH,FL,75028-4682
6041394,LISA,PHILLIPS,3186 CHENEVERT ST,,TRABUCO CANYON,CA,79912-2542
83001109,PAM,PORTERFIELD,59536 55TH AVE NW,,MARCO ISLAND,FL,77521-2725
50015501,EMILY,WINESETT,557 WATCH HILL RD,,WALTHAM,MA,06084-2256
38039273,KELLY,BLASE,757 GRACE VIEW CT,,FARMINGTON HILLS,MI,48065-5176
9914016983,JULIE,MCADAMS,553 LAKEHAVEN CIR,,HOUSTON,TX,80918-2256
122002821,PAUL,PERRONE,1533 WOODHAVEN DR,,BULVERDE,TX,80601-0371
9903037008,JENNIFER,JOHNSON,353 CANTERBURY ST,,TOMBALL,TX,07630-1540
60012845,GEORGIA,GRINUCKWOOD,11386 BELLGATE CT,,FEEDING HILLS,MA,79764-2468
9905022313,AMY,METHVEN,18155 TAMERTON DR,,KELLER,TX,75056-4622
28014937,LISA,SIEGEL,661 WATERSIDE CIR,,BILLINGS,MT,33904-5858
9923005659,SHAHIDA,CREWZ,568 ROYAL PARK LN,,SAN ANTONIO,TX,32159-3924
9944003175,TAMELA,ORTEGON,55755 PADDLEBROOK,,HOUSTON,TX,97225-2340
116002665,JOAN,COCKRUM,15368 ELK LICK RD,,UNIVERSAL CTY,TX,40220-3805
9934034395,MARGARET,MARBURGER,5585 NW 588TH AVE,,AURORA,CO,93312-4690
71007091,SHAWNIE,WROBEL,5857 LAKE HILL LN,,WARWICK,RI,32776-7724
9933004157,ROSEANNE,HODGES,38 COTSWOLD CLOSE,,SPRING,TX,32814-6778
105003613,CHERYL,SALLIS,5535 BRIARBANK DR,,MANSFIELD,TX,33914-2521
9937004659,CAROLE,NOTO,33 TURTLE COVE CT,,KEMP,TX,91750-1154
106000056,TANYA,VALDEZ,3858 VINECREST DR,,PLANO,TX,18037-1437
11020177,ANDREA,CARTER,387 DEER CREEK DR,,WATSONVILLE,CA,78372-9129
106010078,ANGIE,GOLD,5158 S THOREAU PL,,PLANO,TX,78259-3582
115006277,MARTHA,TAYLOR,7855 S LOCUST CIR,,YUKON,OK,80111-3660
9903001152,ANN,LAUDERDALE,5816 BUCHANAN AVE,,TOMBALL,TX,91739-8843
47019986,KAREN,TUSHAR,379 SWEETWATER DR,,LOUISVILLE,KY,48315-2877
9923003359,STACEY,WHITLOCK,988 CARLISLE CT S,,BOERNE,TX,46220-3116
9917140762,SALLY,BUCHAN,5515 BELLFORD AVE,,SAN ANTONIO,TX,40056-9003
9920006133,JENNIFER,CRAIG,8865 CRESTVIEW DR,,LEANDER,TX,77083-6635
15080990,JACQUELINE,TURGEON,3316 FLAGSTONE DR,,PHOENIX,AZ,78250-4669
30009842,STEPHANIE,CURLEY,5355 SUMMERLIN RD,,MUKILTEO,WA,32539-8284
39038144,MICHELLE,MANNELLA,3313 WILSHIRE AVE,,JUPITER,FL,76006-2808
9936019686,SHANNON,ORREN,585 GREENBRIAR DR,,LUFKIN,TX,55447-1092
65022331,NANCY,SINCLAIR,15388 E 551ND AVE,,NORTHVILLE,MI,33913-2602
9922001228,MARIA,RIGGINS,3831 HAVENDALE DR,,LAKEWOOD,CO,77025-3518
55008780,CAROLE,BARENGO,7353 STEEPLE CRSE,,SWAMPSCOTT,MA,91354-2320
15081827,KIRSTEN,COLE,387 WINCHESTER ST,,WOODLAND HILLS,CA,06029-2932
39040549,KAREN,CALDERWOOD,5355 WILEY OAK DR,,JUPITER,FL,27534-9024
9945049604,SHERRY,CURRIE,51879 SW 553TH PL,,TOLEDO,OH,92656-3162
121000528,MARY,RICKETTS,5757 BREAKERS WAY,,LITTLETON,CO,76092-2413
17068110,ADRIENNE,BOWMAN,681 PARK PLACE CT,,THOUSAND OAKS,CA,70435-2245
9935019704,VICKI,MECABE,53855 E 13TH ST N,,NORTH RICHLAND HILLS,TX,92404-3930
113000830,JUNE,BURCHETT,835 W HILLVIEW DR,,RICHMOND,TX,32835-5341
71008624,KATHY,WATTS,15551 HAMILTON CT,,SIMI VALLEY,CA,77581-6384
9907018547,LINDA,PORTER,53555 OLD BARN RD,,FRISCO,TX,93255-9732
78000306,CRAIG,SJULIN,5938 ELDORADO CIR,,AVOCA,AR,48331-2170
9919011221,MARIA,PIRTLE,3151 POCASSET CIR,,EDMOND,OK,77356-8812
9917119604,DELORES,WOODEN,158 BOB O LINK DR,,SAN ANTONIO,TX,80403-1393
25023533,CATHY,ALVAREZ,1768 KETTERING DR,,LAKE WORTH,FL,46819-1347
3028338,SANDRA,WATTS,1888 SW KASIM TER,,LA MIRADA,CA,33904-5808
106004222,KIMBERLEE,MARES,1533 LAKECREST DR,,ALLEN,TX,75165-5424
82001009,MARYANN,SMITH,1318 SHIPROCK WAY,,BLACK MOUNTAIN,NC,34112-3671
115008669,JACKIE,COSTELLO,5555 BOARDWALK ST,,OKLAHOMA CITY,OK,77384-4497
9937025284,KATE,OHARA,1655 ZION HILL RD,,ARLINGTON,TX,77378-4886
54016447,KAREN,GRAETZ,1917 FLINTROCK DR,,PELLA,IA,63131-4007
34014632,SUSAN,LINVILLE,3956 SILKWOOD TRL,,DES PLAINES,IL,92704-7221
120004840,KAREN,HEARN,8168 TRAFALGER DR,,COLORADO SPRINGS,CO,02072-6005
9917116472,SUSAN,KRUPALA,5885 N HIGHWAY 95,,HELOTES,TX,32653-3933
114005564,GRACIE,JONES,3983 GLENCAIRN DR,,GARLAND,TX,90045-3231
9907016890,ANGIE,STEVENSON,3387 MULLIGAN AVE,,CORINTH,TX,84094-4099
77003652,ROXANNE,MCSWEENEY,5538 CAVENDISH RD,,LODI,NJ,64152-5935
106008506,JULIE,MARKLEY,56 SPIRAL LEAF CT,,PLANO,TX,95124-2027
18018045,BRITNI,SWEAT,51557 SYCAMORE LN,,MAHOMET,IL,52806-4250
4012023,JANET,DAVIS,583 BARNINGHAM CT,,TUCSON,AZ,72210-3720
105005747,KIM,ROTH,1588 W MARSALA DR,,HILLSBORO,TX,77384-4344
999001657,CAROLYN,MAHER,1535 NE ZANDER CT,,SUDAN,TX,43110-7063
39039688,DELMA,TULLY,55586 FARMERS TRL,,AMHERST,MA,78260-3529
123003172,STACEY,BECK,5988 SNOWY OWL DR,,NEW BRAUNFELS,TX,85013-1030
9912008318,JAN,STEEN,5963 NW 515TH AVE,,BEACH CITY,TX,85735-5224
28014105,MELINDA,CASTILLO,583 RIVER GLEN DR,,ANDREWS,TX,80227-2888
9934030547,PEGGY,MCNAMARA,58 E BROOKSIDE DR,,UPLAND,CA,46032-9001
110001740,DEANNA,PARKER,151 FARMINGTON RD,,CROWLEY,TX,33414-7435
4015061,DIANE,LIVESAY,9373 SATINLEAF PL,,SAHUARITA,AZ,75002-4473
9908005773,CORINNE,SMITH,357 RIDGEGLEN WAY,,CHEYENNE,WY,32258-5161
59009801,LISA,SANDER,5187 FARRAGUT AVE,,CORONA,CA,72762-0209
105001347,JOYCE,BONVISSUTO,1938 SOUTHERS CIR,,ITALY,TX,78255-1240
9917115435,JESSICA,SATTAWHITE,1355 BLACKOAK BND,,SCHERTZ,TX,93021-2407
9916125212,TERRI,JOHNSON,5185 OAK RIDGE DR,,EDMOND,OK,75048-2132
6043735,NORA,EDWARDS,6376 LICKTON PIKE,,LADERA RANCH,CA,76182-8740
106010316,JANIE,DICKSCHAT,387 DALE ACRES RD,,FRANKLIN,TN,77384-3348
9937033268,JANET,SMITH,59139 WOODMONT DR,,NACOGDOCHES,TX,80920-7229
54018178,KAREY,KNYBEL,1317 ALICE ANN RD,,ANKENY,IA,32707-2913
9936005240,BELINDA,HEILIG,383 PLAZA ESTIVAL,,DALLAS,TX,75835-1209
34017427,SARAH,SALAZAR,6859 CRESTMERE LN,,DE PERE,WI,80234-1052
39035328,KAREN,COPELAND,55865 LA FORGE ST,,COLORADO SPRINGS,CO,73150-1302
55013587,LAURIE,LEE,1353 E OLD IVY ST,,ODESSA,FL,93063-3320
83000374,CHARLENE,BENTLEY,56817 HUEBNER BLF,,FORT MYERS,FL,37122-5033
9925001642,PATSY,GRIFFITH,55387 HIGHWAY 558,,MC QUEENEY,TX,75052-4251
123003139,TIFFANY,JOHANSON,3583 CHRISMAC WAY,,SAN ANTONIO,TX,80133-1481
9902014086,KIM,YOUNG,956 SANTA ESTELLA,,BRENTWOOD,TN,40383-9760
9945056637,SUSAN,BROWN,7583 SUGARPLUM DR,,LENEXA,KS,60173-4029
110000562,JESSICA,NELSON,51798 CAMASSIA CT,,FORT WORTH,TX,80132-7154
9923001686,MURIEL,TAKEDA,53355 FALMOUTH PL,,SAN ANTONIO,TX,50021-3940
125002276,TAMARA,BICK,6158 W OAKS CIR S,,GRAND PRAIRIE,TX,75035-7382
9934021495,JULIE,FOWLER,186 BRANCHFORD DR,,CENTENNIAL,CO,78224-1025
9907018435,KARIN,ROBINSON,8711 JACK BEAN ST,,FRISCO,TX,75117-0367
125002020,FRANCESCA,ALPAR,3977 IDYLWILD TRL,,SAN ANTONIO,TX,78613-1551
121003478,ANNETTE,RODRIGUEZ,7595 SAND TRAP DR,,GOLDEN,CO,93063-4352
124002625,GLORIA,SULLIVAN,7151 ARROWWOOD RD,,MONROE,OH,85636-1096
9905022661,MELISSA,TALBERT,17857 S PYEATT LN,,GRAPEVINE,TX,80907-5747
9906041667,JANA,DAVIS,7191 DEMEDICI CIR,,GRAND PRAIRIE,TX,48331-1907
9910152458,LABERTA,DODD,8155 CREEKRUN TRL,,ROCKPORT,MA,05404-2136
9930022457,RACHEL,ADDEO,8388 WINSFORD AVE,,FRISCO,TX,76063-3322
9916103745,HOLLY,LEU,313 MANNINGTON DR,,YUKON,OK,78023-0333
9938016878,JEANNINE,PEEPLES,3957 SAILMAKER LN,,BOULDER,CO,77381-4601
68003078,SHANNON,SHARPE,53583 PORTOLA WAY,,EL CAJON,CA,91722-2028
9906032497,DONNA,MILZCIK,835 WESTRIDGE WAY,,ENNIS,TX,75043-7505
2015857,MELISSA,RUST,6 FALLING STAR RD,,BURBANK,CA,80919-1620
50018432,STEPHEN,KREISS,5958 VICKSBURG LN,,RARITAN,NJ,63501-1822
60013704,CINDI,SYLO,919 PINE BURST DR,,VERNON ROCKVILLE,CT,80920-5362
9917120071,CAROL,OLIVER,3656 CABRIOLET LN,,COLLEYVILLE,TX,43220-4314
104003467,JONATHAN,SPIVEY,1866 SW 563RD AVE,,FORT WORTH,TX,94945-1127
9919008123,JOAN,ROLAND,5115 SAGEBRUSH ST,,MAGNOLIA,TX,73099-3258
9911004228,SUSAN,WINDSOR,13987 BIRDIES GRN,,WEATHERFORD,TX,97302-3517
31019345,KAREN,BROOM,5838 SAGEBRUSH DR,,GARNER,NC,52595-0041
3026710,CINDY,CARUSO,3188 W SUBLETT RD,,SANTA FE SPRINGS,CA,75219-4936
32014443,CAROL,BUELL,55513 BROCKTON PL,,FORT WAYNE,IN,76111-6338
9934036864,LORI,SNYDER,188 ROSE CREEK LN,,CENTENNIAL,CO,46077-8339
9906037215,LINDA,GARNER,5186 BROOKLAWN DR,,GRAND PRAIRIE,TX,78244-1270
9923003723,NANCY,TAYLOR,8685 WOODSLANE DR,,SAN ANTONIO,TX,92407-2024
61009775,MARCY,COOK,5513 LOMA ALTA DR,,NEWINGTON,CT,94116-1428
19028383,WENDY,KELLER,338 E ILLINOIS RD,,CHICAGO,IL,33028-1549
9930008165,CONNIE,TREJO,513 KNAPP FARM DR,,CONWAY,AR,91775-2716
103003757,PAT,MCKENDRICK,555 LONGFELLOW RD,,CASTLE PINES,CO,47401-8385
9919009787,KATHY,KUHN,6815 LAKE ELLA RD,,HUNTSVILLE,TX,45140-8165
9923011187,STACEY,MEDINA,153 OVERLAND TRCE,,SAN ANTONIO,TX,34119-8752
9904047716,BECKY,MAY,383 PLANTATION DR,,GREENLAND,NH,46176-1150
17072008,AMY,GEORGE,6363 OAK SHORE DR,,OJAI,CA,76182-7644
59014864,ADAM,REINHARD,8385 LA QUINTA LN,,CHEYENNE,WY,73020-5001
111003151,LYDIA,DEAN,71 WESTMINSTER DR,,FRIENDSWOOD,TX,43613-3622
60013538,DORIS,ADAMS,3786 SILKWOOD TRL,,ELLINGTON,CT,88101-2914
63008389,BILLIE,FUJINO,683 NE LIBERTY CT,,SAINT AUGUSTINE,FL,78028-3866
24091362,JANENE,STEELE,56338 SUNSET PASS,,ALISO VIEJO,CA,22630-5307
9026974,ELIZABETH,BONE,785 CRABAPPLE WAY,,PHOENIX,AZ,32714-3436
47020284,DEBORAH,JOHNS,7565 SW ALPINE DR,,LOUISVILLE,KY,73170-4418
81000911,JENNIFER,TENNANT,5357 NW 558TH TER,,HOLMES,NY,06033-1488
61009252,RACHEL,HOLTZ,3886 MIDDLEWAY DR,,BRISTOL,CT,77521-8625
5022452,CINDY,MOYER,55 HERONS BILL DR,,LINCOLN,CA,78250-6020
9911006079,AMY,RICHARDSON,583 LAKE VIEW RDG,,ODESSA,TX,01028-2138
110005650,DAWN,CRABTREE,1959 W PLAYDEN DR,,TOLAR,TX,83716-7144
107004559,ASHLEY,SORRICK,1351 GREYMOORE DR,,DUBOIS,WY,85204-7221
9933004593,CINDY,SMITH,386 BUCKINGHAM PL,,SPRING,TX,80134-4528
6042390,JULIE,CLEMENTS,585 W WILDWINN DR,,AURORA,CO,02026-4586
101003513,MARGART,MCCLELLAND,5385 NANTUCKET ST,,JACKSON,TN,91711-1709
120005108,BARBARA,INDERBITZIN,919 MANCHESTER RD,,SAGINAW,MI,34601-6477
107007664,BARB,CAMPBELL,1576 SW 595TH TER,,BRIGHTON,CO,78628-6958
9934024816,RICA,CAVALANCIA,58513 KIERSTEN PL,,CENTENNIAL,CO,33410-5124
18016845,CYNTHIA,DAVIS,11817 FOSSIL PEAK,,INDIANAPOLIS,IN,85234-8226
6038460,TASHA,STOUTER,188 WHITE ROCK CT,,DANA POINT,CA,32257-7559
106000317,STEPHANIE,OROURKE,6658 CHAMBREL WAY,,DENTON,TX,75023-3718
115007760,SUSAN,GOPICO,5351 MILLBROOK DR,,OKLAHOMA CITY,OK,96701-3444
75000631,KAREN,VONHOF,1638 KEYSTONE AVE,,BELLA VISTA,AR,90703-6731
63007785,KATHY,ONESTO,7858 GRENVILLE RD,,ARLINGTON,TX,93063-2701
9907018141,DAWN,BORDEAU,1185 WOODLAND AVE,,WHITEWRIGHT,TX,43617-1272
22018032,DANA,MONTELEONE,3866 BON HOMME RD,,MOUNT GILEAD,OH,78247-5610
67004652,AMY,GARDNER,59 CORTE PINTURAS,,HOUSTON,TX,45840-9477
9942039869,GUADALUPE,MCCURRY,886 E TUCKER BLVD,,PASADENA,TX,76014-2516
101001354,SUSAN,GRAZULIS,18118 REGENCY RUN,,MANCHESTER,TN,37074-2026
3026862,JENNIFER,VIDANO,5538 YORKSHIRE CT,,PICO RIVERA,CA,73120-1705
107003920,PATRICIA,VARGAS,53538 REGENCY WAY,,DENVER,CO,32250-4036
9910153959,ROCHELLE,GRANT,7153 CARLYLE XING,,FERNANDINA,FL,90065-5036
18022285,LORA,PERRY,58673 LIVE OAK DR,,CARMEL,IN,33026-5003
3022341,ANGEL,KLEIN,938 ROYAL OAKS DR,,LA VERNE,CA,78261-2415
9915069205,DENISE,GODFREY,5358 PINNACLE FLS,,ROWLETT,TX,61853-2761
33019127,ROBIN,WILLIAM,3386 WOOD ROCK LN,,ALPHARETTA,GA,91505-1690
111000543,DOLORES,KARL,5879 LODGEPOLE DR,,DEER PARK,TX,75551-6988
18017240,CAROLYN,PORTUONDO,5838 TRAILSIDE CT,,CARMEL,IN,76210-1854
63004918,LINDA,LETZLER,1353 KATHERINE DR,,SAINT MARYS,GA,76017-2245
9914017556,CAROLINE,DELLACROCE,3653 CHIPPEWA WAY,,KATY,TX,90066-3214
125002526,JOYCE,THOMPSON,5378 W MAXZIM AVE,,COLLEYVILLE,TX,67901-5518
9923007171,MARTHA,MATLOCK,5886 BROADLEAF CT,,YOUNGSTOWN,OH,78148-2838
26025666,DIXIE,KEATING,3881 HEATHER DR W,,CHANDLER,AZ,73170-2644
68002448,HOPE,JONES,3885 E GLACIER PL,,NORTH HOLLYWOOD,CA,28734-2245
9923000277,HEATHER,CARLTON,1113 PARGOUD BLVD,,ROUND ROCK,TX,76017-1048
103003465,THERESE,WEAVER,58 TYLER FARMS RD,,LARKSPUR,CO,77536-3812
123004320,JENNIFER,CHAVEZ,5583 BRENTWOOD PT,,HELOTES,TX,50248-1612
9916109920,JEANNINE,KLOC,3 SILVERTHORNE DR,,OKLAHOMA CITY,OK,77356-8904
18017368,COLLEEN,ENGEL,7815 BLACKACRE RD,,INDIANAPOLIS,IN,75071-2762
47019743,CATHERINE,MARSHALL,388 VILLAGE RUN E,,CLOVERPORT,KY,77459-2661
103004277,LAUREN,RESENDIZ,3838 ELMHURST AVE,,DENVER,CO,73034-9405
65024475,LA NELLE,MORTON,58 SKY TERRACE PL,,WOLVERINE LAKE,MI,50023-9625
9937041617,DIANNE,WIRTH,5588 MARSH POINTE,,MCKINNEY,TX,33976-3626
9937034441,WANDA,HIPPLE,5857 COLUMBARD DR,,MURPHY,TX,78233-3835
9925000887,TONYA,TUCKER,581 W EL PASEO ST,,SAN ANTONIO,TX,37013-2143
58012088,JAN,DORFMAN,8858 STREAM WATER,,PERRYSBURG,OH,75206-3700
25028996,BETTY,SEWELL,55879 TIMARRON DR,,LAKE WORTH,FL,92673-6838
9938003852,CHARLA,HARRIS,388 CASTENADA AVE,,TIMNATH,CO,42445-6606
25029235,RODERICK,QUILLIN,35638 WISTERIA RD,,ROYAL PALM BEACH,FL,80921-2447
9916109295,DONNA,TOROSSIAN,58571 SW ADELE DR,,EDMOND,OK,76001-5604
25024481,BRIDGET,HARRISON,593 BROOKSIDE AVE,,MEDFORD,MA,75228-6207
2015487,JESSICA,WIXSOM,77 VALLEY VIEW DR,,MCDONOUGH,GA,77386-1171
124004064,TRICA,RIVERA,1815 CREEKSIDE DR,,ROYSE CITY,TX,92040-5445
110004026,GEORGIA,NAMURA,3888 Blackburn St,,FORT WORTH,TX,80013-4591
41023144,ANN,PONCE,6396 ALDERWOOD RD,,MILWAUKEE,WI,72758-4602
28013693,SANDRA,AGUILAR,55379 SAN ARDO DR,,REDLANDS,CA,18925-1006
112000845,NANCY,PIOTROWSKI,55691 E DORADO PL,,SPRING,TX,76262-0603
125000461,AMY,SCHLEICHER,815 TIMBERDALE ST,,BATON ROUGE,LA,95973-8354
9939162526,LINDA,CASSIDY,3835 BERKLEY MEWS,,SAN ANTONIO,TX,91773-1835
9915071720,JULIE,WINEGAR,7663 WHITSETT AVE,,FRISCO,TX,01702-5769
9919012993,THERESA,BLAYLOCK,8857 PARTRIDGE ST,,HOUSTON,TX,91360-4673
120003190,ANGELA,GEORGE,8561 ECHORIDGE CT,,CASTLE ROCK,CO,92583-2909
9902015338,RICH,JAMES,3815 CATAMARCA DR,,NASHVILLE,TN,80215-3019
26024626,DANIELLE,MOONEY,536 RYDER CUP TRL,,CHANDLER,AZ,34145-5420
9942051665,JOHN,DOSECK,3787 APALACHEE ST,,HOUSTON,TX,77523-8341
9923005382,SALLY,BRACKMAN,5583 JADE TREE DR,,HARLINGEN,TX,92882-8081
9917132525,JOANN,DEBORD,8916 SILENT CROSS,,SAN ANTONIO,TX,29405-5255
4014225,RITA,BRUENING SCHLEICH,53313 MAYBERRY PL,,CHANTILLY,VA,76001-5366
116000705,KATIE,WALDRON,1318 GREEN TEE DR,,HELOTES,TX,50131-3071
40051703,DANA,BOOKER,951 BROOKHAVEN DR,,OAKLAND,FL,46011-1227
103003688,KRISTIE,BATES,6533 GREENWICH LN,,LEESBURG,VA,83646-3935
9908007444,DEB,KAPILOFF,6683 GISELE DR NE,,BROOMFIELD,CO,32724-2993
124004354,CONSTANCE,WOOD,3559 W NEWLAND DR,,ROCKWALL,TX,76458-0414
120005666,SONNI,BIRR,5718 EVERGLADE CT,,COLORADO SPRINGS,CO,77384-5002
9026989,CHARLENE,DRURY,53376 VENETIAN DR,,GLENDALE,AZ,46112-8298
27021248,JOAN,YANCEY,1518 NEWTON CIR E,,PACIFIC,MO,06109-1816
9907017172,CARL,COLTHARP,3718 SERENITY TRL,,GREENVILLE,TX,52804-9105
40047246,TISH,KRIVANEK,383 PLATTEKILL RD,,LADY LAKE,FL,77007-3740
30010333,SALLY,JARVIS,5783 QUEEN ANN LN,,KIRKLAND,WA,78410-6031
25027162,MARILYN,HUGHES,318 PENNINGTON DR,,PORT SAINT LUCIE,FL,46143-7317
3027123,SHARON,OSULLIVAN,137 CASTLEWOOD DR,,NORTH FORK,CA,28801-2873
9932034639,NANCY,HEDRICK,3381 WESTRIDGE DR,,BRENTWOOD,TN,34471-6863
119003089,PAM,BELL,139 KENSINGTON RD,,POTTSBORO,TX,33967-4848
9902014693,KIM,SORRELLS,6193 HOLLYWOOD ST,,Nashville,TN,93643-9799
9915068748,ANGELA,ALLEN,5585 BROOKWOOD DR,,MCKINNEY,TX,80015-4255
19027311,JEANNETTE,DRILLOT,551 E PARKLAND DR,,HOFFMAN ESTATES,IL,77381-6644
9916122668,MARTHA,CARNEY,58887 BRAMANTE LN,,KNOXVILLE,TN,80537-7933
9920012797,RUTH ANNE,PENATE,8358 CAMFIELD CIR,,LAREDO,TX,60090-5300
125002610,JEAN,WARE,3653 CREEKBEND DR,,ARLINGTON,TX,94553-2759
105006274,SHINJA,SHARP,5755 SE BOONE TRL,,MAGNOLIA,TX,78504-1935
54016740,WENDY,GARRISON,3583 GREY DAWN DR,,OTLEY,IA,53546-5352
9916112655,SUZY,ANDERSEN,5815 HOTCHKISS PL,,ENID,OK,46802-5930
106009375,KAREN,JUAREZ,3715 RIVERSIDE DR,,WATERTOWN,MA,75109-0796
9945057785,BETH,FLANERY,889 BLUFFWOOD AVE,,RICHARDSON,TX,80004-6008
9914008297,NORMA,MARTZ,3588 CARNATION DR,,CROSBY,TX,20120-2925
9908010078,CINDY,GASPARI,15787 38TH AVE NW,,LONGMONT,CO,78250-5273
9937030475,TERI,JANOS,5885 POLO CLUB DR,,DALLAS,TX,37215-5013
9941105744,ANTOINETTE,HENNINGSEN,9559 OAK DOWNS DR,,WEATHERFORD,TX,73072-6544
9930012685,LESLIE,RICHARDSON,67 MISTY CREEK DR,,CARROLLTON,TX,92021-3292
77004443,BETH,SARAFAN,538 BROOKSTONE DR,,TWP WASHINTON,NJ,07601-5319
112002639,CINDY,GAT,333 WINDJAMMER RD,,CONROE,TX,75150-2931
38038368,ELIZABETH,KLEVORN,595 MOULTRIE PARK,,ARVADA,CO,43460-1561
58008099,MIEKO,REID,5713 NEBRASKA AVE,,SYLVANIA,OH,50548-2488
9941017367,CAROLYN,OSSA,3738 PRINCETON ST,,GRANBURY,TX,73034-1300
61006538,JULIE,SOUTH,7311 STANFORD AVE,,NEW HARTFORD,CT,77059-3022
72004610,JEANETTE,SEGER,581 CLEAR LAKE CT,,ASHEVILLE,NC,76034-4156
18020040,PATRICIA,CHEATHAM,5338 OCEANPORT DR,,FORT WAYNE,IN,33467-6540
9933002781,LISA,MANDEL,35331 PASEO CADIZ,,SPRING,TX,76092-8554
6042462,ANGELA,STEARNS,6913 NW 533RD TER,,ESCONDIDO,CA,72217-7236
125001186,KIM,CHAMPINE,1839 S SAILORS CT,,ABILENE,TX,78627-0022
110005707,BARBARA,WISE,35 SPRUCE HILL DR,,COMANCHE,TX,75035-3633
9916099002,KIM,VLIEGEN,118 SOUTHCREST PL,,PRAGUE,OK,41056-1117
9923001233,EMILY,LANG,37 RIDGE TRAIL RD,,PORT NECHES,TX,92646-3742
44010807,KATHY,MORROW,5815 CAROWAY BLVD,,HILLSBORO,MO,80007-6807
114005998,SHELLEY,PERRELLA,58551 SHAMROCK RD,,RICHARDSON,TX,75089-1682
65023192,CARI,HILLER,5315 S SICILY WAY,,PETOSKEY,MI,79935-3006
24091371,MARK,DOEHRMAN,38 SHAUGHNESSY DR,,MONTEREY PARK,CA,80921-2228
45010258,ROGER,LUTHER,18385 JULLIARD DR,,NASHVILLE,TN,90041-3108
78003408,TRACY,GILBERT,59 FLINTRIDGE AVE,,SPRINGFIELD,MO,75039-3066
61007156,DEENA,HATHAWAY,15 STILL RIVER RD,,COLLINSVILLE,CT,91790-4440
9923005375,STEFFANIE,NEILL,3955 TELEPHONE RD,,SAN ANTONIO,TX,91910-6357
9935022805,ANITA,BOOTH,3863 NIGHTHAWK HL,,SOUTHLAKE,TX,06074-1860
44009997,MARIA,BROOKS,5183 GREATVIEW CT,,COTTONTOWN,TN,78028-7385
9934031541,GINA,WOMACK,3589 E JANICE WAY,,COLORADO SPRINGS,CO,93065-2051
112002281,MELINDA,SHARP,3856 HIGHRIDGE RD,,SPRING,TX,34285-1202
112001355,SUSAN,WEISS,5835 GREENTURF RD,,WILLIS,TX,85226-1378
3025692,JOSEPHINE,SPENCER,5955 CHISHOLM TRL,,WALNUT,CA,77356-8610
9913068392,DEBRA,ROBERTS,6815 SE 38TH PKWY,,MAGNOLIA,TX,33414-6373
78003496,CAROL,KIGER,7373 FOX GROVE RD,,SARCOXIE,MO,75080-8412
9906035350,DEBORAH,GRAF,3586 OVERLOOK CIR,,FORT SCOTT,KS,80134-5637
114006914,KAY,WRINKLE,55755 RAINTREE DR,,DALLAS,TX,75034-4640
27023260,RANDY,THOMAS,319 STOCK PORT LN,,SAINT LOUIS,MO,78248-1469
103003724,ALLY,LUTTRELL,1838 PHEASANT RUN,,PUEBLO,CO,80542-4016
9938024274,LISA,MCCLURE,1117 SAMARITAN DR,,SUPERIOR,CO,95032-1508
9914011696,HEIDI,SCARBROUGH,589 LEIGH GATE RD,,CYPRESS,TX,14075-2925
58010075,MARIANNE,CONTELLO,5833 DRAGONFLY LN,,PALO ALTO,CA,76039-2042
106009495,ABBY,BLACK,5553 S FLOWER CIR,,CYPRESS,TX,78254-6197
25030052,CYNDI,WALDEN,55885 SE 539TH ST,,GREENACRES,FL,73170-9399
50020932,MICHELLE,PRUETT,8763 COCO PLUM PL,,WOODBRIDGE,NJ,80919-2909
9923006933,ROSE,BROWN,1537 E CAMELOT PL,,SAN ANTONIO,TX,50325-7824
9935002402,PATRICIA,BARRETT,11838 REYNOLDS DR,,JOSHUA,TX,80134-9481
22017191,KRISTEN,TEPICHIN,587 JEFFERSON VLY,,WALHONDING,OH,78154-3902
18023071,PHILLIP,MASTERSON,55717 WESTGATE RD,,SANIBEL,FL,76182-6048
77003336,ALLAN,HENDERSON,5117 PENN MAR AVE,,RIVER VALE,NJ,35242-5906
107005765,LISA,RYLAND,615 W DIVISION ST,,BROOMFIELD,CO,50211-9698
103005108,BETTY,RINGSTAFF,8385 LA QUINTA LN,,ENGLEWOOD,CO,78131-0535
39036758,DEBI,ROBINSON,38633 MOONTIDE CT,,LOUISVILLE,KY,75206-5832
9917115584,LORETTA,BECKMAN,7885 FLAXFORD TRL,,San Antonio,TX,95032-4040
11016372,KIM,TUCKER,6688 N CYNTHIA ST,,SAN JOSE,CA,77356-5876
9911005285,JULIA,STOWERS,759 RUIDOSA DOWNS,,CEDAR PARK,TX,72745-8448
110005262,LISA,COPE,8353 LEXINGTON CT,,DECATUR,TX,75035-9017
9933029442,BRENDA,FOOTE,88 TURKEY HILL RD,,COLLEGE STATION,TX,32258-9421
5025862,ELIZABETH,HATTON,3938 WHITE BAY DR,,SANTA CRUZ,CA,46077-9174
107007857,MARIA,GEISEL,9335 GATESHEAD DR,,WHEAT RIDGE,CO,92883-4927
122002221,BONNIE,COLVIN,518 STAG RIDGE CT,,SHAVANO PARK,TX,93021-2749
17072619,JULIE,FLORES,58861 LAPLANTE RD,,NORTHRIDGE,CA,95448-0482
53010264,STACEY,WALLACE,5738 EL DORADO CT,,WEST LINN,OR,32832-5742
61007710,BRENDA,HANKINS,9535 SEDGEWOOD DR,,AVON,CT,76248-8357
121003252,MARIE,GREEN,7558 DAWN MIST CT,,FORT COLLINS,CO,72118-3650
18018616,DIANE,LOPEZ,55337 MAJESTIC DR,,INDIANAPOLIS,IN,92508-2411
9923004865,KRISTEN,BLANKENBECLER,53 VALLEY VIEW DR,,San Antonio,TX,71104-3349
54014671,DONNA,HAECKER,555 LAKE SHORE DR,,FORT DODGE,IA,97702-9814
9933016495,BARBARA,KOPERNIK,3583 SARDINIA WAY,,SPRING,TX,75019-2291
119001956,MARY JANE,DIBIASO,3316 CHURCHILL DR,,GRAND PRAIRIE,TX,75082-3429
9906038392,ELIZABETH,PERKINS,3588 WESTLAND AVE,,ROANOKE,TX,44145-4132
60011191,JAN,CHARLES,5639 N MALLARD DR,,GLASTONBURY,CT,76227-3981
18016851,SALLY,FOLEY,5785 FOOTHILLS DR,,ZIONSVILLE,IN,78254-2045
9936018153,TRACIE,PERSON,1366 GERSHWIN AVE,,ARLINGTON,TX,77005-3609
68004921,ALICIA,WALDEN,5381 W HEDDING ST,,ENCINITAS,CA,76063-0039
18020949,GRETA,VENTURA,393 RIVERSIDE TER,,AVON,IN,45640-1043
17071506,KRIS,KOVITCH,3697 TEMPLETON ST,,WESTLAKE VILLAGE,CA,78130-9003
70002501,DIANE,KLINKSIEK,5988 S INGALLS CT,,VANCOUVER,WA,48439-3443
47016232,DEBRA,EVANS,5359 BLUFF FOREST,,LOUISVILLE,KY,95126-3654
9920000373,JOETTE,EZIKPE,9713 LANCELOT CIR,,AUSTIN,TX,33410-5124
39041625,CAMI,FARRELL,56183 TREASURE CV,,DIX HILLS,NY,77573-5286
107001222,ERIN,BOLIN,591 EQUESTRIAN DR,,LONGMONT,CO,95125-4112
54017725,LISA,LEGAYE,8315 NICHOLSON DR,,URBANDALE,IA,06066-2911
2013687,LINDSEY,VENTRESCA,9858 LOCHGREEN LN,,LAKESIDE,OR,78250-3124
9941014048,MELISSA,TRUE,5911 DEERFIELD ST,,FORT WORTH,TX,77378-1486
61007760,VICKI,KELLY,1757 APPALOOSA LN,,EAST GRANBY,CT,75033-1324
26024630,BILLY,HAMM,555 RIDGEFIELD DR,,MESA,AZ,06016-1711
9923000447,CARRIE,SCHMIEDT,13655 PEBWORTH PL,,BOERNE,TX,95204-4967
60011417,EVELYN,SPEARES,55831 RAVEN ST NW,,WEST SPRINGFIELD,MA,52560-8710
9914007806,BERNICE,LOCKRIDGE,683 MCALLISTER DR,,HOUSTON,TX,32092-1915
123001714,ALMEDA,KEETON,9 OAK FORREST CIR,,EDMOND,OK,95119-1865
52020130,KYM,BRADDOCK,1383 GUNDERSEN DR,,FAIRFAX,VA,82009-9709
9932041424,DIANE,ROZNOVSKY,3855 COOLIDGE AVE,,NASHVILLE,TN,77382-4409
125001263,HUGO,KIRK,515 W GARDENIA DR,,FLOWER MOUND,TX,90066-6448
15079184,MELISSA,GLANTZ,355 OLD BUGGY TRL,,WINNETKA,CA,78006-1912
6047069,ENID,HAMILTON,1318 KITTYHAWK DR,,COTO DE CAZA,CA,06019-3539
61010405,ROSALINA,DELGADO,3883 WINTERSET DR,,CHESHIRE,CT,19348-2676
18017665,GRACE,DOLAN,5338 WATERSIDE DR,,LOVELAND,OH,77489-3245
47016927,DEANA,ADELMAN,1885 ELM CREEK LN,,BALTIMORE,MD,22401-8404
39031402,MARIA,KOUBA,3355 RIVERLAWN DR,,PALM BEACH GARDENS,FL,01057-9691
63007272,RHODA,WHEELER,6585 GREYWALLS DR,,SAINT AUGUSTINE,FL,76240-6686
65025984,ALISA,SCHAFFER,576r Highland Ave,,ATLANTA,GA,63074-3403
107007836,FRANCES,LILLY,855 MEADOWVIEW DR,,WESTMINSTER,CO,06795-2404
9943053909,LINDA,GELVIN,8859 N FARLEY AVE,,WALLER,TX,75070-6336
9914014313,ANGIE,MCDANIEL,38937 WHITLOCK DR,,HOUSTON,TX,78240-1930
18019220,BEVERLY,SIMON,55378 IDLEWOOD DR,,INDIANAPOLIS,IN,32835-8032
52019756,CARRIE,MCCARTER,355 HUDDLESTON CT,,CHANTILLY,VA,77386-3595
15080467,MARY,GILLESPIE,6568 BAY SHORE DR,,CALABASAS,CA,75228-3255
17071325,JERRI,SMITH,37788 N AMBER WAY,,CAMARILLO,CA,32003-3783
9932003941,LINDA,MCNEELY,583 WINNCASTLE ST,,OAK RIDGE,TN,80004-2293
9933030079,LORI,GARRETT,58186 PARKSIDE DR,,SPRING,TX,78251-3546
116002004,ELIZABETH,STACK,955 WELLINGTON DR,,SAN ANTONIO,TX,77379-3236
102003655,RENEE,FERREIRA,3385 KINGSWICK DR,,CONROE,TX,95835-2151
40045182,JACKIE,AIELLO,53559 REGENCY WAY,,GOTHA,FL,46835-8886
7015084,PATRICIA,DUBROVSKI,659 CHESAPEAKE DR,,LA MIRADA,CA,95648-3105
9944004488,KRISTEN,HUNT,1817 RIDGEGLEN SQ,,HALLETTSVILLE,TX,92223-7396
114004681,BETH,GOODSPEED,5385 SUMMERSET PL,,MISSOURI CITY,TX,78251-4075
9916123956,CARA,FREEMAN,3538 E JEROME AVE,,MOORE,OK,93021-3753
74003960,MARLISS,DANIELL,5939 SAW TOOTH CT,,WESTON,FL,76063-8404
31019714,FRANKIE,GRAVES,3653 CAMPSTONE DR,,SOUTHPORT,NC,48116-5139
65023620,PETER,ELLZEY,5953 ROOSEVELT DR,,LINDEN,MI,76028-4945
110002595,SUSIE,BARNETT,55358 LOVELAND ST,,GRANBURY,TX,46158-6408
106008158,PAMELA,NOBLE,885 WEDGEWOOD CIR,,MIDLOTHIAN,TX,76092-6022
72005467,LAI,SIDESMILLER,5338 BERWANGER DR,,SACRAMENTO,CA,43551-5457
9916102036,SARAH,COLE,5155 SCOTTLINE DR,,STILLWATER,OK,76001-6514
9917113146,DIANE,WALL,8339 ELEUTHERA LN,,SAN ANTONIO,TX,95125-4941
9934012234,JENNIFER,HENTHORN,53559 REDWOOD VLY,,BEAVERTON,OR,98208-3041
122002292,THERESA,BELLUZ,3935 BARKWOOD AVE,,SAN ANTONIO,TX,91739-2202
9906042076,KAAREN,NORBERG,58893 HARLEIGH DR,,FARMERSVILLE,TX,75076-2248
108006746,STEPHANIE,TORNQUIST,55733 KNOLLBRANCH,,LINDALE,TX,75054-6764
9933024456,RON,ARDUZA,7789 E JOURNEY LN,,KATY,TX,50322-7380
9907009537,CAROL,ARNOLD,58613 TIGER CHASE,,BRENTWOOD,TN,77447-9407
25026975,RAFAEL,THIELEN,5715 SHEFFIELD DR,,SAN MARCOS,CA,93065-7068
9907005959,MICHELLE,EVANS,583 DEER CHASE PT,,SOUTHLAKE,TX,76092-2219
9945058923,PHIL,GOHMERT,3538 TURNBERRY DR,,DALLAS,TX,76262-9067
40049555,DIANNA,PINER,5555 CATHERINE LN,,LONGWOOD,FL,40206-2065
115005121,LORI,BROWN,3888 BROADVIEW RD,,SEARCY,AR,30040-0572
123003485,DIANE,SHERLAND,8587 SANDPIPER ST,,MCALLEN,TX,87176-5015
115007813,PAULA,GOLDMAN,3311 S WESTERN RD,,EDMOND,OK,76248-2918
9906032800,NORMA,TERRY,3759 BROOKVALE CT,,FORT WORTH,TX,77406-8239
9936015085,CONNIE,GRUDLE,5816 SNOWFLAKE DR,,MANSFIELD,TX,01545-3008
120002143,PENN,CAMPBELL,5653 E OAKLAND ST,,COLORADO SPRINGS,CO,76092-5128
114006978,LYDIA,MILLS,7 RUSSELL FARM DR,,ALLEN,TX,06082-4247
121002860,KIM,MASSEY,3885 BROOKSIDE RD,,DENVER,CO,93065-7369
63004182,LEEANN,EDWARDS,1858 HERITAGE GRN,,JACKSONVILLE BEACH,FL,78230-1580
106010070,DEBORAH,MILES,858 N WHITING CIR,,FRISCO,TX,34761-5608
3027450,MELISSA,AUSTIN,387 S TOMBERGS DR,,WHITTIER,CA,80016-2469
9019995,MARGARET,GRIESEL,55583 SAGELINK DR,,GORDON,TX,27410-2813
83001208,MARCIA,FELSENFELD,983 PENNYWAYNE ST,,FORT MYERS,FL,80247-6813
9930026115,AUDREY,SMALL,15581 SUMMIT SPGS,,LEAGUE CITY,TX,20120-1125
18019853,LORI,KELLEHER,5518 INVERNESS ST,,MARTINSVILLE,IN,75218-2214
54017065,LORELLE,MAURER,3888 FOOTHILLS CT,,AMES,IA,46112-9655
77000038,STEPHANIE,STILWELL,588 NORTHRIDGE DR,,HASBROUCK HEIGHTS,NJ,80303-1197
58009000,KIMBERLY,BERGREN,385 BASILWOOD WAY,,XENIA,OH,77389-4445
9917136670,JACKIE,FLEGLER,118 N PRINGLE AVE,,SAN ANTONIO,TX,80123-6740
65023957,TERESA,SHUMAN,117 LAKE ELLEN DR,,NORTHVILLE,MI,78260-4841
61009575,SUSAN,FARRELL,35758 DUNRAVEN CT,,AVON,CT,48331-2645
64011876,LYNETTE,HOLLER,5693 SW 553TH AVE,,FRAMINGHAM,MA,01501-2902
39037507,ANDREA,SASS,9857 CHISHOLM TRL,,PALM BEACH GARDENS,FL,78023-3630
9915065302,KARYN,GLENN,5681 WISTERIA WAY,,GARLAND,TX,93065-2537
106009898,LORI,ALEXANDER,6917 COUNTRY ROSE,,THE COLONY,TX,L6C 0K1
120001977,ERIN,GORDON,758 TARKINGTON DR,,COLORADO SPRINGS,CO,72758-0245
32014092,JUDITH,ORR,57318 N EUREKA CT,,FORT WAYNE,IN,06062-2111
40049693,CAROL,SUTHERLAND,5585 E BOWDEN CIR,,MEDFORD,OR,98506-2924
18021163,HEATHER,SCHULTZ,6835 HILLSBORO RD,,CARMEL,IN,37064-4748
25024739,BONNIE,SWOPE,5555 N DENNIS AVE,,PALM BEACH GARDENS,FL,91406-5153
9904037146,CHERYL,RUBIN,5535 BEAUCHAMP ST,,DENVER,CO,75090-7516
12013437,KIM,LAROCHE,35353 ROYCROFT ST,,RANCHO CUCAMONGA,CA,75078-0322
9943046397,BARBARA,BAUMANN,5585 GLENAVON AVE,,BARBOURSVILLE,WV,76016-1156
25022914,SANDY,HOLLAND,5655 N EUCLID AVE,,WAXHAW,NC,33437-2134
106001393,SUE,FERRELL,5995 GLEN DALE DR,,MCKINNEY,TX,29604-8974
9917139582,LINDA,SELLERS,171 BERENGER WALK,,MARBLE FALLS,TX,48374-2528
65026143,TONI,ALLEN,389 SHORE LINE DR,,CANTON,MI,77079-7346
124004365,SYLVIA,BRIGHT,585 N VALLEJO WAY,,THOUSAND OAKS,CA,75104-3127
60009777,TONYA,KUMAR,1653 BAYPOINTE CV,,TOLLAND,CT,77833-3449
82001435,CATHERINE,WALTER,58675 LAVENDER ST,,CORONA,CA,76058-0227
115005983,BRANDI,SHARER,5156 CAMBRIDGE DR,,OKLAHOMA CITY,OK,06457-4336
24089778,DOROTHY,RUHLIG,6618 STEWART BLVD,,MONROVIA,CA,43528-9566
9907009230,CHRISTINE,WARLICK,1886 W SANFORD ST,,WAXAHACHIE,TX,32224-1147
6043458,JAMIE,BAUMANN,3791 BRANTLEY CIR,,LAGUNA HILLS,CA,80919-4538
7013946,MICHELLE,ALLEN,55831 SW 33TH TER,,NEWPORT BEACH,CA,77571-2718
9914013254,CHERYL,EARLEY,5885 SMALLWOOD DR,,JERSEY VLG,TX,78240-3912
65024874,MARY,FRANCIS,1 QUICK STREAM PL,,FENTON,MI,37075-5850
9921011626,LYNANN,CLIFFORD,58585 BAY CLUB CT,,LARKSPUR,CO,80226-0121
68002067,KATHLEEN,BUTLER,35 WATER RIDGE CT,,SAN DIEGO,CA,78006-6772
107003469,MELA,VINEYARD,558 EDGEWATER TRL,,BOULDER,CO,66202-3245
9915068369,DAWN,LEVINSKY,83 BLAIRS HILL RD,,PINE BLUFF,AR,80109-2880
17070888,KATHY,MURREY,5861 GREENWOOD CT,,WESTLAKE VILLAGE,CA,91702-2642
9933004576,LAURA,GALLEGOS,1385 MCCLENDON ST,,SPRING,TX,92223-7431
40048353,MICHELLE,ROBBINS,15 BREEDS HILL RD,,TITUSVILLE,FL,80134-6380
40052058,SUSAN,VIRGONE,539 GUADALUPE BND,,WINTER PARK,FL,33472-7141
22020857,SUE,SANDQUIST,1383 BAY LAKES CT,,DOVER,OH,54521-1105
60011695,DEBBIE,KELLY,95 S VEILWOOD CIR,,SOUTH WINDSOR,CT,43551-6215
9937027395,HOLLY,PHILLIPS,133 SHADY OAKS DR,,RICHARDSON,TX,46038-5256
9934031903,MIDGE,WARNER,9338 LOCH AVON DR,,LAKEWOOD,CO,76088-0801
103000298,SHARON,BOX,5316 E MED CAP DR,,LITTLETON,CO,75040-3540
31016261,DEBBIE,CARLSON,937 MILL CREEK DR,,CHAPEL HILL,NC,77055-7017
54017221,CLAUDIA,KENNEY,1838 ASHBOURNE DR,,VAN METER,IA,77062-4313
9938017072,KATHRYN,STPIERRE,3888 NORTHWICH DR,,LONGMONT,CO,75407-9796
18910067,MARGARET,HAY,385 CANDLELITE CT,,LONG BEACH,IN,43537-8912
9915064952,JACEY,VOORS,1355 WATERSIDE DR,,DALLAS,TX,80503-7285
9942052976,SARAH,BRYAN,3558 FARMDALE AVE,,LA PORTE,TX,78006-5738
40039949,RONNA,PARVIS,3578 LONE JACK RD,,KISSIMMEE,FL,30022-6284
9920012351,GAIL,NAPOLEON,1513 STRATFORD CT,,CANTON,MI,77388-3060
9904043524,JOANN,HESSLER,55558 CUMPSTON ST,,LAKEWOOD,CO,37221-2395
9944006850,CINDY,KETSDEVER,5588 MARYLAND AVE,,SPRING,TX,75033-7649
120004645,KATHY,SEELY,18 GREEN HERON DR,,COLORADO SPRINGS,CO,75043-1350
9934036052,LYNN,DAVIS,5386 GREENWOOD DR,,AURORA,CO,43623-2976
9914014277,DEBRA,DISTLER,59355 SAILWIND LN,,SPRING,TX,85045-1715
9935006419,JANET,KOERSELMAN,338 E MOUNTAIN RD,,IRVING,TX,01085-1853
64006388,HOLLYE,WHITE,53185 ELMROCK AVE,,ACTON,MA,73122-7408
105004751,DEANNE,MCBRIDE,355 VISTA ALEGRIA,,MANSFIELD,TX,76135-9494
26020886,TERI,CORDOVA,3311 CANDLEWAY DR,,CLAYPOOL,AZ,72120-8036
31016600,JAMIE,SMITH,35391 BRADDOCK RD,,ROCKY MOUNT,NC,75067-3764
61007442,BETH,DONNELLY,18338 NE 533RD ST,,FARMINGTON,CT,37172-6405
107000117,JANA,MCGILL,53551 HEATHROW LN,,BROOMFIELD,CO,93063-5803
121003640,JOANNE,FRIEND,3386 TRANQUIL CRK,,LITTLETON,CO,33905-2624
9930016136,DONNA,KRYDER,9339 BLOOMDALE RD,,MEDWAY,MA,93065-0643
9918099895,JEAN,KALLEVIG,5883 SLASHWOOD LN,,GRAPEVINE,TX,77381-4159
9932041404,CANDICE,NUTT,787 SAND STONE DR,,NASHVILLE,TN,75025-6089
9935009739,JOHN,STPIERRE,985 E LA COSTA PL,,LORENA,TX,77008-2536
9921008943,MARIAH,RICH,515 WARBONNET TRL,,COLORADO SPRINGS,CO,63130-2934
111000184,HAROLD,WILBER,9958 W VASSAR WAY,,PASADENA,TX,76033-5927
125000144,KELLY,TAFT,588 W HIGHWAY 599,,Keller,TX,80108-9110
115000914,LIZZIE,MILLER,8839 ARBORSIDE DR,,OKLAHOMA CITY,OK,80241-1395
116002465,ANNE,PRITCHETT,5883 QUAIL RUN RD,,SAN ANTONIO,TX,34953-2160
116003179,PAMELA,CANTRELL,58578 E GRAND CIR,,SAN ANTONIO,TX,76078-0029
9917140818,KRISTEN,SPARKS,917 SANDSTONE WAY,,SAN ANTONIO,TX,75220-6305
7017728,MICHELLE,GOODSON,5788 SOUTHGATE DR,,ALPHARETTA,GA,75009-3803
22020337,DIANA,HOOTEN,3356 WOODCLIFF RD,,PLAIN CITY,OH,77494-3422
66003337,MARTHA,COBEN,5383 CHEYENNE TRL,,PLACENTIA,CA,76244-6532
31015578,JEAN,JESSER,7558 YORKHOUSE RD,,AUSTIN,TX,37214-2765
9921001150,KATHE,ESCOBEDO,581 CROSSCREEK DR,,COLORADO SPRINGS,CO,33406-8761
9942049359,JEFFERY D,PALMER,885 MEADOWLAWN PL,,LITTLETON,CO,84087-1215
19028440,MARCIA,INGLISH,56858 CHALFONT CT,,SCHAUMBURG,IL,75026-1534
8008745,ROBERTA,FREDERKING,585 WEDGEWOOD CIR,,HONOLULU,HI,76082-2268
9923009466,DELORES,UNO,6 WHITE BIRCH CIR,,SAN ANTONIO,TX,75287-4006
65020794,STEPHEN,GENTRY,51338 WOODLEY AVE,,VERNON HILLS,IL,06795-2527
58011842,LINDA,SMITH,6787 BARKWORTH DR,,COPLAY,PA,06790-4137
9917117595,SUE,JURICH,5135 REDWILLOW LN,,SAN ANTONIO,TX,74604-1612
9919019472,MARGARET,FENTON,51556 LAKESHORE N,,ROSENBERG,TX,95746-9009
101002165,STEFANIE,LAMB,55788 SAN JOSE ST,,KINGSTON SPRINGS,TN,94087-7918
19024118,LISA,WALKER,9537 INVERNESS RD,,CHICAGO,IL,80120-4010
84000169,LISA,BELNAP,557 SUTCLIFFE CIR,,KANSAS CITY,MO,92677-9027
7014823,CINDY,WATKINS,555 OAK BRANCH RD,,IRVINE,CA,17036-2213
72001307,CYNTHIA,PUTTY,11755 STEEPLE OAK,,PLAYA DEL REY,CA,48377-1631
19027496,CINDY,FULLER,657 RIDGEGLEN WAY,,HOT SPRINGS,AR,32315-7100
71004831,ESTHER,JOHNSON,55883 FREEMAN AVE,,SIMI VALLEY,CA,73078-9618
63010219,MEG,MALEWICKI,5113 CABRILLO AVE,,LITTLE ROCK,AR,34209-5390
60012747,CHERYL,MILLER,1555 AMBERWOOD LN,,EAST HARTFORD,CT,01077-9364
3028283,KAREN,WHITELEY,1336 KENTFIELD ST,,COVINA,CA,72758-6124
6044805,DORELLA,HOUCK,19177 CHENWOOD CT,,TRABUCO CANYON,CA,77062-3409
9907013208,LISA,SAINT,3371 HEMINGWAY DR,,COLUMBIA,SC,85248-3760
9917109609,LAYNA,RUBACHER,16 S CLUBHOUSE DR,,LAREDO,TX,63026-6578
9916124664,VERNELL,MCELVAIN,318 HILL TRAIL DR,,OKLAHOMA CITY,OK,91320-4123
15079275,NANCY,DOWLING,1835 CHATFIELD LN,,CANOGA PARK,CA,75028-7640
46018312,LIZ,ROSSIGNOL,5185 MONTCLAIR DR,,VERO BEACH,FL,77389-5133
9934014041,MAIYA,GAFNEY,386 W HAMILTON DR,,ENGLEWOOD,CO,43004-8225
39041390,ELIZABETH,LAWRENCE,1185 GLENHAVEN ST,,JUPITER,FL,76063-5924
9920012070,SUZIE,PRENTISS,53883 KNIGHTON CV,,PALESTINE,TX,06092-2004
6046719,SARA,HERRING,8533 NW BEAVER DR,,CARLSBAD,CA,78861-6126
9933015473,PEGGY,BLACKWOOD,3797 GATESHEAD RD,,HUMBLE,TX,52544-8937
9942042658,SHANE,SORENSEN,6518 VIA COLINITA,,KINGWOOD,TX,78219-2057
22021149,JENNIFER,SPRENGER,185 E MULBERRY ST,,CHILLICOTHE,OH,06033-4174
9916120172,LISA,STROLE,7833 DEAN FARM RD,,OKLAHOMA CITY,OK,63021-7918
9938023732,STEPHANIE,TOWNSEND,1811 DOLOMITE WAY,,BROOMFIELD,CO,68512-9501
9943057375,COLLEEN,MARTINEZ,3131 MARQUETTE ST,,PORT BOLIVAR,TX,92653-6504
101002494,SUSAN,DRAETTA,58765 DALMANY WAY,,CLARKSVILLE,TN,33458-8163
3026704,JULIE,MIXON,3655 BREELAND AVE,,VAIL,AZ,02671-1106
9933010806,SANDY,DUNFORD,535 CHESAPEAKE LN,,KINGWOOD,TX,50208-8703
9937031308,VALERIE,SHERMAN,3889 NW 561ND TER,,MCKINNEY,TX,85050-7358
63007023,STEPHANIE,WEBB,3368 GLENDALE AVE,,LITTLE ROCK,AR,92071-2010
22020854,LINDA,RHUE,5787 ROOSEVELT ST,,DUBLIN,OH,78028-7061
33016545,DAN,LAGRANGE,7987 STANDISH AVE,,ALPHARETTA,GA,84037-2641
60009567,TANYA,SWEET,5538 SUFFIELD TER,,HAMPDEN,MA,16510-5735
9930029915,KELLY,AGUILAR,1835 N PRESTON ST,,MANSFIELD,TX,06035-2108
65022142,CHRISTY,ALLWEIN,1153 VEECHDALE RD,,PERRY,MI,78230-0936
61009234,GRACE,HASSELL,5881 MANCERO PARK,,BRISTOL,CT,80919-4841
124003493,DIANE,ANDERSON,3653 BROADMEAD DR,,MISSOURI CITY,TX,80016-7528
60013445,TRICIA,HASEN,5883 WEDGEWOOD DR,,TAUNTON,MA,77386-6021
15079225,KRISTIE,BINDER,681 S COLORADO ST,,CANOGA PARK,CA,85260-8817
61007491,LAURIE,ALLEN,56533 WOODBINE LN,,WATERTOWN,CT,91344-4758
32014070,CARMEN,SMITH,8811 CYPRESS PASS,,DELTON,MI,79119-7228
9937016435,LUCY,THOMAS,1789 NOBLE FIR CT,,MESQUITE,TX,01701-4076
2013419,TARA,SEXTON,51553 WILDWING RD,,OVERLAND PARK,KS,01776-1952
6046984,NAN,RIDDLE,7157 RIDGEVIEW DR,,CENTENNIAL,CO,33920-1963
116001957,DEBBIE,MISZKIEWICZ,56613 CIMMARON DR,,SCHERTZ,TX,92676-9769
125001565,STEPHANIE,KEENEY,536 BUCKINGHAM PL,,MECHANICSVILLE,MD,80127-5900
66006129,JARED,CANTWELL,388 CLAY BROOK DR,,HUNTINGTON BEACH,CA,48335-3712
64011979,NANCY,JUNGE,5838 WINDSONG CIR,,READING,MA,75792-6704
70002475,CHERYL,FOLEY,553 STONERIDGE DR,,YACHATS,OR,75225-4820
15082302,PEGGY,LITTLE,53858 FOX BEND CT,,NORTH HILLS,CA,11730-2008
3026454,JEN,AINSWORTH,1811 CAPSTONE CIR,,BUENA PARK,CA,80224-2215
6038247,ANGELA,MILLER,555 SILVER FOX LN,,DALLAS,TX,77459-3279
9917121676,BETH,MUDRICK,5389 PARKPLACE DR,,BOUNTIFUL,UT,33461-5654
9939162399,ROBERT,TAMM,5981 MAHOGANY WAY,,PRAIRIE GROVE,AR,75081-1614
9937010118,RONA,ANDERSON,7958 QUAIL BREEZE,,AXTELL,TX,06084-3701
3022708,GEORGENE,SLUTZKER,339 GETTYSBURG RD,,CHINO HILLS,CA,80121-2945
24091537,BARBARA,ZENDEJAS,17337 MOSBAUGH RD,,GLENDORA,CA,65809-3378
54013832,ANNA,DAGOSTINO,651 LA PLACITA ST,,OTTUMWA,IA,76003-0536
112002573,SANDY,SWEETLAND,756 ALTA VISTA DR,,SPRING,TX,33647-3357
110005927,ANN,MARCUS,1853 CHRISMAN TRL,,LEWISVILLE,TX,73120-7747
9904047778,JAN,MARTIN,3353 S SALIDA WAY,,MOREHEAD CITY,NC,28405-4308
122000802,DANA,JOHN,937 ROYAL GLEN LN,,CANYON LAKE,TX,45050-1190
9933010259,KAREN,SWIT,5956 NEWHAVEN AVE,,SPRING,TX,35242-4102
9907016141,CINDY,GREER,53585 BLUE FOX LN,,PALESTINE,TX,75060-6504
9935003852,CANDICE,SHAPIRO,16583 HILLSIDE DR,,PANTEGO,TX,48135-1213
111001863,NANCY,PETERSON,8399 PINE COVE DR,,SPRING,TX,32750-4519
65021230,LASHELLE,PETERSON,5335 MADISON 6513,,FARMINGTN HLS,MI,97229-7929
72003160,NANCY,KEITH,3616 N OAKVIEW ST,,LOS ANGELES,CA,50323-2250
7017024,STEPHANIE,HALE,188 TWIN LAKES DR,,IRVINE,CA,02131-4238
53013343,CARLA,HUSKEY,6783 CYPRESS HOLW,,BLOOMINGTON,IL,06451-6371
67003856,NANNETTE,QUEEN,3855 PROMENADE PL,,WESTLAKE VILLAGE,CA,75071-6446
9945052912,CHRISTIE,CHAPMAN,658 JOHN BROWN RD,,PEARLAND,TX,77382-5905
61009942,ROBIN,GORNEY,585 W KINGSLEY DR,,WINSTED,CT,75075-4737
19029015,GEORGENIA,ADLER,3835 TATERSALL CT,,ESCANABA,MI,80138-8736
9916104584,DEBORAH,GREENBERG,58811 OAK TREE CT,,OKLAHOMA CITY,OK,33186-4921
65023826,JULIE,PIASECKI,57137 E DORADO DR,,PINCKNEY,MI,95678-1212
9935025052,DIANE,SMITH,185 CANDLEWOOD CV,,FORT WORTH,TX,92692-5022
106011209,NANCY,BONE,58585 CAMPBELL RD,,GARLAND,TX,48182-9345
11020381,NICOLE,BULLOCK,56578 515ST TER N,,SAN JOSE,CA,33412-2632
101003545,KEN,MINO,1175 STONES THROW,,CENTERPORT,NY,75009-6462
122003812,PHYLLIS,SNYDER,5558 SEMINARY RDG,,CENTREVILLE,VA,80908-3731
51011162,KATE,HERRICK,51688 NW 36TH AVE,,BELLE GLADE,FL,63011-4419
25024805,ROBERTA,LINARES,1573 DICKINSON DR,,BOYNTON BEACH,FL,91356-4946
106005377,CHARISE,BEEMAN,98 SPRING HILL RD,,COPPELL,TX,32712-2554
2013987,PAULA,KIM,585 ROCKY KNOB LN,,SHERMAN OAKS,CA,48178-8015
113001050,DIANA,CONTRERAS,1386 NW 555TH AVE,,HOUSTON,TX,47119-9398
18021634,JENNEANE,MENDOZA,5388 AMBERWOOD DR,,GREENWOOD,IN,07430-3224
2013915,SANDRA,OLIVER,7515 SEDGEWICK CT,,RANCHO CUCAMONGA,CA,50021-9667
9945046144,LYNDA,EIKANGER,5857 PRESTWICK DR,,ALLEN,TX,01742-1813
72003430,JODI,KING,5551 HILLBROOK RD,,OCEANSIDE,CA,07675-5927
54012655,CHERYL,GRISHAM,5555 ARCHMONT CIR,,DES MOINES,IA,75032-5656
24090804,KYLEE,GLASSCOCK,5178 TURNBERRY DR,,HONOLULU,HI,30004-2797
59013009,KRISTEN,TUCKER,3675 DRIFTWOOD DR,,CHINO HILLS,CA,75230-2027
47016884,LISA,SIDHU,1585 NORTHWOOD LN,,LA GRANGE,KY,37349-0750
9933004209,KRIS,WOJTALIK,13681 SE 153TH ST,,HUFFMAN,TX,46038-8214
31019775,KIM,BOZZO,5863 N ARLISS AVE,,EDEN,NC,75431-0374
59013750,MARY,DOWNIE,9383 TAIDSWOOD DR,,FONTANA,CA,93063-4480
33017282,KENDALL,THOMAS,58915 E BERRY AVE,,SUWANEE,GA,75009-3836
27023072,DAYNA,BLACKWELL,5111 JACKSON BLVD,,SAINT LOUIS,MO,95864-1763
58012034,PATRICIA,CASE,1685 SOUTHLAWN DR,,WESTLAKE,OH,58703-8894
103000922,CHARLOTTE,MURPHY,18359 MONTEREY CT,,CENTENNIAL,CO,80121-3648
54017052,LEEANN,ZIMMERMAN,55855 MATTHEWS DR,,IOWA CITY,IA,71446-9191
9934022034,JANE,EHMAN,55313 SEAHORSE DR,,ENGLEWOOD,CO,73078-9022
9921008941,TERRI,PLATT,183 RING OF ROSES,,COLORADO SPRINGS,CO,73135-4354
6038511,SUSAN,COONROD,53381 538TH PL SE,,PHOENIX,AZ,97225-2564
66004685,DEBBIE,GRAFF,55376 MAJESTIC DR,,WILMOT,NH,75046-0963
9944003207,SYLVIA,STEBBINS,5571 W MELINDA LN,,CONROE,TX,33463-7436
65025348,KARLA,NYE,5787 GLENWOOD AVE,,BRIGHTON,MI,46040-9016
59012805,ALISON,DILATUSH,11851 SE 168TH PL,,LA VERNE,CA,15644-2428
78002980,SHELLY,CANSIVEN,316 WASHINGTON DR,,HUTCHINSON,MN,78229-5223
78002467,ELIZABETH,TENNYSON,3959 STANFORD AVE,,JERUSALEM,AR,46950-9343
9923004722,DAVID,CHRISTIAN,1835 COLDWATER CT,,SAN ANTONIO,TX,22032-2415
83000576,ADELINE,KAZAN,53338 LA FONDA DR,,VALRICO,FL,63050-4314
65023162,JOHN,OBERTING,359 E OAK HILL DR,,FARMINGTON HILLS,MI,80602-8123
58009959,CAROL,MCCLARY,5578 SW 555TH AVE,,TOLEDO,OH,49301-7752
9922001071,DEBRA,HODGES,5373 TWIN LEAF LN,,HGHLNDS RANCH,CO,48393-1306
40048464,MARY ANN,SAUTTER,5888 GREYCLOUD LN,,WINDERMERE,FL,50401-5365
53012909,LORA,CLARK,585 KNOLL PARK CT,,PORTLAND,OR,34974-1127
38035208,DIANE,BRADSHAW,37 WESTMINSTER DR,,STERLING HTS,MI,44512-6462
18020475,JEANNIE,CAIRNS,5556 PALESTINE RD,,INDIANAPOLIS,IN,30084-8459
52017860,MOTOKO,MASOUD,593 CIDER MILL RD,,CENTREVILLE,VA,77070-4065
71007548,BARBARA,LUFT,1759 ALDERLEAF PL,,LIVERMORE,CA,77386-1884
67006436,SONIA,ZAMECNIK,9933 E DIAMOND DR,,VENTURA,CA,32256-9528
124004704,PAM,BENAVIDES,3835 AMERICAN WAY,,ROCKWALL,TX,80112-2461
10021785,ROBIN,KADING,115 COPPERWOOD DR,,WAUSAU,WI,32040-2821
114008178,KATHY,STEVENSON,16555 OROVILLE PL,,HATTIESBURG,MS,78220-1614
83000639,NORMA,JENSEN,3787 WEDGEWOOD CT,,CAPE CORAL,FL,76067-8831
18022108,BEVERLY,DELAZERDA,3853 ABERDEEN WAY,,FISHERS,IN,02540-2638
15079976,KELLI,CORNISH,5757 N DONALD AVE,,S PORTLAND,ME,46236-8568
9942040893,LISA,WYSOCKI,355 SANDLEWOOD DR,,TAMPA,FL,78152-3622
9932040170,PAULETTE,HOLGUIN,358 MUIRFIELD CIR,,MC KENZIE,TN,32159-8578
77000627,BEVERLY,DENLINGER,51553 HIGHBURY CT,,NORTH LITTLE ROCK,AR,50323-2442
9907007925,KATHY,BERNER,53 PEACHBROOKE DR,,FRISCO,TX,76092-0481
9917135998,KELLY,BUCHER,8117 539TH AVE SE,,FORT DENAUD,FL,30097-3001
59014645,BARBARA,JOFFRAY,1178 RIVERSIDE DR,,ENCINITAS,CA,28547-1223
9938003411,MAUREEN,PARKS,5751 CLEARVIEW DR,,BRIGHTON,CO,85254-2330
115000554,ALBERT,TEDESCHI,631 BRIDGEVIEW DR,,MUSTANG,OK,80015-3927
12013438,MARIA,TAYAMURA,6517 LONE STAR LN,,Issaquah,WA,78023-4087
9903004067,CHRISTINA,SMITH,6885 WESTFIELD CT,,EDMOND,OK,45320-8625
9945057614,DEBRA,WALKUP,51355 POST OAK CT,,DALLAS,TX,37129-1518
9906040342,SARA,BARBER,7138 COVENTRY CIR,,MANSFIELD,TX,75069-1532
70001010,ADRIENNE,PARKER,16516 WESTWOOD DR,,HILLSBORO,OR,06107-3051
25029377,BRITTANY,RYLAND,16881 MISSION BLF,,LAKE WORTH,FL,92220-1845
9937023469,JENNIFER,DONALDSON,1515 CATALINA WAY,,GREENVILLE,TX,75033-7994
9936025372,LAURA,STANLEY,596 S LONGVIEW PL,,EULESS,TX,77619-5737
9932038057,ANITA,BLOCK,7888 PINECREST CT,,NASHVILLE,TN,43558-9541
9026771,CHERYL,GROSSMAN,9359 Lincoln Blvd,,SCOTTSDALE,AZ,80111-4412
7017134,FABIOLA,LACHAPELLE,5337 BUTTERFLY CT,,NEWPORT BEACH,CA,93065-0895
75001126,LINDA,GAUBATZ,3515 RIDGEFORD DR,,ROGERS,AR,06475-2321
77004753,EMILY,BENSON,9933 SUNFLOWER LN,,NEW YORK,NY,90250-5992
61009559,KIKI,CLARKSON,5859 WOODRIDGE RD,,WEST HARTFORD,CT,76052-3820
105005964,CAROL,MANSDORFER,18885 COLGATE CIR,,GRAND PRAIRIE,TX,43560-9287
44011675,MARY JO,ABLE,3558 IRONWOOD FLS,,BALLWIN,MO,77380-1076
115005315,BEVERLY,MUELLER,5615 RICE HILL CT,,HOUSTON,TX,79424-8427
40050702,PAM,LANE,58758 KIPLING WAY,,VERO BEACH,FL,01532-1157
38039495,HARRIET,RIGBY,555 W FAIRMONT DR,,CLINTON TOWNSHIP,MI,76179-5175
9914009702,ANN MARIE,GRIFFIN,58855 BRADLEY CIR,,HOUSTON,TX,27541-8326
66003227,BARBARA,MCDONALD,83 GREAT BEAR WAY,,FALLBROOK,CA,92883-0831
28013836,KRISTIN,TURVEY,8568 DUNBARTON CT,,ALPHARETTA,GA,94041-1656
125000743,PATTI,RICHARDS,58758 ALYSHEBA DR,,KELLER,TX,80906-2518
18022932,CHUCKIE,KEARFUL,539 SUMMERTIME DR,,INDIANAPOLIS,IN,06119-1179
49013922,PATTI,NELSON,3689 HACKBERRY LN,,MEMPHIS,TN,95136-1513
18017585,MICHELE,JOHNSON,589 RIVER PARK CV,,PENDLETON,IN,78266-2776
47019723,AMANDA,WALTHER,1783 COASTLINE DR,,LOUISVILLE,KY,77546-4249
3026050,JODI,BARNETT,9558 PRINCETON ST,,ONTARIO,CA,32082-3660
103001534,MADALYN,LIVESAY,55 ROGERS ST PH 5,,CENTENNIAL,CO,06795-1738
106008057,CYNTHIA,RODRIGUEZ,3511 DANIELSON DR,,COPPELL,TX,32958-3517
23042426,JAMIE,DENOVE,5353 SHORESIDE DR,,VENICE,FL,06118-2900
9910154455,NANCY,NORTHAM,931 W SARAGOSA ST,,MONROE,LA,80135-8507
115004961,MARIA,SLATER,3393 E ORCHARD LN,,PIEDMONT,OK,39402-3010
54015869,NEOMA,HABUSH,5333 S GAYLORD ST,,OSCEOLA,IA,90604-3629
115001099,HAZEL,RYAN,3615 BRADFORD HTS,,EDMOND,OK,75455-5866
72006689,JANELLE,MANDESE,8516 SETTING MOON,,WAKEFIELD,MA,83858-6646
101003190,CLYDENE,NICHOLS,5551 LOST LAKE DR,,NASHVILLE,TN,02030-1611
19024714,BECKY,MYERS,53655 GLYNSHEL DR,,HINSDALE,IL,75114-2311
999000163,ELIZABETH,RODRIGUEZ,3531 FAIRFIELD DR,,KELLER,TX,33928-3262
39039071,JO,MACIAS,1888 HILLCREST ST,,NEPTUNE BEACH,FL,76016-4126
9933003638,CARLA,KAY,953 BIRCH HILL ST,,CONROE,TX,77059-2807
9943042150,CAROLE,HOGE,38 Bretton Rd # 5,,SPRING,TX,48917-1287
30011574,CAMILLE,BUSOCKER,1559 HAVERFORD RD,,AIEA,HI,78254-5943
6047403,MARTHA,GUIZAR,1958 GREEN RUN LN,,DANA POINT,CA,76108-9468
114006818,JOSELYN,COYLE,53575 W EVANS CIR,,DANVERS,MA,91403-5041
66005593,AMY,BACHMAN,3355 AMBERWOOD LN,,MISSION VIEJO,CA,77386-2302
9917138099,SHARON,BRUNNER,6655 PATTERSON CT,,NEW BRAUNFELS,TX,37010-0170
75001290,KAREN,DILLINGHAM,3351 GUILDHALL CT,,ROGERS,AR,34276-4182
64008750,CHRISTINE,MCDONALD,1886 TRAILVIEW CT,,LITTLETON,MA,46032-5191
9908005660,KATHY,STAVISKY,3 GLEN RD APT 316,,BATTLE GROUND,WA,33324-7201
59015000,KIM,ONEAL,5113 E EVERETT DR,,UPLAND,CA,33920-3239
78001873,MELINDA,EKLAND,1688 WILD IVY TRL,,RECTOR,AR,33556-4765
39036462,DEBBIE,SCHAFFNER,155 HUTCHINSON RD,,WEST PALM BEACH,FL,42722-9409
9942048218,ANN,BARBERE,958 W ANDERSON ST,,ROSHARON,TX,33573-4435
9917135899,SUZY,SCOTT,735 NEW MEXICO CT,,WINDCREST,TX,60007-2859
39040675,CINDY,GRAHAM,55886 STEERMAN ST,,JUPITER,FL,46112-8311
9903000745,STARLA,CAMPBELL,59561 NW 89TH AVE,,Conroe,TX,76063-2511
9923008427,SUSAN,VANLIESHOUT,5515 SHOREVIEW DR,,SAN ANTONIO,TX,27205-2449
115006961,RITA,MCCLUSKEY,688 LITTLE FOX LN,,ARDMORE,OK,77449-6620
9936029044,MARY KATHLEEN,TARLTON,3359 BUCKHAVEN DR,,BREMOND,TX,22079-2963
58011147,KELLEY,HAMM,3796 SURFSIDE CIR,,NORTH BALTIMORE,OH,80231-7622
12015027,ROBIN,GALLATIN,585 CLEAR LAKE LN,,NORTH BEND,WA,97124-4134
109002161,MELISSA,PRADON,385 BELL STAR CIR,,DADE CITY,FL,75074-3416
18022697,KAY,DASTOLI,3156 MELLINGER RD,,INDIANAPOLIS,IN,76034-4644
77000033,HELEN,VANCE,6335 INVERRARY DR,,CLIFTON,NJ,85641-2083
9934021753,MELISSA,BURSON,151 BAKER PARK DR,,CENTENNIAL,CO,80122-1100
40047165,LISA,RUGLAND,389 PLATT HILL RD,,ORLANDO,FL,97219-1518
20015256,GAIL,CHILTON,953 CHERRY BUD DR,,HARRISONVILLE,MO,75013-4723
50019632,MICHELLE,DEWOLFE,55313 LA VALLE ST,,NEWTON,NJ,91739-9126
120003900,PAM,ARCHER,11787 NE 531ND PL,,SWINK,CO,33706-3939
25029751,JANINE,NEUBERGER,5619 BUTTERCUP LN,,MISSISSAUGA,ON,85140-7987
118001420,TINA,BUNTING,1889 BROADLEAF DR,,RISON,AR,77099-4112
12014367,KIMBERLY,BASH,381 S OKLAHOMA DR,,CLYDE HILL,WA,75214-1843
5021002,SUSAN,PEARSON,3985 ROCKCREEK LN,,VACAVILLE,CA,80018-6061
60012322,SADIE,COOPER,13386 TOTUAVA CIR,,WETHERSFIELD,CT,76092-7207
65024514,BRIDGET,MASSEY,1313 FAWNLAKE TRL,,SOUTH LYON,MI,73013-1139
47020455,JULIANN,TATE,3158 AMBERWOOD LN,,LOUISVILLE,KY,63341-1701
2014915,JEANNETTE,CHEATHAM,86 GREEN MANOR RD,,PORTER RANCH,CA,60173-5417
9914016754,VICKIE,PEARSON,781 SUMMERGATE CT,,HOUSTON,TX,77384-3500
9942040698,JODEE,WEBB,5588 ROBISON RD W,,SPRING,TX,44685-6204
68004874,KAREN,NORRIS,8175 OAK BLUFF RD,,SAN DIEGO,CA,50266-7227
65022185,PAT,MCMURREY,536 S MADISON AVE,,EASTPORT,MI,76202-3006
78000684,SONA,HARRISON,358 KRENWINKLE CT,,JOPLIN,MO,76210-3140
9934012496,ROBBIE,SELLZ,5913 BLAZEWOOD ST,,GREELEY,CO,75067-3811
9942045978,ELLEN,NIXON,958 MEADOWGATE DR,,PEARLAND,TX,80538-2078
64006478,LINDA,TROUTT,3581 HARBINGER DR,,NEEDHAM,MA,80005-3626
9916121363,KRISTIE,CHRISTY,3635 VENETIAN WAY,,EDMOND,OK,93063-5304
25021944,JOAN,HATHAWAY,5686 LAKESHORE DR,,LOXAHATCHEE,FL,77354-6256
999002175,SARAH,RICHARDS,5578 BEAR CLAW LN,,KELLER,TX,32162-3717
9908006096,PAULA,MORGAN,7593 EDINBURGH DR,,THORNTON,CO,07652-3318
14016639,STARLETTE,MILLER,3735 S MARION WAY,,LAGUNA NIGUEL,CA,76244-7433
9937028940,KIM,WOODMAN,3585 E BEVERLY LN,,SPRINGDALE,AR,98115-5140
72005346,JAN,CATLIN,5853 SIGNATURE CT,,REDONDO BEACH,CA,73130-4120
9915068607,TAIRE,HUGHES,5863 HAWKWOOD WAY,,IRVING,TX,90045-2841
71002758,KARRIE,WEISBERG,1519 WESTGATE AVE,,SIMI VALLEY,CA,91104-4114
25029571,JENNIFER,SMITH,515 N RINGGOLD ST,,DELRAY BEACH,FL,63090-5767
9914016404,SONJA,FULKERSON,8886 BROOKVIEW DR,,HOUSTON,TX,77379-6571
111003962,PAM,CARPENTER,987 S OAKBROOK DR,,PEARLAND,TX,91324-4011
9942050348,STACEY,RIEHL,1583 GREENVIEW LN,,WEBSTER,TX,37353-5481
44010069,CONSTANCE,ROBIDOUX,583 DEERWOOD OAKS,,BALLWIN,MO,06117-1143
50018491,LORI,DAMAN,3389 DRIP ROCK DR,,LEBANON,NJ,75093-4030
9937021500,MARY,HENERY,51383 BARBIZON DR,,PORT ARANSAS,TX,06084-2405
30010050,NANCY,FLEMING,9889 WOODLANDS DR,,DARRINGTON,WA,74864-4565
115007673,PAM,VERGARA,56818 HEDGEWAY DR,,MOORE,OK,79360-4123
114005378,ALAINA,WILSON,13158 57TH AVE SE,,SNYDER,TX,81077-0401
124004003,HEATHER,WREN,6385 LONE PEAK DR,,MURPHY,TX,77505-2924
120004873,CATHY,FOUST,55558 WILSON OAKS,,TUCSON,AZ,80017-6397
61008832,JANET,HARRIS,5113 HIGHCREST DR,,ORLANDO,FL,75126-8965
64010222,TRACIE,FAHRION,9989 NORTHGATE DR,,WESTON,MA,87401-7538
78001572,ELENA,SMITH,1333 RICHDALE AVE,,HOUSTON,TX,98292-9335
40051375,ARDELIA,GRIFFIN,59835 NORWOOD TER,,WINTER SPRINGS,FL,75474-5252
18019654,SANDRA,HAHN,58831 OAK TREE CT,,NOBLESVILLE,IN,77005-1951
54013361,DENISE,TURNER,657 E REINDEER RD,,WATERLOO,IA,76017-0559
77001862,MEGAN,SMITH,55358 WINGED FOOT,,WOODCLIFF LAKE,NJ,77573-1745
9933024038,TONIA,KRAMER,6765 COLUMBIA AVE,,SPRING,TX,46278-1565
115006998,SHERI,BECHSTEIN,5311 SE WAYWIN DR,,EDMOND,OK,85043-4800
124004998,CARLA,WILLIAMS,5953 SE KORONA DR,,PRINCETON,TX,48116-9759
9943049961,SHERYL,TWINING,38115 WESTLAND ST,,SPRING,TX,60004-2847
121000258,SHANNON,DAY,653 CLOVERDALE RD,,ARVADA,CO,76078-0029
9917125757,LAURA,BOLES,5353 W CULLOM AVE,,SAN ANTONIO,TX,43026-8099
70002580,DENISE,LUCHETTA,38158 FAIRWAY ASH,,HILLSBORO,OR,91361-1951
9922004743,LEIGHANN,HERNDON,3533 SHAVANO PEAK,,LAKEWOOD,CO,75407-6754
9907001571,JULIE,ZIKMUND,53 BEAVERBROOK RD,,THE COLONY,TX,91423-1651
9906032695,KIM,VARDEL,31958 ILLINOIS ST,,BURLESON,TX,91362-1314
9908000453,MARCELA,ANDERSON,5719 CHISWELL RUN,,PUEBLO,CO,32223-7118
9943055537,MARGARET,CUNEO,98-779 KAAMILO ST,,TOMBALL,TX,76458-0414
82000571,ADRIAN,LIBRIZZI,395 LITCHFIELD LN,,LA MIRADA,CA,76086-5100
6044806,CAROL,LIPON,6615 VICTORIA AVE,,MISSION VIEJO,CA,77429-2391
110000296,CHERYL,MCIVER,1389 RAVENWOOD CT,,WEATHERFORD,TX,73116-1813
9917138681,KIM,JORDAHL,6539 CANTRELL WAY,,KINGSVILLE,TX,73142-6067
59013341,JOAN,CHAPMAN,11811 SOMERTON LN,,SAN BERNARDINO,CA,74525-1693
47015674,KIM,HUGHES,5558 WOODWORTH DR,,PEWEE VALLEY,KY,79521-3633
60011976,SUSAN,MERRELL,158 S TOMAHAWK RD,,TOLLAND,CT,33152-1522
9920013550,MARIE,FENNER,7688 OAK KNOLL DR,,HELOTES,TX,73099-8137
60012568,MICHELE,SUTTON,5589 ROSEWOOD TRL,,AGAWAM,MA,75070-7268
9935003513,BERTHA,BROWN,8585 PARKSHIRE CT,,GRAPEVINE,TX,76137-6898
75000531,IDA,SCHIRMER,638 DOE CREEK CIR,,BENTONVILLE,AR,37027-8491
74001861,SUSAN,ENNACO,5531 SHADOWOOD LN,,FORT MYERS,FL,30092-1018
71008751,LINDA,STARKS,9565 W 589TH ST S,,MOORPARK,CA,79768-2971
30010273,JANICE,IBARRA,785 N HIGHLAND ST,,SHORELINE,WA,74014-4188
9926001853,JENNIFER,GONZALEZ,53789 HILLAHAY DR,,LEHI,UT,72117-5384
9911003884,SUSAN,COCO,5635 AMERICAN CIR,,ALEDO,TX,75032-5930
124000927,JOY,TURO,9658 FALLBROOK DR,,GARLAND,TX,78249-1582
107006228,FAYE,WEYMAN,3557 BON HOMME RD,,TUCSON,AZ,07646-5202
9905013777,REBECCA,BECKHAM,5573 HATTERAS CIR,,DECATUR,TX,76065-6345
44010025,MARCELA,PANOSIAN,383 FIELDCREEK DR,,FENTON,MO,30338-5018
25027836,VANESSA,ZNOJ,5888 SE 535ST AVE,,BOYNTON BEACH,FL,78249-4648
122002399,VON,ZAHLIT,1387 WOODSBORO DR,,SAN ANTONIO,TX,78240-2619
9936020622,DIANE,HUGHES,55 SHODDY MILL RD,,GRAND PRAIRIE,TX,75165-9193
63005992,ELIZABETH,SMITH,58835 CHESTNUT ST,,FERNANDINA BEACH,FL,80831-7967
18018532,KARI,DUCKWORTH,17568 GLENWOOD DR,,FRANKLIN,IN,76063-5344
103002531,LESLIE,MERCER,5113 MULLBERRY CT,,ENGLEWOOD,CO,75002-5453
121002721,ROBIN,GORDER,5569 GREENVIEW CT,,LAKEWOOD,CO,80127-4460
18022538,JULIE,JACKSON,583 GOLDENRAIN DR,,INDIANAPOLIS,IN,92647-6629
58011611,HAPPY,SANCHEZ,9555 S FLOWER WAY,,WILLARD,OH,73048-8406
65025963,MAUREEN,GRIGGS,585 CHARLESTON DR,,HOWELL,MI,91325-4424
9930012046,ROXANNE,JEPSON,7858 CORAL ELM DR,,OKLAHOMA CITY,OK,97133-8352
82000087,DARLENE,CAVANAUGH,1558 PENINSULA RD,,CORONA,CA,77320-1616
9932008447,NANCY,ARNALL,58511 W SAMPLE RD,,OLD HICKORY,TN,75070-8371
59010292,DARLENE,FAUSER,9818 FALLSWOOD LN,,ALISO VIEJO,CA,33406-5637
52019129,STEPHANIE,BULLARD,15558 BALMORAL PL,,ASHEVILLE,NC,94043-4902
56008143,TERRY,HOLT,9858 GREENLEAF DR,,SHARON,MA,63011-2234
119000660,SANDRA,LACY,551 MARBLEHEAD ST,,AUSTIN,TX,40056-9134
9934017390,DEBBI,STEELE,1159 WESTSHORE LN,,BEND,OR,78624-1919
40050363,BOBBY,LIUDZIUS,16171 VALHALLA DR,,CORAL SPRINGS,FL,73120-5726
9907002719,KATHY,VREELAND,5985 NW 537TH TER,,MANGUM,OK,32259-5271
9912008246,JANET,COGHLAN,5758 WESTFIELD ST,,HOUSTON,TX,32244-4271
9942045604,SONYA,CRIVELLI,5589 KNOB HILL DR,,FRIENDSWOOD,TX,34997-2538
9907005707,JOAN,MULLENIX,5187 WILLOWOOD RD,,PLANO,TX,80021-6013
63011169,BO,SULLIVAN,53658 FLATHEAD RD,,JACKSONVILLE,FL,72021-2222
9901043802,CAROL,GATZIMOS,58565 515TH AVE N,,GARLAND,TX,77027-5522
9907000272,SHARLA,ROSE,3191 CRABAPPLE CT,,CORINTH,TX,76248-5400
9919010964,NINA,BROWN,715 S OAKWILDE DR,,SUGAR LAND,TX,92679-1123
75000496,CHERI,WALLJEFFRIES,383 STRICKLAND ST,,GRAVETTE,AR,76015-2121
68005301,LAURIE,SANBERG,889 ESTES PARK CT,,ENCINITAS,CA,30066-7809
106010509,DEBI,CLAPP,1355 HANNOVER WAY,,LEWISVILLE,TX,82513-1600
63008968,JANINA,SMITH,59188 583TH PL NE,,JACKSONVILLE,FL,98168-2255
77002215,TINA,CHERRINGTON,5583 E DOGWOOD LN,,WEST ORANGE,NJ,34135-8329
123003089,PAMELA,THROCKMORTON,3553 COLLONADE DR,,LIVE OAK,TX,75182-9420
63009275,BEVERLY,TORRES,5657 PALISADES DR,,DAYTONA BEACH,FL,76161-0005
9904040195,BARBARA,MATTHEWS,3179 HERITAGE CIR,,CENTENNIAL,CO,80132-8213
30011759,TERESA,DYER,3788 N HIGHWAY 77,,LYNNWOOD,WA,77536-6249
9908007798,MARIA,MCNEVIN,56686 HIBISCUS LN,,LOUISVILLE,CO,01749-1218
5025292,KATHERYNE,GAY,5583 SUNDANCE CIR,,DUTCH FLAT,CA,75238-1554
22019350,LISA,WILSON,37-688 ALAWIKI ST,,COLUMBUS,OH,92637-2851
9943048697,CAROLYN,KARSCHNER,6517 BIRCHMONT DR,,MAGNOLIA,TX,80433-1531
123000449,DEBBIE,PAULSELL,7611 S MONACO WAY,,SAN ANTONIO,TX,75181-4289
9935025533,SUE,REESE,3553 SANDPIPER LN,,WILMINGTON,OH,47648-8050
9922002164,TERRY,MURPHY,5933 ARROWHEAD DR,,ARVADA,CO,76133-4311
122003805,ELISE,AKERS,1759 COOLEEMEE DR,,SAN ANTONIO,TX,76028-5224
9917131224,CATHERINE,BAKER,881 DEERCREST CIR,,SAN ANTONIO,TX,06010-5588
77005010,LAURA,CREAGER,58883 OAKLEAF WAY,,KINNELON,NJ,02649-3417
9907043026,LINDA,MARTIN,1878 HAWTHORNE DR,,BENTONVILLE,AR,33028-2610
2014175,KATHY,DOHM,53988 GUNNISON CT,,LOS ANGELES,CA,49346-8924
46023395,PHYLLIS,SCOTT,356 E THEODORE LN,,KENNETT SQUARE,PA,93021-3017
122002307,ELIZABETH,HOOPER,6557 E LOOKOUT DR,,SAN ANTONIO,TX,33418-1716
32013635,CYNTHIA,WILLIAMS,3731 WHITEHALL LN,,FORT WAYNE,IN,34986-2010
9930014744,PAM,GONZALEZ,587 CHARLAND FRST,,ENNIS,TX,77381-4419
60012329,JENNIFER,PAULES,5983 BROOKTREE DR,,NEW HAVEN,CT,32244-5543
9942049214,NANCY,MASCIOPINTO,5311 OLD BROCK RD,,HOUSTON,TX,78015-6555
5024854,LAVONE,CAUL,5717 PARKLAKE VLG,,SACRAMENTO,CA,77388-5754
9935000676,PATRICIA,MUFFLY,3375 BLACK OAK LN,,AURORA,CO,33898-7420
11020167,JERI,VANDYKE,655 LAKE POINT DR,,SAUNDERSTOWN,RI,33478-5301
58010822,BRIAN,BOSLEY,1818 MOONSTONE VW,,MONCLOVA,OH,76161-1433
28014433,CLAUDETTE,EBERLE,3365 CRANSTON CIR,,RIVERTON,UT,95762-7694
9911004892,PEGGY,PIPPIN,11155 GOLFVIEW LN,,STEPHENVILLE,TX,95008-1923
26019880,MARY,WIRTH,55753 MERIDIAN DR,,CHANDLER,AZ,64024-1643
9919014703,LORI,WHITE,658 UNIVERSITY DR,,FORT SMITH,AR,71270-2435
52017103,JOE,COTE,385 MONTERREY TRL,,JEFFERSONTON,VA,75025-4244
77001709,MARY ANN,SIMNACHER,13333 SURFSIDE RD,,TENAFLY,NJ,78254-5514
114000455,KAREN,GRAVENSTRETER,5988 HOMESTEAD RD,,DALLAS,TX,06074-1857
9915005862,NICOLE,POLLARD,855 MANDOLIN WIND,,RALEIGH,NC,72080-8352
110004913,CARNETTA,SANTOPOLO,3989 PRESTWICK DR,,FORT WORTH,TX,06032-1548
40041199,KATHLEEN,LACOSTE,58651 E KEATS AVE,,DAVIE,FL,75243-7229
59012107,MARYELLEN,RUDDELL,918 E CAROLINE ST,,MESA,AZ,75168-0623
23042114,ANNE,REYES,6933 NW 533RD TER,,GLENDALE,AZ,75007-2302
18021877,CAROLA,SCHAAF,1753 BROOKWOOD DR,,FORT WAYNE,IN,78259-2043
114007818,REBECCA,WOLFSON,3185 FRANKLIN AVE,,BOSSIER CITY,LA,08889-4037
9904047992,BETTY,SCALISE,6375 S ZENOBIA CT,,DURANGO,CO,60004-2819
121001046,JERRI,SCHULER,5 MARSH MILLET CT,,DENVER,CO,02038-2702
124002143,JANET,ALDRICH,5835 EVERGREEN DR,,GARLAND,TX,85249-4571
125002973,CYNTHIA,DEAN,6173 KERRYDALE DR,,KELLER,TX,72765-1446
6039276,CHRISTY,MARKS,55313 BAYBROOK DR,,MISSION VIEJO,CA,07630-1742
19027313,RHONDA,CARTER,1388 OAK PARK WAY,,SCHAUMBURG,IL,75025-2455
40049206,KELLY,PARSONS,3383 SCARSDALE PL,,CLERMONT,FL,76016-3637
54014395,SALLIE,WRIGHT,33 LITTLEBROOK LN,,WEST DES MOINES,IA,06027-0239
60010825,CHRISTINE,NEWMAN,3533 MULLIGAN WAY,,MANCHESTER,CT,07470-4165
47019135,SUE,FALSETTO,1 SERENE CREEK PL,,PROSPECT,KY,77388-5348
9936021751,ANGELA,EDELEN,13588 ROSELAWN DR,,ARLINGTON,TX,92840-1848
39036564,CATHY,WRIGHT,1658 SIMS COVE LN,,PALM CITY,FL,73159-7731
6043613,MELISSA,BRODEUR,53689 SARATOGA PL,,LAGUNA NIGUEL,CA,76063-2699
39038089,JERRI,SWIFT,5956 SOUTHMOOR LN,,JUPITER,FL,78249-2064
9945063092,RAEANN,CONLEY,688 CHEOY LEE CIR,,DALLAS,TX,07649-1835
9923005890,EILEEN,DICKAU,53651 BASSWOOD DR,,SAN ANTONIO,TX,95630-8557
63006718,SHIRLEY,LOOKADOO,57538 533RD TRL N,,SAINT AUGUSTINE,FL,94402-4011
106012510,DERRIL,TAYLOR,6855 HARDROCK CIR,,GEORGETOWN,TX,73165-7336
10022526,KIM,BARNES,38 RIPLEY HILL RD,,AURORA,CO,32724-2589
40038604,SUSAN,MELSON,588 GREENBRIAR LN,,WINTER GARDEN,FL,75225-0670
9942045601,PATTI,CRAM,3369 VALENCIA AVE,,LEAGUE CITY,TX,78064-3980
9923010608,SUZANNE,SCOTT,735 NEW MEXICO CT,,WINDCREST,TX,60007-2859
9902014000,ALISON,UNREIN,5595 VAN GOGH WAY,,NASHVILLE,TN,80922-1835
120005412,ANGELICA,DAVIS,3633 PINEHURST CT,,COLORADO SPRINGS,CO,80122-3247
60012363,DENISE,LAISLE,3633 SAILFISH AVE,,SOMERS,CT,07661-1026
65024331,HOLLY,PASQUARELLA,688 N MCDONALD ST,,WEST BLOOMFIELD,MI,60169-1918
105005198,KIMBERLY,MITCHELL,1589 BRIARGLEN DR,,LANCASTER,TX,90230-5118
9916106299,SOCORRO,HANSEN,5351 LOMA ALTA PL,,NORMAN,OK,74571-0833
65025686,LONNIE,DARRESS,798 OAK HOLLOW LN,,WEST BLOOMFIELD,MI,01748-2305
60012105,SHARON,GRUBER,68 MATTABASSET DR,,SOUTH WINDSOR,CT,72602-2658
38038756,LAURIE,WILLIAMS,711 SANDERLING DR,,MONROE,MI,34208-1740
9945061593,EDNA,CHISUM,58586 SUNRIDGE DR,,WINONA,TX,75034-2107
20012838,KELLY,WALTON WATERS,538 RIVER BEND DR,,SHELDON,MO,76060-5834
9915069518,VICKI,TILLIS,3718 SEVENOAKS DR,,GARLAND,TX,37216-3627
115008530,SHARON,SCOTLAND,7138 N OLCOTT AVE,,MIDLAND,TX,85383-5186
63011216,TINA,LOVETTE,5339 W ROXBURY PL,,SAINT JOHNS,FL,77304-3400
65022934,TRACIE,ESSIG,515 WEATHEREND CT,,NORTHVILLE,MI,77381-5121
9906033727,BETH,LEDERMAN,5373 OLD BROCK RD,,MANSFIELD,TX,79756-5801
124003685,AMBER,WHITE,38399 PAISLEY CIR,,GUN BARREL CITY,TX,77581-5287
9933005138,CRAIG,VASQUEZ,58885 E EASTER PL,,MONTGOMERY,TX,06001-4523
9938004438,JOANNE,MACHAEL,3561 N ASHTREE ST,,LAFAYETTE,CO,50131-1056
65026510,LANA,HAYES,11153 LEADWELL ST,,GRAND RAPIDS,MI,91024-2100
83000078,ANNETTE,TAYLOR,3813 TEAL FERN CT,,FORT MYERS,FL,75094-4330
114000052,GINA,LOGAN,9581 BRIGADOON ST,,HARLINGEN,TX,48375-5108
115003561,LINDA,WIGGINS,358 SLAUGHTER AVE,,EDMOND,OK,75089-8606
1023919,ANGELA,PONTIFF,36 HEARTHSTONE DR,,ENCINO,CA,91737-7909
107007185,MELODY,BARNES,55186 W HAWAII PL,,GOLDEN,CO,91739-1815
102003637,LYNN,ELLERMAN,8318 VINE WOOD DR,,SPRING,TX,06070-2746
19027452,GAIL,FISHMAN,1569 NE ZANDER CT,,ARLINGTON HEIGHTS,IL,37152-0491
18022746,ROXANNE,RETHERFORD,3553 GREY DAWN DR,,GREENWOOD,IN,02476-4451
39041352,NANCY,MCGINNIS,7889 LITTLEMAN LN,,STUART,FL,67054-2202
9913061722,GENIA,KELLER,3986 MELALEUCA LN,,HOUSTON,TX,92637-2670
22020943,JUDY,JONES,53738 RAMHURST DR,,PROCTORVILLE,OH,77388-6203
9942050400,LINDA,JONES,1383 CRAYCROFT DR,,LEAGUE CITY,TX,75231-4814
63004944,SUSAN,FINN,5988 RANNOCH TRCE,,LAKE CITY,FL,78052-1389
61010285,LAURIE,GILB,5381 THIBODAUX DR,,CHICAGO,IL,33021-4564
9917124591,CAROLINE,GRAY,58889 SW 35TH AVE,,SAN ANTONIO,TX,67205-2422
9923003127,MARY,BROOKS,55656 NW 553TH ST,,SAN ANTONIO,TX,80241-3022
68000907,SUSAN,NORDEN,5685 NW 579TH TER,,RCHO SANTA FE,CA,76837-0216
78002902,CINDY,CLARK,3865 PETER PAN DR,,OZARK,MO,77042-1540
9909171880,LISA,SHIELDS,3151 BLACKBURN ST,,FAYETTEVILLE,AR,75009-0124
19028831,DAWN,ROACH,5988 N ROAD 388 W,,ALGONQUIN,IL,91423-3302
106006904,DIANE,PENA,5585 HAWKSHEAD LN,,AUBREY,TX,06320-2735
61006775,DEBRA,CLANTON,58785 EVONDALE ST,,COLEBROOK,CT,20155-3041
58010694,RHONDA,COLAPINTO,919 NW COLBERN RD,,HOLLAND,OH,91745-4538
118003707,SHANNON,DUNHAM,355 MONTICELLO RD,,LA PORTE,TX,91709-6011
9938015048,ALFRED,POLLY,5915 CROWNOVER CT,,VINTON,VA,92880-3932
9916127216,RONA,KRONAWETTER,5858 WESTCREEK LN,,MENLO PARK,CA,06107-1623
101002267,ROSIE,DEGARMO,589 CANDLEWICK RD,,HUNTSVILLE,AL,60640-7183
83001070,CHERYL,BURRESCH,5795 MARSHSIDE DR,,FORT MYERS,FL,75460-4897
1024764,COLLEEN,STONER,35651 VIA MADONNA,,MEDWAY,MA,94401-2307
31015949,ELSIE,MCLAIN,5516 SUNFIELD AVE,,RALEIGH,NC,91701-8614
63008645,LINDA,WISE,55613 MEHERRIN DR,,CALLAHAN,FL,77306-5714
121000221,JULIE,BOX,35351 PASEO DIOSA,,LAKEWOOD,CO,92129-2185
115006611,YVONNE,ESPOSITO,6918 MEDALLION DR,,SHAWNEE,OK,76092-3631
9911002224,SUSAN,CLARK,785 HILLWOOD BLVD,,MANSFIELD,TX,76051-4264
9944003289,MICHELLE,BATTS,1158 PINE WOOD RD,,SUGAR LAND,TX,91709-1030
5027170,GEORGETTE,PODSIADLY,53569 NIGHTSKY DR,,MEADOW VISTA,CA,73162-6803
50020202,KATHY,MOORE,5859 BRENTWOOD ST,,BERKELEY HEIGHTS,NJ,75603-9526
61006968,DEB,WILSON,117 EARLY WYNE DR,,BURLINGTON,CT,06057-2817
9925001343,DUB,SUNDERMAN,11337 HILLSIDE DR,,MIDLAND,TX,01778-4412
9941105230,SUSAN,SANCHEZ,7558 SW LAUREL ST,,TEMPLE,TX,78023-0333
50021043,KATHEE,WILLCOXON,55988 TILBURY WAY,,WHITEHOUSE STATION,NJ,99511-1035
65025845,MICHELE,STEELE,58988 CARRIAGE LN,,WOLVERINE LAKE,MI,83642-7408
106002398,KELLY,BAILEY,56657 KINGSLEY RD,,THE COLONY,TX,92660-3619
9908002131,ROBBYN,RINDER,357 YORKSHIRE CIR,,ARVADA,CO,07677-8237
122001382,VICKI,FALKNOR,381 GREAT BLUEOAK,,DEL RIO,TX,85050-8564
9942049683,ROSEMARY,BLACKBURN,5385 PINEWOODS LN,,BAYTOWN,TX,93065-0619
9903004148,LINDA,WEBB,1715 BROOKSIDE LN,,SPRING,TX,75068-2864
112002293,SARAH,SCHRAMM,36-358 NAHEWAI ST,,Magnolia,TX,48390-1149
9917115985,LESLIE,PANG,35955 MOUNTAIN LN,,LUFKIN,TX,79520-2807
5027444,CAROL,PITTMAN,558 MOSSEY OAK DR,,CITRUS HEIGHTS,CA,32765-8438
125000153,DEBORAH,MELAND,5815 BEN HOGAN DR,,KELLER,TX,77340-2475
71004555,LAURIE,JONES,3181 PERSIMMON LN,,SIMI VALLEY,CA,07020-1562
126002209,AMY,TYPNER,7553 COURTSIDE DR,,PLANO,TX,78016-3243
78000380,MICHELE,ROLLINS,335 WOODCREEK CIR,,CARTHAGE,MO,85266-6784
9930003487,SALLY,MCINTOSH,383 ELDERBERRY DR,,BEDFORD,TX,77385-3592
106007048,DONNA,CONTRERAS,1538 HILLSBURY RD,,LITTLE ELM,TX,80021-3667
9903037022,KAY,CORCILIUS,3697 ROUNDTREE DR,,CONROE,TX,46032-5285
9903001860,SUSAN,PAULLIN,6118 CIMMARON TRL,,SPRING,TX,80516-7511
123003979,CARRIE,HUDSON,1957 TRAILWOOD LN,,ANNANDALE,VA,91361-5801
3027470,THIA,GARMAN,185 SUN SEASON RD,,WHITTIER,CA,76446-5604
101001250,VICKI,MCDONALD,3187 MILLBROOK DR,,CHATSWORTH,GA,97034-3921
9923009179,JANE,POLLOCK,9517 MILLBROOK DR,,SAN ANTONIO,TX,32256-1818
9934020943,ELANA,VANDYKE,585 CHERRY OAK LN,,SPRING,TX,78154-3838
9921003340,BECKY,MCKONE,15 MEADOWVIEW TER,,COLORADO SPRINGS,CO,06071-1557
106008416,TOM,ENGLE,871 PARKVIEW PL W,,LEWISVILLE,TX,48111-1814
44010021,MYRA,EDDY,3636 PINEBLUFF DR,,SAINT LOUIS,MO,85382-1011
63010804,SHERRY,NUSSBAUM,135 JEFFERSON AVE,,JACKSONVILLE,FL,33463-6537
9945060536,EVELYN,LUCERO,5587 ENGLEMANN CT,,DALLAS,TX,43068-6786
9934011664,JANICE,WITTENBERG,3138 S KENDALL ST,,ENGLEWOOD,CO,98004-3230
18018843,LISA,AMBROSE,3188 S 599TH ST W,,INDIANAPOLIS,IN,46077-7743
9913061377,MARION,LITTLE,556 BULLINGHAM LN,,COLORADO SPRINGS,CO,75087-3250
66003583,BRENDA,KLOTZ,931 SPRINGDALE DR,,ORANGE,CA,80027-1231
61010155,JOANNE,ALLEVATO,53639 BRYNWOOD LN,,CANTON,CT,79529-0156
9933016253,MARY,SPICER,15558 TUCKAHOE LN,,HUNTSVILLE,TX,77388-4164
9923010462,BRENDY,BARTSCH,5615 HIGHWAY 19 S,,ABILENE,TX,78228-2045
9941105813,JOAN,MCEVOY,5589 N BLEDSOE ST,,FORT WORTH,TX,75035-3640
77002731,JULIE,RYAN,1558 PENINSULA DR,,RIDGEWOOD,NJ,81303-6619
26024510,KRISTEN,JOYCE,55963 LONGFORD DR,,SCOTTSDALE,AZ,77503-4144
18021819,JULIE,HAGER,3358 PATTERSON CT,,CARMEL,IN,48178-2046
3027486,SHAKIRA,RUTKIEWIC,55787 SPRING RAIN,,WHITTIER,CA,75701-6145
26021167,SHERRI,TUGGLE,5835 LAKESHORE LN,,MARICOPA,AZ,77005-2703
114008247,JANN,SCALIA,738 W ARBOR DR NW,,DALLAS,TX,77357-3602
9916125063,BRENDA,REED,6783 FLAMEWOOD DR,,OKLAHOMA CITY,OK,20169-2655
102003536,JUDITH,HERRERA,585 W HERRING AVE,,BOERNE,TX,72712-5622
71005674,DAPHNE,SIKES,53835 DANBROOK DR,,CHATSWORTH,CA,92081-9081
119001285,BARBARA,YANG,6563 S VENTURA CT,,ORLANDO,FL,76107-1756
9902012179,MIRIAM,KELLER,3 ENDOR FOREST PL,,MURFREESBORO,TN,73401-0425
3022678,JANIS,CONNELL,55811 SUNBURST ST,,CORONA,CA,33437-4117
75000316,MURIEL,JOSWICK,3867 REINDEER RUN,,JOPLIN,MO,91016-3735
22019795,ANGIE,LANG,5855 HOLLY OAK DR,,Cambridge,OH,76017-1237
107007607,JODY,HERNANDEZ,7556 DEL MONTE DR,,BRIGHTON,CO,20639-4220
63005488,CAROL,DECKER,531 LA CANTERA DR,,JACKSONVILLE,FL,33414-6468
9915004687,JENNIFER,LYNCH,3685 N CHATHAM DR,,EULESS,TX,80134-9528
68002639,RUTH,SMITH,535 TULLAMORE TRL,,SAN DIEGO,CA,80525-2841
66002820,PAMELA,KING,338 W SHERIDAN PL,,SAN CLEMENTE,CA,80501-8904
24090529,SHERRY,WERNER,5851 MICHENER WAY,,WEST COVINA,CA,20120-3723
116002692,KAREN,URBAN,355 OAK FOREST DR,,SAN ANTONIO,TX,80601-2529
9925002531,PATRICIA,CAMPBELL,5375 N CALERA AVE,,SHAVANO PARK,TX,95683-9170
63004952,ELIZABETH,GREGORY,5355 W ROANOKE DR,,JACKSONVILLE,FL,77388-5809
112002569,DAPHNE,ALBERT,5735 CLEATHILL DR,,CONROE,TX,85629-8595
9907014075,MARILOU,STRAHS,55 WHITE HORSE RD,,CELESTE,TX,52241-3380
123002308,LINDA,FLORES,53568 E CALEY AVE,,HOUSTON,TX,93021-2401
9937009613,SHARON,MOSHER,9968 BOUNTIFUL ST,,ALLEN,TX,95821-5281
40049718,CINDY,KLOHR,5335 KENTWATER PL,,ALTAMONTE SPRINGS,FL,95678-7179
52021774,LEE,VIRNICK,13655 N SARDIS RD,,WOODBRIDGE,VA,46037-8423
9917107616,TOPAZ,WHITE,1867 CHAPARRAL DR,,SAN ANTONIO,TX,77581-5132
111000279,SYLVIA,MITCHELL,1363 TREELANE AVE,,PEARLAND,TX,77450-5204
53013071,MICHELLE,NALL,3535 WOODSBORO LN,,HAPPY VALLEY,OR,84020-7965
9917114416,TIFFANY,GANNON,1586 CONDON WAY W,,SAN ANTONIO,TX,90265-4911
1021858,TAMMY,BAIN,51757 NE 199TH ST,,ALBUQUERQUE,NM,91320-4246
9942047919,APRIL,NUNCIO,5761 RIDGEVIEW DR,,LEAGUE CITY,TX,77573-2298
25021863,JOCELYN,BARNEY,51387 TAMARISK DR,,GREENACRES,FL,42025-7536
111000143,REBECCA,RATTO,5857 NW 566TH TER,,FRIENDSWOOD,TX,92344-8091
120004080,LYNN,HIGHTOWER,3917 TROUSDALE DR,,FIRESTONE,CO,62025-1713
9933017919,JEAN,DODSON,8583 BELLAGIO LN,,WILLIS,TX,73064-2223
17072155,JAMIE,MOORE,5813 S RANKIN ST,,WESTLAKE VILLAGE,CA,78248-1679
52017613,SHERRI,THORTON,333 5ST ST STE C,,HAYMARKET,VA,07604-1242
9932032408,KATHY,LEOPARD,5585 PRESTON TRL,,MOUNT JULIET,TN,06791-0283
111002814,PAM,BAILEY,53353 N BEND LDG,,DEER PARK,TX,78260-2579
19028907,EILEEN,BORCHARDT,65 GREENBRIAR DR,,HOBART,IN,91750-1258
121003284,SUE,PALLA,3133 SAGEWOOD CT,,GOLDEN,CO,97504-9011
6044243,SUSAN,SCOTT,5353 SOMERSET DR,,RANCHO SANTA MARGARITA,CA,32304-3832
9935007582,COLLETTE,HANRAHAN,8388 RUDNICK AVE,,BEDFORD,TX,78254-5913
102001281,VIRGINIA,OLSON,5361 BEDFORD AVE,,BRYAN,TX,55305-2987
77004190,SUSAN,ROBERTS,853 LAS LOMAS DR,,RAMSEY,NJ,32250-4214
122002099,CARLA,CUMMINGS,315 CHADWICK CIR,,SAN ANTONIO,TX,78023-3450
9934023418,KYLE,BATHE,5551 HEMPHILL DR,,CASTLE ROCK,CO,32207-4259
39041271,KATHRYN,TERRILL,135 Trainward ST,,DALLAS,IN,78666-5388
113000861,LAURA,WILLIAMS,871 W DORSET AVE,,HOUSTON,TX,03824-3006
115004064,PEGGY,BLACK,155 Trainward DR,,SAN ANTONIO,CO,77004-3013
19025869,LEE,WHAN,3619 COLUMBIA ST,,MOUNT PROSPECT,IL,44040-0215
123003235,PAULA,REYNOLDS,558 WOODVALE AVE,,SAN ANTONIO,TX,77302-3480
114006507,PATRICIA,JOHNSEN,5581 WALDON WALK,,LEWISVILLE,TX,93003-0387
31019812,LESLIE,STEELE,713 EL DORADO DR,,SAN JOSE,CA,30022-6681
60011083,PEGGY,MOORE,137 Trainward DR,,PHOENIX,TX,77584-5949
22017727,GEORGIA,FLORES,51798 SE 59TH ST,,THURSTON,OH,37055-2755
9917127206,KRISTEN,SANDOVAL,5857 BAYSHORE DR,,SAN ANTONIO,TX,80128-7601
71006715,KATHY,SHRYER,871 BUCKEYE LN W,,SIMI VALLEY,CA,06029-2402
31020152,MARSHA,BURKE,8558 CAPTAINS CT,,GARLAND,TX,76028-4506
53012470,TRACI,MARTINEZ,585 CEDARWOOD DR,,BEAVERTON,OR,32806-7852
6044527,DEBRA,ARAGO,55585 SE 75ST ST,,SAN DIEGO,CA,60067-9103
60010613,TINA,BROOKS,9535 LANDMARK PL,,TOLLAND,CT,77304-1602
40048220,COURTNEY,MASON,3396 PASEO ANCHO,,GRAND ISLAND,FL,92130-6675
105005187,PAIGE,PETERS,39993 WATLING ST,,ARLINGTON,TX,90266-5953
64010711,JUDI,GLENN,61 ELLINGTON AVE,,HUDSON,MA,76001-5265
110003487,LORI,MAXWELL,883 ROYAL OAK LN,,MERKEL,TX,92117-3841
49015105,SONJA,ROY,3388 NUMAGA PASS,,NORTH CHARLESTON,SC,91320-4047
9934030131,LORIE,FANKHAUSER,735 ALLUVIAL AVE,,LITTLETON,CO,75033-7929
9938019099,HEATHER,LAWLESS,15 WILLIAMSON RD,,ERIE,CO,72758-1405
26022356,SANDY,ODGERS,6719 N OFELIA DR,,TEMPE,AZ,76712-4076
103005133,DIANA,WOOD,316 E VAUGHN AVE,,AURORA,CO,77511-3109
9904037717,BECKY,SLAY,98 MINNECHAUG DR,,LITTLETON,CO,76126-4008
9923002730,KERRY,KOCH,15187 TERRENO DR,,SAN ANTONIO,TX,91730-8322
124005013,DIANA,TUCKER,553 CARPENTER RD,,MIDLOTHIAN,TX,90401-3343
18021636,JEANETTE,MACDONALD,595 HOMESTEAD ST,,INDIANAPOLIS,IN,93065-5173
24085628,JANET,ALLISON,55617 SUNFISH RD,,LOS ANGELES,CA,22192-5158
9907005702,ANGELA,MORRIS,3115 TAMARACK DR,,PLANO,TX,76248-0381
9936010751,HOLLY,CLARK,3598 LAKEVIEW DR,,SEAGOVILLE,TX,74137-6121
32013852,TOMMY,SCOTT,5383 CHARWOOD LN,,FORT WAYNE,IN,37027-8978
71003311,CARESSE,NEWKIRK,56887 W 67TH CIR,,SIMI VALLEY,CA,77831-3033
66002923,ANGIE,TOMCZYSZYN,18353 N 585ST PL,,MISSION VIEJO,CA,85248-4479
5026234,KRISTY,SPENCER,161 Trainward WY,,WEST PALM BEACH,AK,91331-4826
9917108989,PATRICE,MCCLOSKEY,1889 VIBURNUM LN,,SAN ANTONIO,TX,76250-0441
53012339,AISHA,VITALE,55186 GARRICK ST,,VANCOUVER,WA,69034-0387
9917139046,TERESA,LUTZ,1385 PANORAMA CT,,SAN ANTONIO,TX,67133-0351
106003371,JANA,GIANNELLA,355 NORTHWOOD DR,,SAN ANTONIO,TX,65240-1328
3026143,WANDA,FROST,568 GLENWOOD AVE,,FULLERTON,CA,37334-6652
9945061355,JENNIFER,ROSBERG,3355 MINERAL CRK,,PLANO,TX,80401-9613
41018675,BRENT,PHILLIPS,3556 COVENTRY LN,,LINCOLN,NE,80923-9507
44009987,BARBARA,HALFORD,8356 HIGHWAY 588,,SAINT LOUIS,MO,93308-6402
9917135208,GERTRUDE,DAVIS,593 STONEMONT DR,,SAN ANTONIO,TX,80027-2293
39034292,CHRISTINE,EVANS,33168 W OSTER DR,,JUPITER,FL,80107-1447
9905021628,SHARON,VOLLMER,965 PERCHERON DR,,FORT WORTH,TX,28806-1234
75001305,JENIFER,KILFOYLE,6856 MONTAGUE DR,,BELLA VISTA,AR,47803-9737
122000185,RHONDA,COWELL,683 VIA CHRIS CT,,LITTLE ROCK,AR,06019-3708
9915070907,STEPHANIE,PITTMAN,8513 E IRWIN AVE,,DALLAS,TX,80134-7662
107000284,LISA,JONES,58385 BELFRY CIR,,ARVADA,CO,80503-6958
9935001124,BARBARA,MARSHALL,858 ABERDEEN WAY,,KELLER,TX,27516-8737
76001703,SHARON,BURNS,53555 39TH DR SE,,SAN FRANCISCO,CA,33707-5846
9942049280,ROSE,REED,1819 ESPINOSA DR,,PASADENA,TX,92037-5551
9914011950,LISA,ROWE,53863 TIMOTHY DR,,EAST BERNARD,TX,50029-8542
103002889,DEB,MITCHELL,185 S COLLINS ST,,CASTLE ROCK,CO,76011-2731
102004328,JUDY,MCBRIDE,15655 AMERICA SQ,,HOUSTON,TX,97006-3354
4014460,KAREN,FARLER,3533 PIONEER AVE,,ORO VALLEY,AZ,75035-2988
106007769,JULIE,BEAM,585151 S 3588 RD,,CELINA,TX,75143-4562
9902010516,BONNIE,DEVINE,55553 587TH ST E,,SMYRNA,TN,73132-3936
999001791,DOTTIE,MASCHI,585 E NORTH LOOP,,FLOWER MOUND,TX,34491-9314
30012204,KATHERINE,STEPHENS,688 CLOUDVIEW PL,,SEATTLE,WA,92629-2906
120001746,SUSAN,ROBERTS,3385 CRESTON AVE,,COLORADO SPRINGS,CO,70422-5500
110005223,JOE,GARRETT,1338 E SHERRY LN,,FORT WORTH,TX,68154-0006
53013362,KAREN,LEONARD,1715 COTTON KING,,BEAVERTON,OR,77082-2768
9936030499,LISA,CRATON,8931 MANSWOOD DR,,WAXAHACHIE,TX,78230-3901
9916113762,GREER,NORIEGA,835 W RUSSELL PL,,DUNCAN,OK,98374-8859
58009841,ELLEN,WILLIAMS,119 Trainward WY,,JONESCHESTER,AZ,91326-2614
12016370,CAROL,GRANATO,58 CHATSWORTH PL,,LA JOLLA,CA,27519-7327
114005851,TAMMY,LANGE,5185 GULFPORT DR,,RICHARDSON,TX,48322-3505
32013171,MERRY,ZANFARDINO,3558 ASHWORTH CT,,FORT WAYNE,IN,76033-8616
58011675,TRISHA,BOURLAND,6883 FORDLAND DR,,MAUMEE,OH,75087-6517
68003330,ISABEL,WINTER,85 HIGH KNOLL CT,,SAN DIEGO,CA,95124-5142
570019304,SUSAN,MILLENDER,33 THOMAS BEE DR,,WASHINGTONVILLE,NY,33458-6658
24086292,KATHY,WILLIAMS,558 BRENTWOOD DR,,LOS ANGELES,CA,06105-1719
9915004477,NADEAN,TUSING,383 CHASEMORE LN,,FLOWER MOUND,TX,85054-7160
9917133055,FLORENCE,COGGINS,11335 E FROST PL,,LUBBOCK,TX,98328-9015
60011783,BARBARA,LAPINSKI,11813 SE 35ST CT,,SOUTH WINDSOR,CT,77386-2182
101003498,ELLEN,VAUGHAN,8389 WILDROCK CT,,LEBANON,TN,78258-4810
9935018178,MICHELLE,LOGAN,7581 OLDE OAK CT,,VIRGINIA BCH,VA,46703-8916
72003434,JEAN,HUDSON,973 PARK VIEW ST,,REDONDO BEACH,CA,77379-7830
62017605,MEREDITH,SCHNACKE,8555 GWINNETT PL,,NORTHBOROUGH,MA,75214-4104
9921008850,ROSEMARY,COOK,938 REMBRANDT DR,,JARRETTSVILLE,MD,77381-4757
9908004748,GINGER,VILLARREAL,3333 ARCADIAN DR,,THORNTON,CO,80026-3455
120005241,TAMMY,TROY,3611 POTOMAC AVE,,PUEBLO,CO,73554-3749
9916120421,HILDA,REYERSE,973 LAKEVIEW WAY,,EDMOND,OK,08836-0015
9923007857,TONYA,HODSON,3358 DARTFORD RD,,SAN ANTONIO,TX,78363-7311
123000844,LUCINDA,JANISH,5813 FOX HILL RD,,SONORA,TX,78247-3044
20014417,LEIGH,HERSCH,56 MISTY OAKS DR,,SAPPHIRE,NC,90405-5688
34018122,KRISTIN,FLANDERS,17 CROWNBERRY CT,,VERNON HILLS,IL,79096-0128
71004724,SARA,JOJOLA,55765 DUXBURY DR,,PRT WASHINGTN,NY,67487-9073
9921010422,ANNIE,PUTNAM,53885 553TH PL N,,COLORADO SPRINGS,CO,32221-5557
52018155,ARLENE,VANELLA,6831 S GALENA CT,,MANASSAS,VA,77062-2003
10020095,JUNE,ALVY,558 CYPRESS XING,,HAMBURG,NY,11234-4222
26026023,GLORIA,ULLOA,18 SANDY HILL RD,,CHANDLER,AZ,55418-1452
25025381,SHERRY,NIX,51 BROOKVIEW TER,,WEST PALM BEACH,FL,92883-5006
106012003,JULIE,GUERRA,58859 JEANELL DR,,VAN ALSTYNE,TX,92887-5813
66004791,CHRISTY,BAHLER,315 W WOODMEN RD,,LAKE FOREST,CA,73507-5609
9936013846,JEAN,BUESCHER,16835 E ARBOR DR,,MIDLOTHIAN,TX,74864-2537
9942041914,KATHY,CLARK,53736 MACDUFF DR,,FRIENDSWOOD,TX,07662-3320
116002757,LYDIA,CHAMBERS,9598 RED BIRD LN,,SAN ANTONIO,TX,92886-2859
43023851,KIM,SHANAHAN,159 HARCOURT AVE,,GATES MILLS,OH,92832-2730
51010233,KAREN,NIELSEN,9518 SANDAGE AVE,,MIAMI,FL,75454-3119
9902009938,PEGGY,ENGLES,681 GEORGINA AVE,,NASHVILLE,TN,77356-3915
9937029317,MANUELA,JEWELL,583 NEW YORK AVE,,MCKINNEY,TX,92869-1928
118003950,HEIDI,GONIA,133 Trainward ST,,WINDCREST,TX,75028-6221
9936007904,CINDY,CARTER,58357 ADMIRAL DR,,COLLEYVILLE,TX,76401-9334
39033376,JULIE,SOLA,57383 WHISLER DR,,PALM CITY,FL,92883-5225
9945055869,CHRIS,CHARNEY,555 MUIRFIELD DR,,STANWOOD,MI,77386-1148
23044192,SUEANN,LINNTHOMAS,8319 NW 551TH ST,,ZEPHYRHILLS,FL,46733-7417
15081483,JILL,SCHLOSER,5118 NW 538TH ST,,SIMI VALLEY,CA,27249-2767
44009131,STACY,SWAIN,318 GLENWOOD AVE,,PARK HILLS,MO,75204-2909
40046599,STACEY,JUDAH,3157 CARUTH BLVD,,WINTER GARDEN,FL,30096-2718
115006880,NOELLE,OVERMYER,589 HOPEWELL CIR,,OKLAHOMA CITY,OK,90034-4087
54014909,LISA,MORRIS,3389 ESTACADO LN,,NEWTON,IA,77381-6629
9912000757,HELEN,RICE,9333 DURHAM TRCE,,HOUSTON,TX,60143-2565
71006301,ELIDA,HERKLOTZ,5839 WINFIELD DR,,SHERMAN OAKS,CA,28803-4611
54017246,ELAINE,MILLER,5698 IROQUOIS CT,,ELKHART,IA,85747-9551
9917137912,NATALIE,COOPER,51716 BALSAM AVE,,SAN ANTONIO,TX,80122-1828
4014781,RITA,CLARK,3531 SUNSET LN N,,TUCSON,AZ,92308-6212
6044950,KIM,KING,519 MCLAREN DR N,,SAN CLEMENTE,CA,73099-6710
114001807,SAMANTHA,VILLARREAL,589 TOLOMATO TRL,,DUNCANVILLE,TX,76028-4821
20015556,MICHELE,TIPTON,133 PEREGRINE DR,,WICHITA,KS,60061-3405
110004497,DONNA,MENDEZ,3953 ROCKFORD CT,,BURLESON,TX,80013-6025
71005105,TRACEE,VANVARK,5758 WILD RYE CT,,THOUSAND OAKS,CA,32003-3415
112002621,JAMES,PATEL,1N965 FRANCIS RD,,TOMBALL,TX,84123-6905
9907000773,DONNA,LOKITZ,1658 LONG POINTE,,PLANO,TX,94403-3223
24088430,JUDITH,TRENT,18316 N 15TH AVE,,PASADENA,CA,46032-1129
9922004945,DAYNA,ROMERO,58858 KOBORT CYN,,MANHATTAN BCH,CA,78258-2542
10020657,KAREN,WOODY,55 BRICK POND RD,,PHOENIX,AZ,48336-5077
77000422,FATIMA,HARTL,5 BRETTONWOOD DR,,WYCKOFF,NJ,97303-7480
61010053,MARCY,FOSTER,8753 PAVILION PL,,West Hartford,CT,53154-8000
5025393,KAY,MCCARTHY,8889 HEATHER BOW,,SACRAMENTO,CA,75039-4117
6044683,GLENDA,BENJAMIN,1538 BAY OAKS DR,,TEMECULA,CA,34982-7420
39040022,DIANE,BRUNN,38818 MAYFAIR DR,,JUPITER,FL,77089-4207
54016845,MELISSA,MONTOYA,1513 LEAFWOOD DR,,WEST DES MOINES,IA,75089-3859
19028028,JOHN,MITCHELL,153 Trainward DR,,ELK GROVE VILLAGE,NC,61704-8121
40047804,KELLY,BEAVERS,6355 BLUEBIRD DR,,WINTER SPRINGS,FL,07066-3026
106000099,MOLLY,POPE,3358 VALENTIA ST,,FRISCO,TX,81506-3818
53013073,LISA,MOORE,155 KNOLLWOOD RD,,GRESHAM,OR,33414-8074
67005532,MARIANNE,REED,778 BAREBACK TRL,,MONROE,OH,06001-3218
6045115,JOAN,ARANCIBIA,57831 NW 55TH CT,,CARLSBAD,CA,32539-8381
44010437,VIRGINIA,FLANAGAN,3575 LOCKMOOR LN,,BALLWIN,MO,75013-5827
9907006309,VIRGINIA,MILES,3881 SCANLAN AVE,,CASTAIC,CA,78023-4364
9908003984,PAT,GREY,155 HIGHLAND TER,,LOUISVILLE,CO,90275-6464
15081187,ELIAS,JABORO,59933 KESWICK LN,,ONYX,CA,76904-9752
50019011,GLENDA,SCHULTZ,3338 BLODGETT DR,,ENGLEWD CLFS,NJ,01089-1262
65020570,TAMMIE,MIMNA,9588 CARBINE TRL,,CANTON,MI,76018-2239
40049854,DIANE,CHAPMAN,58 BROUSHANE CIR,,ALTAMONTE SPRINGS,FL,77510-1393
9901045138,KELSEY,HALL,3983 TRACEWAY DR,,COUSHATTA,LA,95020-6318
4013177,WAYNE,BISHOP,15888 N MOLLY LN,,TUCSON,AZ,77954-2901
9901039940,MARY,CROSBY,585 S IRVING AVE,,BROOMFIELD,CO,80121-3452
40048091,MONICA,FAGAN,5515 KINGWOOD DR,,WINDERMERE,FL,21084-1953
17070578,LINDSEY,RASCHER,1998 REDONDO AVE,,NEWBURY PARK,CA,98012-5015
9945057880,MARIBETH,DEMPSEY,51 TRADEWINDS DR,,CADDO MILLS,TX,50276-0028
9905011715,TESSA,CHRISTOPHE,55 MOSS BLUFF CT,,IRVING,TX,89803-2134
52017420,PATRICIA,MERCIER,87 PINE CREST DR,,SHEPHERDSTOWN,WV,78006-8005
44009863,STACEY,ANUNCIACION,3718 WILLMAR AVE,,SMITHTON,IL,48317-2396
41019138,MOLLIE,FRITZ,1557 NE 563RD PL,,EAST TROY,WI,75002-5433
15080986,CAROLINE,SAAVEDRA,183 RIVERSIDE DR,,SYLMAR,CA,77058-2046
14016717,GRETCHEN,YOUNG,3375 WESTPARK DR,,TORRANCE,CA,73007-0396
115007113,TAMMY,HUNTER,155 Trainward DR,,WALDWICK,TX,90045-3100
122002930,JOAN,RECTOR,5888 MONARDA WAY,,KERRVILLE,TX,75035-0032
9932039155,JANE,ALDAZ,58538 ALLENBY CT,,PLEASANT VIEW,TN,35502-1167
58009450,LINDA,COZY,36 TALL OAKS CIR,,SOUTH BOSTON,VA,79606-8415
105006915,PEGGY,LIM,53558 SKYVIEW RD,,ARLINGTON,TX,75074-3242
9907001813,LISA,DIAZ,55115 N EAGLE LN,,MCKINNEY,TX,90601-4015
114000844,CLAUDIA,BEHR,51535 MCFERON RD,,GARLAND,TX,80130-8882
63010999,LOUISE,THOMAS,555 N BAILEY CIR,,P C BEACH,FL,78259-2166
58010873,CLAIRE,FOX,938 BLUFFVIEW DR,,FREMONT,OH,77096-1405
110002831,PATRICIA,CONE,1888 LAKEMONT DR,,FORT WORTH,TX,94062-4136
82001309,CARMEN,RICHARDSON,133 ARISTOTLE ST,,CORONA,CA,46392-7053
9916124365,ELIZABETH,ROSENBLATT,1391 BAY ISLE DR,,CHICKASHA,OK,75033-0062
77001324,KELSEY,BLAKELEY,8371 WEISCAMP RD,,RAMSEY,NJ,63131-1403
114005138,ANGELA,BERNERO,1713 33RD TRL NE,,DALLAS,TX,75070-7782
54013591,GRETCHEN,COHEE,55886 BORWICK LN,,URBANDALE,IA,75087-2433
9932040218,MARILYN,COKER,88 W MOUNTAIN RD,,NASHVILLE,TN,94402-1149
58009692,TAMI,HEMMETER,1685 CROSSING DR,,BOWLING GREEN,OH,48114-8824
106007007,SUSAN,TURNBOW,5555 MCDUFFIE DR,,FRISCO,TX,32207-3007
9937022647,JODI,HARTLEY,5185 NW 513RD ST,,SHREVEPORT,LA,77059-5808
45012662,KEVIN,GARDNER,1863 WESTHAM CIR,,LOS ALTOS,CA,97034-2178
66003116,ELSIE,MARSH,57813 EMERALD CT,,IRVINE,CA,02492-1323
120004106,SHARI,ROUETTE,313 LEXINGTON LN,,COLORADO SPRINGS,CO,20170-3942
24090671,CHRIS,CARR,5558 BLAKEWAY ST,,LA CRESCENTA,CA,78738-5029
72002577,TONYA,LOVEJOY,1718 SW 556TH ST,,MARINA DEL REY,CA,32259-4454
60011748,JEANIE,VANDEREEMS,9535 BLACKLEY ST,,WINDSOR,CT,75009-4663
125001622,CARI,ANDERSON,5631 CROCKETT DR,,WICHITA FALLS,TX,32904-2207
27019290,JAN,MONTGOMERY,13 Hidden Bay Dr,,CLARKSVILLE,TN,85142-4817
115007239,SHIRLEY,PHILLIPS,6159 35ST AVE NE,,MINNEAPOLIS,MN,80922-2461
58009096,JANET,WELSH,3388 PINECONE DR,,OCONOMOWOC,WI,53213-2347
9933002772,KIT,MARTIN,5113 KIERSTAN DR,,SPRING,TX,75052-2208
40048582,ROSIE,BACA,3883 ELM GATE ST,,VERO BEACH,FL,77382-1316
2016008,CHRISTINE,LENGYEL,865 VIA PANORAMA,,SHERMAN OAKS,CA,78249-2158
9941017329,DIXIE,ALSUP,116 WOODLANDS DR,,ROCKWALL,TX,48187-5832
9945057212,SUSAN,BEZUIDENHOUT,63 KNOLLWOOD CIR,,PLANO,TX,75033-7349
72004574,CELESTINE,BALDWIN,3955 S AMMONS ST,,LOS ANGELES,CA,32034-4632
6045153,FAY,HALE,6138 ENCLAVE CIR,,LAGUNA WOODS,CA,95377-8241
9942042069,LAURA,DUSENBERY,38 MIRA LAS OLAS,,FRIENDSWOOD,TX,08807-3808
101001661,ELVIRA,KASSOVER,35675 SUTTERS LN,,LEBANON,TN,47141-9605
9933026131,DIANE,CONNORS,7565 SW 81ND AVE,,DEER PARK,TX,76036-3039
9902012172,BETH,PENWELL,396 GLENMOOR CIR,,SHELBYVILLE,TN,34711-5354
9932001861,LORI,SCHULMANN,51538 S M 37 HWY,,STRATFORD,CT,50325-8128
121003515,NICOLE,THOMAS,3535 OLYMPIAD DR,,ARVADA,CO,77546-5332
110001983,CHERYL,VALENTIN,3358 W 551TH TER,,FORT WORTH,TX,29651-6811
9920010351,JANICE,BERG,5151 GOODMAN AVE,,KILLEEN,TX,48906-1511
110004719,VIRGINIA,STEPHENS,55669 DECATUR DR,,FORT WORTH,TX,33463-8216
9905022288,CHARLENE,MALCHOW,55185 SUNRISE LN,,FORT WORTH,TX,79763-3129
9932000557,STACIA,WRIGHT,856 SYCAMORE AVE,,BRENTWOOD,TN,92563-8522
9930015370,DORA,PETERSON,11839 SABINE SMT,,DALLAS,TX,78258-2402
47016580,LEIGH,GRAHAM,373 HOMESTEAD PL,,BRANDON,FL,77356-8557
6043630,CAROLYN,MCDONALD,5656 CHOCTAW TRL,,MISSION VIEJO,CA,33065-3740
17071529,BARBARA,BAXTER,53518 ADIOS PASS,,CHINO HILLS,CA,75961-1084
11015906,JESSICA,LIPPOLD,789 PRESERVE TER,,SAN JOSE,CA,77387-6858
101001414,LISA,RODGERS,585 N GILMER AVE,,BENTON,KY,75082-2614
25028210,KATHY,SHIRLEY,511 CHASEWOOD DR,,WEST PALM BEACH,FL,75092-4315
30010671,CAROL,MARSH,5383 LAURENCE DR,,ANACORTES,WA,79424-2405
103005783,KRISTAN,MILLEN,33856 FILBERT LN,,HIGHLANDS RANCH,CO,65608-9157
9911005649,BRANDI,SUBLETT,3879 E 518TH AVE,,GRANBURY,TX,46268-2798
9938000249,ELAINE,STEVENS,1153 OAKLEIGH DR,,ARVADA,CO,32708-2424
82000534,PORTIA,GALLO,133 Trainward ST,,WINDCREST,WI,92604-3273
9914014637,LISA,MALONEY,5953 BENHURST PL,,HOUSTON,TX,50213-8295
9937008948,MAGALI,BENCKENSTEIN,6535 ITHACA FRST,,PLANO,TX,78232-4509
107007180,SONJA,SCHAAF,733 ORCHARD LOOP,,WIGGINS,CO,77035-3025
108005327,IRMA,MUELLER,939 CREEK RUN CT,,BIXBY,OK,78260-7032
38037455,LINDA,SCHIEL,158 Trainward DR,,LOS ANGELES,CO,78408-3533
23046183,JERRI,GRIFFITH,3559 135TH CT SE,,SAN ANTONIO,TX,80923-5411
26021142,SHEILA,MEYER,3538 LANDMARK DR,,PHOENIX,AZ,76016-5414
18019431,JANET,SCHRIEFER,755 MINNESOTA DR,,CARMEL,IN,33411-1480
122003488,LORI,CRUZRODRIGUEZ,5551 WILLIAMS DR,,SAN ANTONIO,TX,80528-7013
40043422,LORI,GOLESTAN,5886 METAIRIE RD,,AUGUSTA,GA,78233-3828
9905015865,MELISSA,REITHMEIER,388 BRIDLEWOOD N,,LAKELAND,FL,76051-2673
115007951,MARLA,HOLMES,3 POPPASQUASH RD,,SPRING,TX,85298-4315
999000361,DEBBY,PERVIS,5855 W CURLEW ST,,KELLER,TX,75052-6680
9933003912,CATHERINE,GEORGE,53815 HEMLOCK ST,,HUMBLE,TX,76210-5549
61010030,MIREILLE,ROMERO,518 FAIRMOUNT DR,,WEATOGUE,CT,90292-5809
19027901,JACKIE,HENDERSON,988 W CYPRESS ST,,PALATINE,IL,92883-6317
103005098,MARA,CHALKER,5389 ATCHISON ST,,CENTENNIAL,CO,48322-3491
63006268,MARLAYNA,CANTRELL,3589 CLUBGATE DR,,JACKSONVILLE,FL,37027-4729
77003596,GINGER,BARNES,8179 GOLFSIDE DR,,HASBROUCK HEIGHTS,NJ,77008-1910
122000723,MARTHA,CAROTHERS,58587 COSMOS CYN,,SAN ANTONIO,TX,78209-2121
9923001326,BARBARA,FILLER-CORN,365 S EARLHAM ST,,SAN ANTONIO,TX,75231-1404
107002431,KIM,BROOKS,168 Trainward WY,,JONESCHESTER,AZ,32240-1345
110005971,RITA,CONKLIN,397 OAK CREEK DR,,FORT WORTH,TX,92675-1841
59014376,LAURIE,FRAZIER,58765 LA VINE ST,,SAN DIEGO,CA,32814-6556
9937022270,CARIE,HAMM,58883 MARBLE SPG,,WYLIE,TX,78015-4458
22021201,TERRI,DYER,185 HENNESSEY ST,,WESTERVILLE,OH,92870-5418
39040111,CATHY,HUFFMAN,385 556TH AVE NE,,MILFORD,CT,80120-2614
47018816,BRENDA,BELENKE,5383 STATION CIR,,LOUISVILLE,KY,91345-1735
124000889,BONNIE,KRAMM,56315 NW 83TH CT,,ALLEN,TX,76021-2541
63009065,ROCHELLE,BAGLEY,53 BAY HARBOR DR,,MELBOURNE,FL,76126-3721
110004937,LINDA,BARKER,375 N GRANGER RD,,FRISCO,TX,77388-3368
105002408,ANGELA,PERRY,6861 JARDINES DR,,MANSFIELD,TX,77020-3044
120004524,SUZANNE,BUXKEMPER,5953 BIG HORN PL,,WOODLAND PARK,CO,78063-4039
63011329,BETH,ADAMS,556 ARROWHEAD ST,,FLEMING ISLAND,FL,85737-7336
2012956,SHERRY,KEARNS,558 ALEXANDER DR,,TARZANA,CA,60142-7205
65020340,JOHN,GRABOVICH,7858 RUSTIC PARK,,BRIGHTON,MI,77520-5833
111004174,CATHY,SHIPLEY,6533 GERMANIA RD,,HOUSTON,TX,08869-1510
9933009929,SUSAN,GREEN,395B NEPONSET ST,,CONROE,TX,30518-1239
71005469,STACEY,HOPKINS,8985 ARABIAN RUN,,SIMI VALLEY,CA,77868-1285
83000174,LUZ,HOHMANN,5715 S DUDLEY CT,,BELLEVILLE,IL,77381-2974
60010977,JOYCE,LEONETTI,55131 ANABEL AVE,,GLASTONBURY,CT,95123-1349
47019395,CHRISTINE,WILLIS,15853 GRADUAR CT,,LOUISVILLE,KY,84020-7661
106011711,IRINA,LANE,5115 WINIFRED DR,,PLANO,TX,80016-2136
9937014937,BARBARA,LISHEWSKI,556 MITCHELL AVE,,PLANO,TX,33067-2878
9939026118,JUDITH,LAMMERS,56865 ROBERTS ST,,SAN ANTONIO,TX,32827-6860
22020044,SHARON,CLARK,7588 WOODLAND DR,,FREDERICKTOWN,OH,75219-4771
106012314,DAHLIA,RUSSELL,58887 NE 13TH ST,,ALLEN,TX,32258-5348
4014361,SHANNON,BURKHARDT,5535 SEMINOLE LN,,TUCSON,AZ,75070-3159
25029112,DEBORAH,STEINMETZ,3855 BROWNING ST,,WEST PALM BEACH,FL,90638-2456
10021623,JOYCE,NELSON,55735 7TH AVE NE,,PHOENIX,AZ,64701-0263
2015449,RITA,OERTLING,181 E KENWOOD DR,,VALLEY VILLAGE,CA,77580-1283
9905021973,SHELLY,CARRIAGA,57589 E GRAND DR,,HASLET,TX,27519-1595
115008600,JUDY,ELLIOTT,56851 KESSLER ST,,OKLAHOMA CITY,OK,75248-3904
22017861,ELIZABETH,DEPPE,51615 CHISZAR DR,,DAVISVILLE,WV,94062-3440
4014709,CARRIE,SCRIBNER,5115 HASSELL CIR,,TUCSON,AZ,85138-1567
61008058,SHEILA,HAZYME,3659 CENTRAL AVE,,WESTON,CT,01890-2607
107004771,HEATHER,ALVAREZ,581856 S 3388 RD,,LONGMONT,CO,32806-6233
9914007879,JAN,AKERS,6855 ELMGROVE RD,,HOUSTON,TX,06450-7431
9933015602,SHARON,VIND,55981 E LAKE CIR,,CANYON LAKE,TX,06074-3433
120004610,MARY ANN,HINSON,6886 PANORAMA RD,,ROCKY FORD,CO,76060-6037
9938011692,CINDY,MONROE,18 CANDLEWOOD DR,,HGHLNDS RANCH,CO,46805-2565
999003119,JOHN,PRIDEAUX,3831 BLUE JAY LN,,OZARK,AL,92660-5200
104006406,EILEEN,FARMER,583 DEERFIELD RD,,COLLEYVILLE,TX,75034-5758
12015749,WILMA,HIGHAM,558 PRINCETON PL,,SAINT CHARLES,MO,75078-9158
9943046813,KAREN,GRAY,5589 RAINTREE CT,,SPRING,TX,77005-4071
9939024931,JEAN,WOMACK,58583 RED ASH CT,,APEX,NC,77377-3601
39035141,DONNA,PRITCHARD,9 HIDDEN LAKE CT,,CANANDAIGUA,NY,29909-4201
9902010875,SHELLY,Ritoli,538 SPICEBUSH LN,,COOKEVILLE,TN,81623-1630
17068207,SHARON,HANSEN,5338 WASHBURN ST,,SIMI VALLEY,CA,46835-3905
9945056998,EILEEN,RILEY,67 OLIVE MILL RD,,FORT WORTH,TX,77535-0033
9933020711,GAIL,PALMER,7351 FOREST STRM,,HOUSTON,TX,73005-9413
67002334,JUDY,BERNAL,7531 ORE KNOB DR,,MOORPARK,CA,76071-0055
9917134641,MARIVEL,KENNEDY,9888 AIREDALE CT,,SAN ANTONIO,TX,76108-9485
40041682,DIANE,HARRIS,13 BEECHWOOD CIR,,MESA,AZ,76052-0272
67005957,VICTORIA,OROPEZA,335 E GAYWOOD DR,,MALIBU,CA,20120-0087
9908008763,CARYN,GORDON,7613 NW 18TH TER,,LONGMONT,CO,80004-6162
5019713,CINDY,TORRES,55853 CEDAR PARK,,ROSEVILLE,CA,82009-4575
9915071056,TINA,ZAVO,7836 KITNER BLVD,,SAN ANTONIO,TX,33321-9141
110004436,EILEEN,SCHWEITZER,9886 TINTAGEL ST,,FORT WORTH,TX,73013-5459
7014256,KIM,TINLIN,3853 CENTRAL AVE,,HUNTINGTON BEACH,CA,85022-4953
9935019167,PEGGY,HUGHES,5537 COTSWALD CT,,ARLINGTON,TX,22079-3081
55013629,ALICIA,CASTELEYN,173 MAGNOLIA AVE,,SPRINGFIELD,MA,75125-2832
116002249,ANDY,UNVERFERTH,576 OLD QUICK RD,,MARION,NY,42129-8138
106009438,KIM,MILLER,935 GLENCREEK DR,,PLANO,TX,78250-2804
67003989,SHARON,MISRAJI,817 N BREWER AVE,,AGOURA HILLS,CA,30092-3374
9938005947,JODY,ALLEN,57735 51 MILE RD,,BROOMFIELD,CO,27713-2504
106008343,DALE,HIX,1855 TEAKWOOD PL,,LITTLE ELM,TX,78023-3622
5026306,JENNIFER,ROBERTSON,58855 HEYWOOD LN,,ANTELOPE,CA,78641-8139
120006008,CYNTHIA,GRADY,8188 E 513RD AVE,,COLORADO SPRINGS,CO,80112-6069
65024909,EMMY,DUNLAP,5635 VINTAGE WAY,,CHAPEL HILL,NC,78240-4464
2013732,SHELLY,ANDERSON,55587 KNOLLGLADE,,LODGEPOLE,NE,92886-2045
9919018665,DOROTHY,GALLOWAY,5585 N FOOTE AVE,,KERRVILLE,TX,06033-3933
9912005112,JENNIFER,CARTER,8355 CONGRESS DR,,HOUSTON,TX,78249-2543
50020306,GRACE,MORRISON,3859 POPLAR ISLE,,FORT LEE,NJ,77386-1848
9935006284,DELA,PARISI,5585 N CITRUS LN,,FORT WORTH,TX,76248-3221
63009430,AMY,LITCHMAN,6381 PARKMONT DR,,JACKSONVILLE,FL,48114-8634
9921008239,RANA,MONIER,58535 MINERAL RD,,COLORADO SPRINGS,CO,06074-2282
19029153,FRANCISCO,WEAVER,1113 ROSEMONT LN,,SYCAMORE,IL,78212-3667
39039105,CAROLYN,BAILEY,166 Trainward WY,,RAMOSMOUTH,CO,77382-5601
120000933,CHERYL,GRAGG,51 HILLCREST AVE,,APO,AE,74857-7835
63003817,JULIE,KNEUPER,1683 APACHE PASS,,SAINT AUGUSTINE,FL,07652-3826
58012003,DONNA,WESTMORELAND,5375 S HARBOR DR,,HOLLAND,OH,46770-9077
40040890,JERRY,SCOTT,136 SW MELBA GLN,,PALM BEACH SHORES,FL,76065-0163
9903000088,ANDREA,SLINKARD,5853 LABRADOR LN,,FRANKSTON,TX,33472-7304
18018161,BARBARA,REESE,87 VAN BUREN AVE,,DAVENPORT,IA,78258-4858
9904046277,ELISABETH,TERRY,53186 NE 56TH ST,,ANCHORAGE,AK,78229-3543
71002910,MARK,LEISHMAN,3983 FOXHOUND LN,,SIMI VALLEY,CA,77015-1521
9028337,KATHLEEN,WILLIAMS,915 EXCALIBUR DR,,SCOTTSDALE,AZ,80016-3126
9934001645,JILL,HALLIDAY,1997 WOODRUSH CT,,LITTLETON,CO,30047-5118
9932005064,KRISTI,KOESTER,1356 FAIRLAWN DR,,BRENTWOOD,TN,27516-8734
64010645,KAREN,HADDAD,119 S ROLLINS ST,,NORWOOD,MA,75032-5965
9919015999,JEANINE,RIPHAGEN,5353 LAKEVIEW DR,,ALICE,TX,77340-2002
9930009900,TINA,MEYER,8863 FLORENZA DR,,ARGYLE,TX,75605-8288
64011586,CHANTEL,DAVIS,3967 ROCHELLE RD,,NEWTON CENTER,MA,45853-0587
59013356,JILL,PATTERSON,3365 CINNAMON DR,,ONTARIO,CA,95630-9508
110000132,SUSAN,GOMEZ,3398 ARMONIA CIR,,FORT WORTH,TX,78665-3480
9935019986,MARILYN,EILER,3915 BORDEAUX CT,,ARLINGTON,TX,32309-2526
107004835,CINDY,MCREYNOLDS,6637 ASHBROOK DR,,LAFAYETTE,CO,78015-4445
160022783,EVELYN,CHAMBERS,9583 E MONTE AVE,,FURLONG,PA,43209-2469
70000864,GAYE,ROBERTS,5788 TWILIGHT CT,,NORTH PLAINS,OR,81077-0401
9917132125,MINDY,HART,3638 COLTWOOD DR,,BOERNE,TX,80513-3813
106011050,KATHRYN,SEAMAN,1353 RIDGMAR PLZ,,WILLS POINT,TX,90045-3446
9916115850,KELLIE,CARLAND,58975 HOWELLS RD,,CHICKASHA,OK,06074-1611
9905015679,DEBORAH,BOWLER,5683 KENNINGS RD,,SOUTHLAKE,TX,75086-0255
114005728,JILL,CHAKLOS,53535 BRANHAM LN,,SEAGOVILLE,TX,21014-1871
19026037,CHARLOTTE,RAINS,537 EXECUTIVE CT,,PALATINE,IL,75034-6695
31019243,CHERYL,HOWELL,518 W LOOKOUT DR,,CHAPEL HILL,NC,78255-2311
52016704,TAMARA,KNIGHT,159 Trainward DR,,SIERRA MADRE,TX,77386-1989
115008556,TINA,WOODRUFF,55739 PALMS BLVD,,SHAWNEE,OK,05848-0021
60010230,MAGGIE,BALL,3557 OLD POND DR,,SOUTH GLASTONBURY,CT,75019-5110
66004311,CINDY,EWING,7335 KINLOCK AVE,,IRVINE,CA,80540-1129
115007278,CORALIE,MCARDLE,1588 HINSDALE DR,,ENID,OK,78253-6873
82000487,LOUISE,JONES,716 ICE HOUSE DR,,CORONA,CA,75033-6509
39036595,MARIELLE,ONEAL,368 WATERFORD RD,,WELLINGTON,FL,77384-4481
9941010613,DANIELLE,KNIPE,5381 SUMMERFIELD,,FORT WORTH,TX,93035-2962
125000524,JULIE,MURRAY,9366 N SURREY DR,,HURST,TX,73170-4921
54018420,LAURA,BOYD,9583 DORISANN CT,,IRWIN,PA,90602-2743
58010862,MARIA,LEWIS,1559 EDGEHILL RD,,TOLEDO,OH,07728-8404
9911005410,JOYCE,LAFRENZ,3688 MOONDUST PL,,GRANBURY,TX,76182-6739
9908002162,MARIA,WARD,5353 TRAMMELL DR,,ANCHORAGE,AK,76092-9423
28013573,BETH,LOPEZ,931 LAMBOURNE PL,,AUBREY,TX,75094-4167
9943046714,JACKIE,BOLTON,59835 SE MAYO DR,,SAN ANTONIO,TX,92376-3981
114007771,TRACY,CLAY,5785 MERIDIAN CT,,ROCKWALL,TX,30041-9705
122003670,GLENDA,SNODGRASS,7765 S YARROW ST,,SAN ANTONIO,TX,30024-1441
9923005352,AMY,KEMPF,5651 TIVERTON ST,,SAN ANTONIO,TX,33418-1945
72005315,GAIL,BUTLER,1316 PALOMAR AVE,,SANTA ROSA,CA,75859-7171
3028035,VALORIE,NAUMANN,198 DENNISON RDG,,YORBA LINDA,CA,80917-3202
67005113,CAROLYN,PENN,71 WATERBERRY CT,,THOUSAND OAKS,CA,50310-4049
125001964,CHERYL,CAMPBELL,318 CALVERT PARK,,GRAPEVINE,TX,92314-1847
50016403,SHERRY,BURKE,3775 S HEATH WAY,,KINNELON,NJ,97051-2776
40048609,CRYSTAL,WICKHAM,539 FRANKLIN AVE,,OCOEE,FL,80020-3444
77002962,CYNTHIA,FRAWNER,356 BROOKMERE LN,,MAHWAH,NJ,91301-3623
9022403,AMY,INGRAHAM,58655 RACINE CIR,,PHOENIX,AZ,80908-1384
6047367,AMY,MAZZETTA,3177 CROSSBOW DR,,SAN JUAN CAPISTRANO,CA,80504-7347
115008532,ELIZABETH,SNYDER,135 Trainward ST,,WESTFIELD,TX,42103-1376
58008616,THEREASA,VECCHIARELLI,1865 NORWOOD AVE,,OTTAWA HILLS,OH,85248-7419
6044920,DIANE,PENDLEY,1815 ASH HILL RD,,SAN JUAN CAPISTRANO,CA,80135-8444
61006876,LISA,BLOOMSTINE,663 VICTORIA AVE,,WEATOGUE,CT,00919-1301
115006614,SUSAN,PIM,551 WEDGEWOOD PL,,ENID,OK,75087-2438
107007095,MICHELLE,VICKERY,53885 OUTLOOK ST,,BLOOMINGTON,IN,34974-5362
6043007,MICHELLE,VISTA,861 CORN SILK DR,,MISSION VIEJO,CA,95628-1541
31018628,LESLIE,ANDERSON,561 JEFFERSON ST,,CHAPEL HILL,NC,50323-0646
9905019451,SHARON,SITEK,787 WEDGEWOOD DR,,WAXAHACHIE,TX,98198-4215
54017415,STACEY,RUDDICK,5388 NW 559TH ST,,SPRINGFIELD,MO,46055-9612
70000932,CATHY,LALONE,181 NORTHVIEW DR,,KELSO,WA,76006-5048
51011425,ANGELA,OLAH,781 LIPSCOMB AVE,,STRATFORD,CT,92883-6289
60012339,SUSAN,COLLINS,1717 NE 533RD PL,,WINDSOR,CT,60102-4295
52020745,DEBORAH,JACKSON,733 BLUEGRASS DR,,STERLING,VA,80433-1536
19029186,IRENE,SIMON,36536 W RANCH RD,,ELK GROVE VILLAGE,IL,44118-4061
9934002314,JOANNE,KINKADE,168 Trainward WY,,SIERRA MADRE,WI,74037-2324
40051470,EILEEN,BLUM,585 CHRISTIAN LN,,ALTAMONTE SPRINGS,FL,73104-4040
67003399,KAREN,HENSON,195 WEDGEWOOD DR,,SHERMAN OAKS,CA,29501-7390
9907042936,VIVIENNE,AMERSON,55588 FARRELL RD,,CARROLLTON,TX,77381-1128
58008765,CAROLYN,ROSE,17 CANTERBURY CT,,CLEVELAND,OH,47232-9780
116001779,LAURIE,ROBERTS,33588 SCHULTE DR,,SAN ANTONIO,TX,75070-2182
71007059,JOAN,KLISCH-KUNNEN,18316 STONE MOSS,,SYLMAR,CA,27577-8334
114005970,BETTY,HURD,53135 S RIVER RD,,DUNCANVILLE,TX,80108-9278
9923000151,GWEN,SANSBY,3338 LINCOLN WAY,,CLEVELAND,OH,73142-5191
23042919,ELAINE,WOOTTEN,59886 MONTELL CT,,SAN ANTONIO,FL,80906-8252
116003325,LOREN,BIERNAT,5813 S GRANBY ST,,NEW BRAUNFELS,TX,71665-0359
60012170,NENA,SIFFIN,1681 LAKESIDE DR,,BROAD BROOK,CT,95123-2550
52021108,CHRIS,SCHULTZ,6583 OAKWOOD TRL,,CHANTILLY,VA,72744-0236
9917131718,TERRY,ADAMS,6855 VALHALLA DR,,ANACORTES,WA,85262-7977
24087117,KELLY,MCHUGH,138 Trainward ST,,MORALESTON,CO,75076-9408
9913070626,JAN,HILDRETH,6355 WESTGATE DR,,ARLINGTON,TX,91304-2977
9933022667,JOLENE,MAJOR,7169 GLENVIEW DR,,SPRING,TX,33410-2624
9937027013,CYNTHIA,WEIGEL,3587 ASH GLEN DR,,LUDLOW,MA,92313-5178
3028804,AMY,SCHONEFELD,586 OLD FORGE DR,,ANAHEIM,CA,33467-7357
9934031409,TINA,HAGEN,1587 VAN HOOK CT,,EVERGREEN,CO,77379-2476
107001088,CHRIS,REYNOLDS,5355 E HARDEN ST,,LONGMONT,CO,48382-5002
9916120980,SHIRLEY,LEE,58918 WINSLOW RD,,OKLAHOMA CITY,OK,32701-2010
9903034243,DENISE,ARNOLD,5855 DOGWOOD WAY,,MONTGOMERY,TX,78248-1559
50018408,YVONNE,GRAHAM,57189 N 58TH AVE,,NORTH PLAINFIELD,NJ,76001-5533
47019324,FARIDA,BOWEN,358 LAKE HILL PL,,WASHINGTON,IN,75075-1555
115006478,MARY ANNE,MCMULLEN,5187 CHOCTAW TRL,,COALGATE,OK,75063-7654
124002773,AMY,DAVIS,6758 533TH CT NE,,RICHARDSON,TX,01740-1277
40042823,DENO,STUART,1881 SW 38TH TER,,AIKEN,SC,20744-7035
59008900,MARY,DANIEL,53387 N 583RD ST,,RIVERSIDE,CA,76016-2346
9935015460,CHRISTINA,WALKER,8111 EDENWOOD DR,,EULESS,TX,72758-4116
40051116,DARLENE,WILHELM,588 JERUSALEM RD,,OCOEE,FL,38128-2908
83001121,HOLLY,HOLCOMB,17 PADDINGTON CT,,FORT MYERS,FL,07649-2519
19028951,BILL,AUSTIN,888 W STETSON CT,,HOFFMAN ESTATES,IL,75032-8605
66003190,WIDAD,PROOS,155 CHURCHILL DR,,NORTHRIDGE,CA,01220-1953
11016777,GAIL,JONES,3885 BLODGETT DR,,LINCOLN,CA,40222-6531
71006191,JERAD,PIPER,31868 VILLAGE 31,,SIMI VALLEY,CA,80130-8882
114000042,KAREN,STEENBERGEN,7813 SW 11ND AVE,,LEAGUE CITY,TX,75034-1802
9937030016,JESSICA,WILLIAMSON,5985 YARMOUTH CT,,PLANO,TX,33325-6926
5020703,RHONDA,OROZCO,1339 LAWNVIEW CT,,AUBURN,CA,73134-1841
40046869,MISSY,KUDA,5883 FOX HILL DR,,LAKEMONT,GA,90293-7407
58010286,MARIANNE,CARNES,835 WALLINGER DR,,PERRYSBURG,OH,92119-1906
77003507,MICHELLE,CHEESEMAN,1315 MCCARRAN DR,,HILLSDALE,NJ,78251-4096
63010255,BARBARA,ZELYEZ,5313 SW 513TH ST,,JACKSONVILLE,FL,46033-9683
6041957,JILL,SHORE,55958 MCCUNE AVE,,LAKE FOREST,CA,85298-8673
22075010,JUDY,LAFITTE,3889 515ST TER N,,YOUNGSTOWN,OH,01030-2403
123001238,TRINA,WHITLOW,58571 LANGLEY DR,,SAN ANTONIO,TX,92081-8703
9908010238,STEPHANI,BROWNELL,51887 WHITMAN LN,,LOUISVILLE,CO,76262-6717
47016283,SHEILA,FISCHER,3316 COURTNEY LN,,LOUISVILLE,KY,78641-2061
9918102784,SHARON,STANZIONE,6556 MILLWOOD DR,,SAN ANTONIO,TX,90740-6132
9907013646,SUSAN,DAVILA,116 POST OAK WAY,,MOUNT VERNON,TX,80108-7895
9904037753,MICHELLE,SPARACIO,18 SURFSPRAY BLF,,NAPERVILLE,IL,07675-6428
9917138741,KAREN,NATALE,135 Trainward ST,,MARTINCHESTER,CO,78248-2520
66006244,SHELLEY,BARBA,5355 COLONADE CT,,ALISO VIEJO,CA,75023-1102
54016921,SANDY,DETRO,596 KINGSMILL DR,,JOHNSTON,IA,80127-2222
122000848,ROBERT,YOUNG,1933 CHOCTAW TRL,,SAN ANTONIO,TX,92336-5665
39031836,JUDY,KELLY,1563 S ESTES WAY,,JUPITER,FL,98607-4401
107006821,BARBARA,LORENZO,938 N LILAC LOOP,,WESTMINSTER,CO,36633-1446
9908005108,CELESTE,REYNA,318 CAPRICORN ST,,DENVER,CO,46236-9029
9930036041,GINA,STATES,131 Trainward ST,,MOOREVIEW,CA,80015-3607
60010011,VANESSA,WINFREE,578 HAWTHORN AVE,,S GLASTONBURY,CT,78260-2489
17070070,ELIZABETH,MEADOR,353 WHITEWING LN,,NAPLES,FL,84637-0184
9923005331,JULIA,CARVER,1981 DOWNHILL DR,,SAN ANTONIO,TX,77546-2631
9944002966,SHERRY,WICKER,181 COLONY WAY W,,HOUSTON,TX,40223-2668
116002955,ANA,CRAM,7315 E PIERCE ST,,COTULLA,TX,78132-4274
9941012200,LAURI,WILFONG,665 DART HILL RD,,KELLER,TX,75024-7745
54017629,CAROL,CENNAMO,1851 W CENTER ST,,PRAIRIE VILLAGE,KS,80504-3773
17072145,AMY,BEER,15556 BARCLAY LN,,SIMI VALLEY,CA,80005-1189
999000465,CAROL,ROSENBERGER,53318 CLAYTON CT,,JUSTIN,TX,42240-5183
44011251,MICHELLE,FEHRING,7318 SUPERIOR DR,,DEFIANCE,MO,85747-6065
6046678,YOLANDA,JOBE,58858 KOBORT CYN,,CARLSBAD,CA,76472-0054
63009194,CYNTHIA,CUMMINS,178 SHOREHAM CIR,,ELMHURST,IL,32955-2649
4013554,DEBBIE,RADKE,3135 PORTSIDE LN,,TUCSON,AZ,33458-2447
40043374,PAMELA,LAWRENCE,8519 W DEANNA DR,,GAINESVILLE,VA,46033-8856
30009673,MARY,JOHNSON,8576 DRESSAGE RD,,SEATTLE,WA,06074-2357
121001254,KRISTIN,COULTER,7398 GRIFFING RD,,EVERGREEN,CO,91104-1628
26020628,CYNTHIA,HESS,8668 SW 58TH AVE,,MARICOPA,AZ,77539-8373
114007244,BRUCE,HARRIS,3518 WYNDWOOD DR,,BLOOMING GROVE,TX,72103-9179
106001180,BRITTANI,WHITE,5515 WOODLAND DR,,ALLEN,TX,61822-7982
19024464,SHARON,WOOTEN,1733 NW 73RD AVE,,SCHAUMBURG,IL,75219-8613
9938007859,STACY,SAENZ,581 BEAUPREZ AVE,,DENVER,CO,33469-2613
70000683,LAURA,CLEMENS,853 GUINEVERE PT,,VERNONIA,OR,38118-2412
125002767,STEPHANIE,HARRIS,135 Trainward ST,,WEST RICKYSIDE,FL,80133-1547
5024594,JILL,TAL,5513 MEMORIAL DR,,NEWARK,CA,76262-8868
124001864,JAMES,HELM,659 SCHAEFER AVE,,GREENVILLE,TX,85024-8664
9930019651,MICHELE,RUFF,883 OVERLOOK BND,,LONGVIEW,TX,95662-3459
44011949,MINDY,REYNOLDS,55915 W 68TH CIR,,SAINT LOUIS,MO,78256-2351
18017259,JOANNE,ALBANO,55319 85TH AVE N,,INDIANAPOLIS,IN,80220-6245
18022096,TAMIKA,NICHOLS,5387 DANIELLE LN,,INDIANAPOLIS,IN,43560-2968
106004928,KATHY,MONROE,683 BELLMEADE CT,,CORINTH,TX,78070-5925
9941017099,BETH,ROONEY,5887 WARFIELD DR,,BLUFF DALE,TX,37043-5340
60009554,LINDSAY,GREEN,5633 FANTASIA DR,,MANCHESTER,CT,92881-0782
68001264,TRACE,MCINTOSH,57393 W 67TH AVE,,OKEECHOBEE,FL,06081-9611
75001047,ELIZABETH,TAYLOR,53966 REYNOSA DR,,POCOLA,OK,75104-8106
110001393,LISA,PETERSON,385 TREE BARK LN,,FORT WORTH,TX,97124-6740
68001509,BETTY,SOSA,1885 FRONTIER RD,,CARLSBAD,CA,77539-3346
106012311,SUZETTE,DEANGELIS,3339 REYNALDO DR,,PILOT POINT,TX,08836-0015
47017879,DEBBIE,BLACK,3188 LIPSCOMB ST,,FLOYDS KNOBS,IN,48094-1449
38038528,DARYL,BAKER,9888 EAGLETON LN,,WASHINGTON,MI,46755-1209
63010457,DENISE,LITTLEJOHN,1558 S EL DORADO,,PONTE VEDRA BEACH,FL,44067-2710
58009863,LISA,COX,586 SAINT IVES N,,PERRYSBURG,OH,76234-3755
5026520,CATHIE,GIOVINCO,55133 ALENCON DR,,AUBURN,CA,75032-5202
12015083,LINDA,FAHRENBRUCH,5181 CALDWELL DR,,FRISCO,TX,75041-5011
47020434,CHERYL,BLAIN,513 SPINNERS RUN,,LOUISVILLE,KY,75032-7304
9930015881,KIMBERLY,KELLEY,533 HAVERHILL LN,,NEW WAVERLY,TX,76092-8926
9905014301,SHARI,GRIFFIN,138 WINDWARD WAY,,WORCESTER,MA,75088-1206
18020264,MAUREEN,TOMLIN,3151 STANNARD DR,,MCCORDSVILLE,IN,85202-7308
9935017900,PAULA,HUANG,5837 KEYSTONE DR,,WATAUGA,TX,63385-4910
75000129,LINDA,LIVINGSTON,587 ENGLEWOOD ST,,BENTONVILLE,AR,90212-0367
114005283,TINA,MARLOW,5855 OAKLAND CIR,,DALLAS,TX,71801-1046
115007062,SUSAN,MCCANTS,5511 MYRTLE LOOP,,LAWTON,OK,32812-7965
101002087,LISA,MCDOW,57388 CANTARA ST,,BRENTWOOD,TN,80116-8581
110004307,KAREN,LUDOVICO,3115 ENDICOTT DR,,ARLINGTON,TX,33409-2032
18016772,JENN,BURT,3783 ROCKDALE DR,,ANDERSON,IN,75069-8721
9934008365,KELLIE,FORESMAN,8831 35TH AVE NE,,CENTENNIAL,CO,07675-6360
47017434,STEVE,WILSON,15685 VIA VIENTO,,GEORGETOWN,IN,80237-2978
9026736,JACQUELINE,STEPP,137 Trainward ST,,MARTINCHESTER,TX,35634-2865
9923011308,CATHIE,PARRISH,5889 BAYBERRY DR,,SAN ANTONIO,TX,46806-1875
9937025764,CARLA,HERRERA,11 BALSAM FIR RD,,CELINA,TX,97006-6735
32014123,LINDA,TOLSON,3731 ROCHDALE DR,,FORT WAYNE,IN,34223-2015
9930036038,ALISA,WELLS,18515 DOEWOOD DR,,ROWLETT,TX,92130-2634
9933001486,JANICE,BERNACCHI,5153 NW 586TH DR,,MONTGOMERY,TX,46506-9457
78003404,BECKY,GARCIA,58 STONEHENGE DR,,CLEARWATER,KS,77334-0419
1027049,BARBARA,KILLGORE,3563 MESQUITE RD,,TUSTIN,CA,25504-2219
39035610,NOKE,ADAMS,583 THORNWOOD LN,,TAMPA,FL,01081-9708
104004418,KIRSTIN,LONG,58869 51ND WAY N,,HURST,TX,06089-9501
121002294,REBECCA,SCHUERING,58855 W EARLL CT,,GOLDEN,CO,91791-1720
9923010943,KARLON,NORMAN,358 BLUE BELL CT,,SAN ANTONIO,TX,78254-5671
30011566,DONNA,KELLEY,3896 S ANDES WAY,,ARLINGTON,WA,80215-2552
9903003732,JANE,GOLDSTEIN,3555 REGENT PARK,,SPRING,TX,91602-2490
54017365,BONNIE,AKAN,3885 WHEELING DR,,WDM,IA,80909-2832
64011164,VICKI,DOGGETT,1758 FALMOUTH RD,,AUBURN,MA,92688-2820
9907009281,JOSEPHINE,MESSINESE,1675 MARSTON HTS,,MCKINNEY,TX,77041-6095
15082648,TAMMY,STOCKARD,138 Trainward ST,,MORALESTON,WA,60008-3410
63005598,LOIS,CHASE,5985 HARBOUR CIR,,JACKSONVILLE BEACH,FL,92660-6626
77005255,DEBBIE,WESTBROOK,3851 ROSEWOOD DR,,DURHAM,CT,33971-2036
9937023283,KISHA,BLANTON,56988 HAMPTON DR,,ABILENE,TX,93230-9746
9930030259,VICTORIA,SCHUBERT,9198 MELBORNE CT,,EDMOND,OK,02135-2402
11018026,SALLY,DUFFY,518 WOODVIEW TER,,SAN JOSE,CA,73071-7160
125002926,YVONNE,GRIFFIS,59787 ENCINO WAY,,CARROLLTON,TX,72712-3413
9917124677,KATHLEEN,GERAETS,1858 LANGHORN DR,,NEW BRAUNFELS,TX,77377-4014
59015211,STEPHANIE,DOVER,763 SUMMERSBY LN,,AZUSA,CA,77316-9662
25029771,SOILA,MYERS,163 Trainward WY,,ALVARADOHAVEN,WA,34608-8474
9945052512,VIRGINIA,PAQUETTE,581 RIVERSIDE DR,,CUMBY,TX,34120-4768
9944002264,CINDY,AMDUR,3857 S HARLAN ST,,FORT WORTH,TX,78861-3201
39041852,LINDA,ROBINSON,169 Trainward WY,,WEST RICKYSIDE,TX,77316-9523
83001519,JANNA,HARRIS,53587 ASCEND TER,,ALVA,FL,78119-5318
9916116153,BARBARA,HUGHES,99 POKONOKET AVE,,EDMOND,OK,76643-3681
106006735,DARLENE,MCCARTNEY,53658 HIGHWAY 36,,THE COLONY,TX,73034-5847
31019870,NANCY,FERLITO,151 RIVER OAK CT,,WILMINGTON,NC,76012-5402
25022800,JAN,KIMBALL,865 DRIFTWOOD ST,,ROYAL PLM BCH,FL,43402-2745
49015901,LOU ANN,KELLY,55578 73TH AVE N,,SAINT CLOUD,FL,78023-3406
72005508,LAURA,HOP,833 E IVANHOE CT,,MARINA DEL REY,CA,37160-5712
106008296,KELLI,COREY,7885 HOULTON CIR,,MCKINNEY,TX,80920-4718
20012948,LISA,MCDONALD,1838 WICKFORD RD,,FERNDALE,WA,60143-1489
9945054326,JANN,RABBA,76 STONERIDGE RD,,GREENVILLE,TX,91406-4422
52018100,DEBBIE,MALL,8655 BOXELDER DR,,GAINESVILLE,VA,91604-2135
58008731,ROSEMARY,BADER,156 Trainward DR,,WALDWICK,MA,86047-2878
111000203,DENISE,RUSSELL,3785 GARRISON RD,,PEARLAND,TX,90402-1914
9943058345,MISTY,JONES,536 HOLLISTER DR,,TOMBALL,TX,76049-7061
18020705,SUSAN,MCGLONE,58739 N PARK AVE,,NEW PALESTINE,IN,75070-2876
9936005717,LINDA,HOSTETLER,5335 S BILOXI CT,,ARLINGTON,TX,08057-1435
9911005651,ANN,COELHO,3768 MARCELLA DR,,ARLINGTON,TX,75228-6041
102003254,JANINE,SPARKS,5158 N MORGAN ST,,GUTHRIE,OK,98027-5602
570016946,KELLY,DULAY,3535 S OXFORD DR,,PELHAM,NY,16505-2239
25030062,MARGARET,MCCASLAND,5381 BURGUNDY CT,,LOXAHATCHEE,FL,75225-3353
9909167974,BOB,HERRIER,3888 SAVANNAH PL,,NORTH HAVEN,CT,80421-2210
5025390,ALMA,WELCH,5376 PIEDMONT LN,,LINCOLN,CA,28803-3243
9917136576,CAROLE,HOWERTON,1685 HEATHROW DR,,HELOTES,TX,92114-1712
9914013777,DIANE,GROEN,5958 JAMAICA WAY,,BELLAIRE,TX,75025-3927
9917112345,JOYCE,LONG,3383 WESTWOOD DR,,CIBOLO,TX,91367-4021
9911006142,MARY,MCCLENDON,59811 LAJUANA LN,,FORT WORTH,TX,92870-7505
105005041,BRITTANY,MOSES,13 PADDINGTON CT,,MANSFIELD,TX,32092-2101
51014195,TINA,FAULKNER,1855 LAKESIDE DR,,PALMETTO BAY,FL,07481-1217
65026149,ROSEMARY,MCGAUGH,51885 WAGON PASS,,GROSSE POINTE FARMS,MI,80918-8101
75001304,GLYNIS,PETERS,51135 N FRIAR DR,,BENTONVILLE,AR,75007-6069
44011111,AMY,MAYMON,156 TRAFALGAR LN,,ELLISVILLE,MO,06111-5124
76001674,BRENDA,BEESON,51316 BARTELT LN,,BROOKLYN,NY,73099-8023
39036587,ASHLEY,KING,65 STONEHENGE DR,,PALM BEACH GARDENS,FL,48161-0360
59013026,LINDA,MEYER,53316 COMPTON RD,,SAN DIMAS,CA,93012-9310
104006638,ANDREA,ANDERSON,153 SAVANNAH RDG,,NEWARK,TX,76248-7205
9935021614,LYNN,LAWRENCE,6353 PANORAMA DR,,SOUTHLAKE,TX,44130-3201
126002079,CHARI,STEWART,3515 CERVINIA DR,,ALLEN,TX,90605-2409
9907010590,LESLIE,HARMON,3856 FAIRVIEW DR,,DENISON,TX,75206-6023
15081624,DEBRA,BRUNET,5889 N GLADE AVE,,NORTHRIDGE,CA,80303-2858
105000403,MELISSA,BROWN,15857 AGARITO LN,,CEDAR PARK,TX,06096-1125
6039648,ROSEMARY,COBO,5589 ROBINSON RD,,LAGUNA NIGUEL,CA,98026-5704
122002484,LINDA,SMITH,5553 PINE GAP DR,,VALLEJO,CA,80601-0371
25027461,JACKIE,ZENNER,55 SUGAR MILL DR,,ROYAL PALM BEACH,FL,76248-8723
9917122834,BRAD,SCOTT,51831 FOREST TRL,,NEW BRAUNFELS,TX,78413-4507
9937031390,JENNA,MESKIS,1585 NW 551ND ST,,LITTLE ELM,TX,78249-4115
39038133,RUTH,MOREHEAD,7367 MCINTYRE ST,,FORT PIERCE,FL,91914-3610
11016000,ANDREA,DEVINE,51318 SW AMES LN,,WELLINGTON,FL,07481-1011
26022469,VANESSA,BLACKBURN,3788 HILLSIDE DR,,LINCOLN,NE,18087-0207
9941104799,KATHY,KAYE,5355 HADLEIGH PL,,HURST,TX,48152-3950
52018424,STAYCE,JOHNSON,535 HOLLYWOOD DR,,HERNDON,VA,75067-5565
120003428,STACEY,VOELZ,8853 CALMOSA AVE,,LAS CRUCES,NM,77583-0989
6041118,ELYSE,MATHENY,1631 NW 73RD AVE,,SAN CLEMENTE,CA,33990-1881
52016416,MEGAN,COFFMAN,3958 HIGHWAY V58,,GAINESVILLE,VA,75126-7732
106000026,PHUONG,ROTTNER,1583 GARRISON DR,,MCKINNEY,TX,98052-9428
9923000923,TRACY,PACHECO,5653 NE 587TH ST,,SHAVANO PARK,TX,06035-2106
54017744,ANNA,GREEN,1533 LAKEWIND LN,,CARROLL,IA,85248-6235
77002527,MITCHELL,FLANAGAN,6119 STOCKTON DR,,RIVER VALE,NJ,75033-2773
9945061549,JO,REIGHARD,3558 KENNINGS RD,,DALLAS,TX,02454-9110
121001632,JENETTE,MCCOY,555 OVERBROOK DR,,LAKEWOOD,CO,95677-2649
45011820,LAURA,TURNER,58 STAGECOACH RD,,SAN MATEO,CA,01056-0367
9942051197,KELLI,SOMMER,5 APPLE RIDGE LN,,BOERNE,TX,33544-7917
110002886,MICHEL,CHAVEZ,5585 SHERMAN AVE,,FORT WORTH,TX,85387-2797
58011329,MARIA,MCGATHY,6593 S STEELE ST,,MAUMEE,OH,46902-5063
71008463,SUE,FERREE,385 SUNSHINE TRL,,FRANKLIN,TN,76001-5372
4012685,WANDA,WEAST,3718 ALMIDOR AVE,,COCHISE,AZ,37027-8680
9917109255,JOY,LITTRELL,55858 COOKSEY RD,,SAN ANTONIO,TX,06118-1736
54014084,TERESA,NASTASI,3333 PILGRIM WAY,,LAGUNA HILLS,CA,92886-4328
40049308,CLAUDINE,REQUARTH,658 DUSTY KAY ST,,WINTER GARDEN,FL,80731-2622
60012702,ROBERT,JONES,5335 LAVENDER RD,,ENFIELD,CT,75117-0367
9917107460,MICHELLE,DALY,1851 JEWETTA AVE,,SAN ANTONIO,TX,91362-4988
9904049088,SALLY,HEINZIG,3761 VERMACK RDG,,PARKER,CO,90035-1114
105005462,TERESA,ROY,5876 SEAGROVE CV,,MIDLOTHIAN,TX,94087-5049
115006398,BECKY,OXFORD,13813 PECAN CV W,,MUSTANG,OK,77510-0310
17070592,BECKY,KOLOMYSKI,3588 ASHWORTH RD,,MOORPARK,CA,85206-4661
124002001,DEDRA,GELDERT,3583 W 551TH CIR,,ROCKWALL,TX,50266-2165
9938019526,SUSAN,ROBERTS,3953 OAK DALE DR,,PHOENIX,AZ,73128-7002
103004789,CATHERINE,COLLIER,5593 HENDRIX AVE,,HGHLNDS RANCH,CO,73003-1034
7017505,CATHY,PARKS,185 GREENLAND LN,,IRVINE,CA,06851-2931
25028931,JONA,MOUTON,185 RANGEVIEW DR,,WEST PALM BEACH,FL,78130-3404
9903002648,CHERI,FREY,3186 KENICOTT DR,,CLEVELAND,TX,60193-1841
2014580,PAMELA,URSO,989 YEARLING WAY,,PORTER RANCH,CA,80016-4083
107000738,MAREN,FREEMAN,58556 NW 53TH CT,,BOULDER,CO,50207-9617
120004827,TIFFANY,MCDONALD,5 S SECHREST CIR,,COLORADO SPRINGS,CO,65023-3448
103000242,SHIRLEY,SPENCE,8335 STEWART AVE,,CASTLE ROCK,CO,73644-1456
9938014728,CYNTHIA,GUTIERREZ,6717 JOG PALM DR,,LYONS,CO,92009-8703
77001804,SHERRY,THOMPSON,6583 MILLWOOD DR,,DUMONT,NJ,93063-3634
46020697,SANDRA,TIPTON,5788 S GRANT AVE,,FLEETWOOD,PA,92691-2108
9912003938,CICELY,CHAPMAN,7855 CAMPANIA DR,,FRIENDSWOOD,TX,77386-2974
65022876,PAMELA,CAAL,1316 PHEASANT LN,,NORTHVILLE,MI,76013-5206
54014992,CYNDEE,HOWES,3685 SE 16TH AVE,,ELDRIDGE,IA,72712-3915
115001614,MELINDA,WALLER,5 COUNTRYSIDE LN,,CHOCTAW,OK,99301-8641
125002475,EMILY,KELLEY,5895 E KETTLE PL,,ROANOKE,TX,98033-6666
102003770,MARJORIE,TURSKY,53 HILLCREST AVE,,CONROE,TX,80863-9042
82001424,PENNY,REED,3651 WENTWOOD DR,,CORONA,CA,95650-7114
44011955,ANGI,GEMMELL,6858 BERRIDGE RD,,SAINT LOUIS,MO,92835-2130
9936020556,LAURA,BATTISTI,55858 ST PAUL ST,,ARLINGTON,TX,01746-1737
105006897,KATHY,VAUGHAN,1853 CROMWELL DR,,MANSFIELD,TX,63025-1035
83000766,STEPHANIE,TREMBLAY,398 SAGAMORE TRL,,FORT MYERS,FL,75009-0977
9906036192,BRITNEY,BEASLEY,5588 PAULINE AVE,,HERSHEY,PA,46256-3495
9915003294,WILLA,KING,9788 CANBERRA DR,,ENNIS,TX,85295-4867
9938025491,ISOBEL,BARTROM,751 PARKHAVEN DR,,AURORA,CO,34997-4203
77003998,CHARMAINE,MAXWELL,989 CHAMPIONS DR,,NORTHVALE,NJ,76063-3313
9922000090,CAROL,JONES,58151 HUMBOLT ST,,COMMERCE CITY,CO,78234-1090
112001210,JODIE,MCCARTHY,938 LIMEWOOD AVE,,CONROE,TX,78006-5317
3022234,DEBBIE,ROSS,51581 DOHONEY RD,,WHITTIER,CA,77345-2157
66005122,VICKI,RIKSEN,3538 S LEMAY AVE,,SANTA ANA,CA,98103-8613
114005920,MARK,PARKER,1888 LAUREL PARK,,WOODWAY,TX,80138-8096
9916108127,TINA,ODANIEL,5659 OAK TREE CT,,EDMOND,OK,91730-1612
71005143,SUSAN,WRIGHT,3881 LINKVIEW DR,,SIMI VALLEY,CA,85226-2331
67006093,LYNN,BIORN,58588 SE 78TH ST,,THOUSAND OAKS,CA,48322-1714
9937020466,RON,DIETER,6761 S DOVER CIR,,PLANO,TX,80126-4764
9934008399,VALERIE,SIRLS,11838 NE 53TH ST,,ELIZABETH,CO,78248-1142
58011930,MARTA,FERO,533 CHADWICK TRL,,TOLEDO,OH,99511-1035
65025558,LEANNE,EWING,1953 KIRCALDY CT,,LIVONIA,MI,91364-5908
9930007961,TERESA,LAWHORN,19837 HUFFORD RD,,IRVING,TX,75056-5626
66006017,JOY,MERCER,6 GLENDENNING ST,,TUSTIN,CA,63127-1303
9925000420,JO,NEALE,58378 NW 63RD DR,,SAN ANTONIO,TX,75633-5246
103001340,XIOMARA,HATT,5N158 CENTRAL RD,,DENVER,CO,78213-1556
77001361,BONNIE,HEDGEPETH,51 NEWBRIDGE AVE,,RAMSEY,NJ,92335-4316
9932004642,PEARL,ROGERS,1586 MADISON AVE,,CHATTANOOGA,TN,94546-1054
9932040680,SHAR,ALLEN,117 Trainward WY,,RAMOSMOUTH,CA,30305-4159
9936006980,JENNY,MILLIGAN,58355 LION CHASE,,NORTH RICHLAND HILLS,TX,73099-1300
70001348,SHARON,CZAPLICKI,5838 S WALNUT DR,,PORTLAND,OR,46037-7803
9934015723,CHRISTI,MCVAY,5 GRAY STONE WAY,,PARKER,CO,33472-7367
58012130,SANDRA,FRASCHINI,175 GOODNIGHT RD,,WATERVILLE,OH,78240-4938
77002248,HEATHER,SLOAN,5558 ROSEWOOD ST,,RUTHERFORD,NJ,75088-3843
9935017636,KAREN,ANTONIO,57589 E GRAND DR,,KELLER,TX,46217-3932
9937000708,KRISTIN,MARCELL,9837 WHITWELL DR,,AUSTIN,TX,68046-4771
77004062,SUSAN,STOUT,7555 GREYMOOR DR,,BAYONNE,NJ,32827-6903
59013217,SIERRA,CORTEZ,5785 SAVANNAH DR,,GLENDORA,CA,48393-2857
9930026090,NONA,LENART,1788 MINTWOOD PL,,FORT WORTH,TX,81001-1072
54015596,JUDY,YOUNG,668 FARM LAKE DR,,ANKENY,IA,78253-6250
75000102,SUE,LEWIS,6783 PARKWOOD DR,,FAYETTEVILLE,AR,43623-3239
63010169,DEBBIE,SUTHERLAND,5538 E EUGIE AVE,,ATLANTIC BEACH,FL,85251-1313
9937022594,MARGOT,KALKOMEY,58716 HERSHEY DR,,GARLAND,TX,75951-0016
9932005439,CYNTHIA,OCONNOR,753 PENDRAGON CT,,NASHVILLE,TN,77074-7739
77003271,LORI,THOMPSON,3659 589TH ST NE,,RIVER VALE,NJ,78233-3973
52019520,MARILYN,BARRETT,51883 MELANIE CT,,FAIRFAX,VA,06033-1250
77000983,KATHY,CRAWFORD,3833 CARLSBAD CT,,BERGENFIELD,NJ,01085-1196
116000452,MARGARET,BEUSE,16558 ALBERTO CT,,SAN ANTONIO,TX,30144-5721
9941014134,CARMEN,KANE,5938 SPURWOOD DR,,FORT WORTH,TX,73703-4715
9020860,DENNIS,BURTLESS,38 CLEAR POND DR,,SCOTTSDALE,AZ,80122-2973
40041579,ELAINE,CLARK,35781 RAPHAEL DR,,TALLAHASSEE,FL,90001-3156
18017073,CHARLOTTE,CASTELLANOS,58156 MEDLOCK DR,,ZIONSVILLE,IN,06085-1304
65025253,REENA,AILARA,5911 W AUTUMN LN,,FARMINGTON,MI,77355-4346
3025715,WENDY,SALIZZONI,518 OXBOROUGH CT,,CERRITOS,CA,37064-4259
17070623,TRACY,WRIGHT,538 S FRASER CIR,,OAK PARK,CA,85260-2121
9907017341,CAROL,HENDERSON,58385 MATADOR DR,,COPPELL,TX,46259-5795
64011686,RON,HOLLINGSWORTH,56985 NW 76TH ST,,EPSOM,NH,80138-6313
60009018,BROOKE,COX,9131 STARPASS DR,,WETHERSFIELD,CT,50323-2465
60009455,VICKIE,DOYLE,181 CRESTWOOD DR,,HEBRON,CT,75034-5908
58011726,LINDA,MINTER,58869 TOWNLEY DR,,LEIPSIC,OH,80260-6394
107004619,ELOISE,RACIOPPA,58339 ROGERS BND,,WOODINVILLE,WA,78504-2212
63009338,CAROLINE,LORCH,588 SPICEWOOD CT,,WINTER HAVEN,FL,80108-3035
120004253,PATRICIA,LOWDER,1389 NE 17TH AVE,,PEYTON,CO,99350-0809
60011163,MICHELLE,SPEER,1856 LONGHORN DR,,MANCHESTER,CT,78256-1670
9938005885,ZANA,SWEENEY,563 W HEATHER DR,,LONGMONT,CO,85711-3433
105001932,ELIZABETH,HARPER,5835 BARDWICK CT,,ARLINGTON,TX,73003-1032
115006421,MICHE,HARDING,385 N MEADOW AVE,,OKLAHOMA CITY,OK,46147-0274
50019887,IRIS,MILLER,5135 NE 68TH AVE,,HACKETTSTOWN,NJ,43571-9230
54015932,LESLIE,GRIFFITH,7589 CINNABAR DR,,WEST DES MOINES,IA,77389-5244
101002374,NANCY,TATE,787 CHARNWOOD DR,,NASHVILLE,TN,45458-9633
116003356,JOSIE,BURTON,7933 CLARION WAY,,BROOMFIELD,CO,80129-1800
71009313,FRED,POON,1983 BERKELEY DR,,MOORPARK,CA,92637-0899
9919001140,DEBBIE,PHILLIPPI,5757 WESTLAKE DR,,SPRING,TX,77320-3642
23048737,ELLEN,CROSSLAND,118 Trainward WY,,JONESCHESTER,MI,07652-4641
25022448,ALLEN,GERNER,1888 HAMILTON LN,,BOYNTON BEACH,FL,60178-2256
9922001886,ERIKA,TURNER,555 E LINDEN AVE,,LAKEWOOD,CO,75205-1516
23048746,ROBIN,OSULLIVAN,638 WOODSIDE WAY,,SEMINOLE,FL,76137-4471
9921011045,MARY,MACDONALD,1935 55TH AVE NE,,COLORADO SPRINGS,CO,32210-9776
13019163,KERRY,SHULMAN,5537 CARDINAL RD,,CHARLESTON,SC,48036-2979
62018337,JENNIFER,CLARKE,3551 PROSPECT LN,,WOODSTOCK,GA,80124-9563
9913061839,CLAUDIA,BARTLETT,5319 BLUEJACK LN,,SPRING,TX,50265-2228
9917119357,CRISTINA,GRASSI,338 FOX BRIAR LN,,PLEASANTON,TX,78503-3064
9934001036,SHERYL,PUZIO,3355 SEEDLING LN,,DENVER,CO,06033-3936
9934025490,SUZANNE,GIL,138 Trainward DR,,PHOENIX,CT,78255-1904
105003008,ALTHEA,JACKSON,15 INWOOD AUTUMN,,BURLESON,TX,73013-1434
119001378,KELLY,ROOT,586 WOODRIDGE DR,,SPRING,TX,07059-5621
5025955,SHANNON,ARNOLD,585 HAVERHILL LN,,LOOMIS,CA,34997-1329
9904039090,THERESA,RICH,11396 N 583TH LN,,CENTENNIAL,CO,33467-3630
54014820,STELLA,ROTEN,5983 SILKWOOD CT,,BAYARD,IA,48393-2183
9930023232,LINDA,BOCK,3 CLAYCHESTER DR,,ROCKWALL,TX,77388-5499
58012191,SUZANNE,NETHERCUTT,536 LAWRENCE AVE,,FINDLAY,OH,20155-3240
18017437,DEBBIE,CHAMBLIN,6388 REGIMENT PL,,LANSING,MI,33914-6134
82001458,SUSAN,HRUSKA,3981 WARWICK AVE,,LAKE ELSINORE,CA,77019-3210
9923007591,EILEEN,HAGENLOCHER,57 VIA CRISTOBAL,,SAN ANTONIO,TX,07632-1638
123003078,YVETTE,AYERS,13386 CASWELL CT,,HELOTES,TX,54720-1494
9906038139,ROBERT,SORENSEN,1558 BENTHAM WAY,,VALLEY MILLS,TX,75062-5201
9905011521,NANCY,REED,1353 DA VINCI DR,,ARLINGTON,TX,48390-2031
63008405,MARY LOU,SHEMWELL,5695 KNOBHILL DR,,SAINT JOHNS,FL,76092-7707
125001780,DIANE,GOODMAN,383 GIBRALTAR LN,,BEDFORD,TX,78217-3421
63005885,ROSEMARY,WEATHERMAN,5357 MERCEDES ST,,LONGWOOD,FL,37087-3269
103004436,ADRIANA,HOPPER,5353 CHEROKEE LN,,AURORA,CO,32224-1168
39037976,TRACY,BILODEAU,531 SKOWHEGAN CT,,PORT ST LUCIE,FL,33411-6432
9942044344,ROSALINDA,MCCULLOUGH,98 MARSHVIEW CIR,,HOUSTON,TX,46176-9557
9934011110,WANDA,ROLAND,5635 WOODVINE DR,,MISSOURI CITY,TX,80026-1421
71002234,CINDY,SURI,755 SKYWALKER PT,,SIMI VALLEY,CA,76116-9303
39040800,DIANE,LUECKEMEYER,5183 BALMORAL LN,,PALM BEACH GARDENS,FL,65473-8939
106007195,MARY JANE,LINDSEY,551 ELAN HALL RD,,FRISCO,TX,10940-4263
103000231,CATHY,REQUENEZ,5868 HENDRIX AVE,,PARKER,CO,75070-4824
64010468,FRAN,HODEL,3635 NE 38TH TER,,NEEDHAM,MA,73003-3515
83001280,PAMELA,HUGHES,155 W BOURNE WAY,,LABELLE,FL,78045-8153
26020079,KIM,LEMOS,3183 BERRIDGE LN,,GILBERT,AZ,37027-8260
9937015461,SHERYL,KERR,58757 FELBAR AVE,,GRANBURY,TX,85268-5635
83000328,GENEVIEVE,JONES,3138 BENDING CRK,,FORT MYERS,FL,93306-9628
9903001177,HEATHER,UTLEY,1817 HIGHLAND CT,,COLLEGE STATION,TX,06109-1201
9916098461,CAROL,PERNER,55319 38TH DR SE,,EL RENO,OK,85266-8207
30012120,MARY,GEORGE,138 Trainward WY,,WEST RICKYSIDE,OK,85234-4342
22018462,GLORIA,BOWMAN,1635 WOODLAND CT,,PICKERINGTON,OH,76013-1062
9923010785,SHANNON,BYRUM,689 W GRAVERS LN,,SAN ANTONIO,TX,32003-8675
120002701,JANET,STEWART,783 MICHELLE WAY,,FULLERTON,CA,22039-3343
72004591,SUE,MILLER,5553 WENDELL WAY,,VENICE,CA,22152-2234
59014703,EVELYN,SHAHID,9536 YELM HWY SE,,AZUSA,CA,78246-0823
9936029686,JULIA,WATKINS,9358 FERNGLEN DR,,RUSTON,LA,75662-7309
115008986,CHERYL,MATHEWS,815 GLENRIDGE DR,,CHOCTAW,OK,80920-1479
84000294,JOSETTE,HICKERNELL,5951 ANTWERP AVE,,LEAWOOD,KS,07481-2416
116003671,JILL,JOHNSON,1336 NEWPORT CIR,,SAN ANTONIO,TX,43521-9758
26019513,NANCY,GIFFORD,88 E MOUNTAIN RD,,CHANDLER,AZ,75044-5430
78002431,HEATHER,CAVER,5773 BROCKTON CT,,FONTANA,CA,78231-1919
58011379,KIMBERLY,MACLEAN,9588 MAYBROOK DR,,PEMBERVILLE,OH,80020-1728
103006263,ROXANNE,PETERSON,1135 PHEASANT DR,,SEDALIA,CO,79424-4202
9907014300,DAVID,KEANE,5888 TAMARACK DR,,LINDSAY,TX,77539-8315
47016873,STEPHANIE,ROLLA,56689 CALAHAN ST,,THE VILLAGES,FL,92804-3251
105006882,NICOLE,MACK,755 HEDGEWOOD DR,,ARLINGTON,TX,80015-3077
54015507,PATRICIA,FAIRCLOTH,5888 W CAMPUS RD,,PELLA,IA,77339-2606
47019655,WAYNE,RIDLING,55637 BOLERO CIR,,ST PETE BEACH,FL,06043-7632
59013372,VIRGINIA,CANDELARIA,558 CHERBOURG DR,,RANCHO CUCAMONGA,CA,72712-8018
9935023439,MITZI,RUPICH,3133 SPIDER LILY,,KELLER,TX,90706-5695
67005465,MARTHA,BOWES,3311 FERNSIDE DR,,GOLETA,CA,33473-4834
113001751,CECILIA,KEOUGH,3685 NW 573TH ST,,SUGAR LAND,TX,92673-4008
52016628,DEBBIE,TIMMONS,5788 HERITAGE CT,,GAINESVILLE,VA,22191-4135
106008125,ELIZABETH,JENSEN,163 Trainward WY,,ALVARADOHAVEN,TX,92883-4102
999003697,FRANCES,SLAUGHTER,588 CYPRESS LNDG,,FLOWER MOUND,TX,33470-3169
7017002,NAOMI,LI,1535 CAMELLIA ST,,SANTA MONICA,CA,36303-1900
9942053905,NANETTE,TREZZA,556 CREEKSIDE DR,,COLDSPRING,TX,33426-3429
40047322,SUZANNE,MILLER,1535 ALCLOBE CIR,,DELAND,FL,77008-3446
9923002368,LORI,ELIS,533 SETTLERS WAY,,SAN ANTONIO,TX,06277-1900
24089109,KRISTI,RODRIGUEZ,5835 STANFORD DR,,LOS ANGELES,CA,46818-9184
114005514,DEBRA,MCGUIRE,3889 WINDSOR RDG,,TOLUCA LAKE,CA,77059-3749
58012233,JEFF,PELO,167 Trainward WY,,JONESCHESTER,CO,72602-2658
25028453,CHRISTLE,MACKEY,3857 SW ARLAN LN,,GREENACRES,FL,91320-3308
40049738,SAUNDRA,VIKE,5355 563RD CT NE,,WINTER PARK,FL,07676-4244
23043627,LINDA,FEY,38315 58TH AVE S,,TAMPA,FL,92316-1508
78002919,CYNTHIA,GRANT,59835 ARMINTA ST,,JOPLIN,MO,80138-7183
9904042176,MARVEL,CLAYTON,66 S HUNTERS RDG,,CASTLE ROCK,CO,75010-4160
6044211,DEBRA,STEFFEN,3933 CORTONA WAY,,WILLIS,TX,07675-5563
104007553,EMILY,FAHRNEY,3851 RED OAK TRL,,NORTH RICHLAND HILLS,TX,75013-4744
9919001720,PAT,HIGGINBOTHAM,15375 MILLARD LN,,LUBBOCK,TX,63005-4524
110004807,ANDREA,HECHT,5133 SHENNANDOAH,,FORT WORTH,TX,75007-4889
110003660,BRAD,MUCKENTHALER,838 TWIN OAKS DR,,FORT WORTH,TX,48051-1503
44010741,JUDY,MECHLER,7593 S TELLER CT,,SAINT LOUIS,MO,92675-1739
4014834,DIANE,BLAKE,1338 N LUTHER RD,,YUKON,OK,85248-0008
72006356,BRAD,LANNING,66 RANDLETT PARK,,BAL HARBOUR,FL,48324-1298
106010117,SANDY,ROBERTS,5335 WESTVIEW CT,,LEWISVILLE,TX,63129-6030
9936012937,ALISON,ROA,55559 CEDAR PARK,,MANSFIELD,TX,34142-2054
125001855,LAURIE,ALCARAZ,5983 BIG PINE DR,,SOUTHLAKE,TX,06016-9563
63010064,DANA,HORST,136 Trainward ST,,WESTFIELD,MA,72703-2907
67005679,MONICA,TILLS,3678 BENSTEIN RD,,VALENCIA,CA,77386-2572
103003994,WILLIAM,ROSALIES,1713 S RINCON DR,,AURORA,CO,90265-2611
44008802,JANET,O'SPEERS,11535 FAUBION PL,,HATTIESBURG,MS,85142-6289
124004427,KIM,ROSS,3565 LARKSONG DR,,ALLEN,TX,76001-6960
999000589,PAM,BRIER,18733 E WILSHIRE,,COPPELL,TX,76039-5205
78002745,NORA,MCGARRY,138 HALBERTON DR,,HOLLISTER,MO,07642-1124
11020210,TERESA,EVERLOVE,1617 GREYHAWK DR,,ALBUQUERQUE,NM,80121-1318
9937035802,CHRISTY,VARNEY,55353 W CAPRI PL,,LEWISVILLE,TX,76088-6404
9916108239,FAY,RAISH,1336 NEWPORT AVE,,ELK CITY,OK,75034-4532
52018624,JESSICA,RODGERS,3857 COTTERS CIR,,SPRINGFIELD,VA,50312-1104
54016278,LISA,WALTERS,7551 OVERVIEW ST,,DES MOINES,IA,33410-1614
103004508,MARIE,LILES,3597 WATSONS BND,,CENTENNIAL,CO,92009-9517
9923003726,YVONNE,MAIORANO,581 NORTHAVEN ST,,SAN ANTONIO,TX,78414-3761
7016409,TINA,WADSWORTH,153 ARROWHEAD RD,,DAVIDSONVILLE,MD,20156-0824
5023873,CYNTHIA,EFRON,3837 WINDWARD DR,,ANTELOPE,CA,73071-1704
15081673,PAM,MCPHERRON,5388 GUARDIAN DR,,TARZANA,CA,75189-8628
77004748,NANCY,CHAN,1718 TEALWOOD DR,,WYCKOFF,NJ,92688-2958
13020062,DEBBIE,TILLMAN,5363 NW 588TH ST,,NORCROSS,GA,33469-1647
15082397,HILDA,BARNHART,18111 MEADOW FLS,,NORTHRIDGE,CA,76248-7304
18019591,BRENDA,BERTRAND,157 Trainward DR,,IRVING,AZ,77382-1157
58011529,DENISE,GREEVER,5951 STEWART CIR,,CURTICE,OH,80027-3281
9930015338,MICHELLE,CRABTREE,9555 PRAIRIE CRK,,FRISCO,TX,77062-3614
9944006910,CHRISTINE,KELLY,3888 SEQUOYAH DR,,RICHMOND,TX,78230-5231
9936026028,KIT,HOLDER,8199 LINTON BLVD,,VALLEY MILLS,TX,63383-7356
4014085,LAURA,BAIRD,385 GRAY FARM RD,,GOLDEN,CO,34135-4031
71009185,NINA,NEWMAN,53883 E FAIR AVE,,CENTRE HALL,PA,92675-3121
18021721,CORINNE,PREIS,8689 NW 553TH ST,,FISHERS,IN,38580-1960
9937035823,BARBARA,RIFFE,59 SPLIT ROCK RD,,PROSPER,TX,75048-1911
9942039572,ANN,WILLIAMS,5585 SE DOLAN DR,,LOUISVILLE,KY,77008-2350
54014699,PEGGY,MACHADO,556 BEECHWOOD DR,,MARION,IA,97217-4776
53012556,SUSAN,LUNDBERG,13858 OSPREY RDG,,PORTLAND,OR,91403-2556
78000287,DENICE,MCKEARNEY,819 HERMISTON DR,,CENTERTOWN,MO,33458-7700
4015384,SIMON,BENEDETTO,985 CRESTMOOR DR,,TUCSON,AZ,98082-1856
53012068,JEAN,CRAVEN,8557 W 551ND TER,,BEND,OR,37167-4901
25027277,AMY,MOORE,836 BRENTWOOD PT,,WEST PALM BCH,FL,98685-3329
77003042,BEVERLY,PROFFITT,5858 BURKHART RD,,PLATTE CITY,MO,07830-4220
107000377,SHANNON,ZIVLEY,1996 TRANQUIL LN,,COMMERCE CITY,CO,63069-3623
25027698,JULIE,FREY,6755 BROADWAY ST,,LAKE WORTH,FL,12531-5323
9916106202,SHARON,LAZARUS,516 HILLCREST RD,,OKLAHOMA CITY,OK,76354-3107
9923004482,ANNE,RICHARDS,3557 SE 68TH AVE,,SAN ANTONIO,TX,66701-2513
9926000157,NIKKI,PERKINS,18719 BASSETT ST,,ROWLETT,TX,20120-1227
3022611,KATHY,GEIER,3381 DEEPWELL LN,,HEMET,CA,07030-5762
58011942,MARCIA,FLEMING,8735 JELLISON ST,,MAUMEE,OH,77040-2580
17070072,CHRIS,LOCKE,7388 S MONACO ST,,OXNARD,CA,85021-8716
114006844,CYNTHIA,CRAVENS,5187 GHINAUDO RD,,CARTHAGE,TX,01748-2305
115007857,DEBBIE,RICHMOND,9635 AIR PARK DR,,OKLAHOMA CITY,OK,78240-5367
9932040165,KATHY,NOYES,3538 S ALBION ST,,GALLATIN,TN,75023-7414
23047396,GINGER,HUSEBY,1856 COTSWOLD CT,,SEBASTIAN,FL,77034-2147
58011066,KATHY LEE,BAIER,6783 NW 591ND ST,,CANTON,MA,97124-1712
39039903,CHERYL,SENAY,5119 W DUPONT ST,,JUPITER,FL,52806-5443
53012342,SANDRA,MULLER,7395 NW 588TH ST,,RENO,NV,85712-1709
103001720,STACEY,DIEBOLD,535 PRIMROSE CIR,,EDWARDS,CO,76244-6618
9921009313,DONNA,MUNDT,1383 HILLSIDE CT,,CAMARILLO,CA,77406-0025
39029665,LESLIE,PARK,3515 SHAWNEE TRL,,ASHBURN,VA,76014-3402
10022096,BROOKE,DOERING,5995 S LEYDEN ST,,SCOTTSDALE,AZ,33076-2351
26022773,DEBBIE,PERRY,7888 CARLISLE LN,,SAN TAN VALLEY,AZ,91786-2416
102003418,WHITNEY,SPEAKS,7166 TEASWOOD DR,,CUMMING,GA,01081-9714
39038706,COLLEEN,MUELLER,381 CHAMBORD TER,,PORT SAINT LUCIE,FL,98407-1813
61009008,FAYE,SIMPSON,553 RIVERVALE RD,,COLLINSVILLE,CT,80908-1409
51013913,SUSAN,STEWART,3365 MORPHEUS LN,,MIAMI,FL,95747-7315
26022682,PEGGY,LARSEN,55835 NW 58TH ST,,GILBERT,AZ,69149-2506
9916110540,ELAINE,HEINES,55886 POLYNESIAN,,PIEDMONT,OK,73013-1650
9919018471,ANNIE,HUGHES,7838 SW 563TH ST,,HOUSTON,TX,78249-3142
75000759,ANGELA,MCLERRAN,6359 CAPE COD DR,,JACKSONVILLE BEACH,FL,76033-6604
9916106080,TAMMY,SIMON,558 WESTWOOD AVE,,WICHITA,KS,85284-1629
9923002907,SHARON,DIECIDUE,5388 COVENTRY CT,,RUIDOSO,NM,76051-8415
9027512,MARTHA,HANSEN,1875 RUSHMORE CT,,SCOTTSDALE,AZ,97006-2895
111002395,KELLI,SARNELLI,3871 EDGEMONT CT,,HOUSTON,TX,76230-6260
123002324,BECKY,TOURTILLOTT,133 Trainward ST,,MOOREVIEW,IA,37211-7137
106002712,KELLEY,CRABTREE,353 GROVEWOOD LN,,PLANO,TX,72916-9114
114007748,BRENDA,BAKER,1818 HARRIMAN LN,,GARLAND,TX,80919-4860
122001317,KATHY,CRUTCHFIELD,576898 N 1798 RD,,BOERNE,TX,33414-3941
66005955,TAMI,SALLES,11196 LESLIE AVE,,LAGUNA NIGUEL,CA,77584-9499
78001903,BARBARA,SPRUNGER,585 E NARANJA DR,,SPRINGDALE,AR,37129-1260
125000550,CHERIE,ILNICK,6886 FOX RUN WAY,,DENTON,TX,06033-3382
9917128982,JULIE,BIELECKI,116 Trainward WY,,RAMOSMOUTH,TX,43571-9058
9945060122,NANCY,SPROUSE,1668 HEMPHILL RD,,ROCKWALL,TX,37082-9006
9917128839,VIRGINIA,LAW,5333 EASTLAND DR,,TYLER,TX,77375-5606
4015218,DIANE,BARTON,838 W FONTLEE LN,,STERLING,MA,34769-6835
9907007072,MARIE,HARDT,58585 CAMELOT DR,,FORT WORTH,TX,70589-0612
22017080,RENE,WHEELER,55855 THOREAU DR,,NEW ALBANY,OH,60641-1304
78001622,DEBORAH,VILLANUEVA,3818 MONUMENT ST,,NIXA,MO,34134-0954
17068103,DEBRA,UPAH,5575 NE IRENE CT,,HOLLYWOOD,FL,95602-8135
107005716,JAN,GIANOTTI,7856 S MILLER CT,,WESTMINSTER,CO,06118-2136
123001784,BECKY,GLENN,13111 JUANENO DR,,BOERNE,TX,43466-9744
18023077,AILEEN,VAN DYKE,671 N RED OAK ST,,BLOOMINGTON,IN,32822-3064
120000192,VICTORIA,LAGRASTA,1856 SUTTER PKWY,,COLORADO SPRINGS,CO,34986-2500
40042562,SHERRI,GRIFFIN,3186 ROYALTON CT,,ORLANDO,FL,33777-3104
9930029381,MARGARITA,SANDERS,389 E SAWMILL RD,,ROWLETT,TX,77573-2788
12015722,ESTHER,COUGHENOUR,13 BRIAR HILL RD,,WOODINVILLE,WA,78254-5913
45012618,LESLIE,DOTSON,59 WILDFLOWER PL,,REDWOOD CITY,CA,92821-3308
71009190,DEBBIE,DARBY,58 FARRINGTON ST,,SIMI VALLEY,CA,85254-2033
44011896,DIANE,STEWART,5638 E BATES AVE,,CUMMING,GA,77546-4183
9930019849,BEVERLY,KELLY,15388 13 MILE RD,,MESQUITE,TX,43604-1527
62017031,PATRICIA,GAHRING,5888 ELM TREE DR,,PEACHTREE CITY,GA,62221-5846
999000279,TONI,STOVALL,7358 MARSLAND LN,,GARLAND,TX,91320-3905
61006788,ESTER,DILLE,1581 PRIMROSE DR,,WEST HARTFORD,CT,77539-1117
60010742,MARY,LANG,538 ELLSWORTH ST,,WETHERSFIELD,CT,66085-7828
31015025,MAGGIE,BECK,5856 GUILFORD LN,,HURDLE MILLS,NC,02356-1909
63009779,ERICA,CZEPIEL,13756 SUNROSE LN,,ORANGE PARK,FL,98052-7042
121003292,CHRISTINE,ANDERSON,139 Trainward DR,,LOS ANGELES,TX,76116-4918
78003224,HEATHER,BELL,53359 VILLAGE 53,,REEDS SPRING,MO,37067-3400
9919016996,CAROLYN,MYERS,5115 RED OAK TRL,,HOUSTON,TX,02067-1413
39036524,KATHY,JAMES,5359 S SUTTER ST,,FREDERICKSBRG,VA,60102-4812
3028080,JENNIFER,HONGOLA,565 E BOXWOOD CT,,WALNUT,CA,90212-0367
9944001841,LINDE,EVERETT,5189 KINSMAN AVE,,BAYTOWN,TX,34786-3181
124000581,HILDA,MATLOCK,5163 SAILFISH LN,,ROCKWALL,TX,65714-7451
104004898,ELINORA,SMITH,6633 VIA ALFIERI,,WEATHERFORD,TX,77517-3700
39038000,HEATHER,SCOTT,5985 STERLING DR,,JUPITER,FL,40241-6504
54018235,JUDITH,KEEMAN,3158 SEMINOLE ST,,NORWALK,IA,64601-0392
9930025369,ROBERT,ALIBRANDI,6986 ARBOREAL DR,,GARLAND,TX,01568-1106
9937000669,NANCI,EVEREST,359 GLENSFORD DR,,FRISCO,TX,43157-0323
111003423,DIANA,MARRIOTT,8195 WARBLER WAY,,FRIENDSWOOD,TX,32780-3518
9912004872,ERIKA,CASTLE,18581 BONANZA DR,,LEAGUE CITY,TX,75071-4011
60013372,CATHERINE,RIGGS,3553 BRADFORD ST,,HIGGANUM,CT,92694-0838
106001566,ALISON,MATHEW,55773 83TH AVE N,,PLANO,TX,72830-6437
120005801,MARK,MOORE,7656 S WILLOW DR,,COLORADO SPRINGS,CO,92075-1619
26025216,MARC,HAFNER,3115 BELSTONE DR,,SIMI VALLEY,CA,75773-3476
9903004730,TERRYN,SOSA,1851 WILD CHERRY,,CONROE,TX,77354-2868
102002313,BERT,MOREE,58318 SW 18TH CT,,MONTGOMERY,TX,33477-9611
50018693,JANET,RICH,1868 HEDGCOXE RD,,UNION,NJ,77346-8126
999003810,MARILYN,ROUPP,15 ROBINWOOD AVE,,FORT WORTH,TX,75098-4852
39037998,WANDA,OWEN,1859 DELWOOD AVE,,MARYVILLE,TN,76013-3336
63010520,JENNIFER,GIESE,5853 MULLIGAN DR,,OCALA,FL,78258-2544
26021090,AUDREY,BIRD,9531 SHETLAND CT,,CHANDLER,AZ,78023-5137
9936012633,BETTY,MURRAY,57559 TRIBUNE ST,,MANSFIELD,TX,96744-4151
70002253,ALLISON,DOMOKOS,5856 VALENCIA DR,,BEAVERTON,OR,75088-1805
9935011896,DEBORAH,LITWIN,11 TANGLEWOOD DR,,FORT WORTH,TX,85122-5744
53012170,LORIE,SPRINGER,1589 RICHMOND RD,,PORTLAND,OR,77382-5383
18019515,TERRI,PRYOR,355 RIDGEWOOD DR,,ZIONSVILLE,IN,32244-1341
85000209,THERESA,VARTIVARIAN,9718 IROQUOIS CT,,TALLAHASSEE,FL,91364-3705
5020779,STACY,SHAPIRO,55135 DEMARET DR,,FOLSOM,CA,75254-9113
9906034909,VIRGINIA,JACKSON,6585 BLUEBIRD DR,,FRANKLIN,TN,40291-4134
124004283,DENISE,PHILLIPS,39 WILD LIFE TRL,,GREENVILLE,TX,32068-4136
50021261,ANNE,RAMIREZ,3157 SONGWOOD DR,,NORTH PLAINFIELD,NJ,77382-1237
62016398,BETTY,BOUSSELOT,5131 SAGAMORE LN,,KENNESAW,GA,75159-4510
52019985,CAROLYN,KANZLER,3917 E CARSON RD,,HERNDON,VA,46123-2732
63004539,JANNIE,MCCONNELL,517 N HEINCKE RD,,JACKSONVILLE,FL,92013-0744
28015119,KRISTEN,GONZALEZ,5393 OCONNOR WAY,,MONROE,MI,78230-2890
115007360,AURORA,CURE,7933 W BRIDEN LN,,PONCA CITY,OK,48168-2059
25029324,SHERRY,ROGERS,5835 MANNING WAY,,LAKE WORTH,FL,93711-1352
5026895,PATTIE,KILLAM,16835 TIMBER AVE,,FOLSOM,CA,80111-3400
121004041,CHRISTINA,STELZER,386 SOMBRERO CIR,,LAKEWOOD,CO,78251-2904
39036943,BETTY,GUNTHER,55938 BEGOLE CIR,,HOBE SOUND,FL,94402-1006
63008467,DANETTE,FOX,596 BRENTWOOD DR,,ROSWELL,GA,72762-4246
9925001583,LINDA,HARRIS,387 MICHIGAN AVE,,SAN ANTONIO,TX,77388-5445
9920002394,RONNA,VAUGHAN,5851 JOHNSTON DR,,SOUTHLAKE,TX,72034-5020
59011305,PETRINA,CASEROTTI,51337 DEXTER WAY,,MONTCLAIR,CA,33410-4711
9027508,JILL,KONZEL,6885 REPUBLIC DR,,PHOENIX,AZ,01020-4706
101000923,JEAN,ROWE,5581 GRANTHAM DR,,NASHVILLE,TN,76050-3120
9945062202,LORETTA,COURTNEY,53668 CLAIR CT W,,SUNNYVALE,TX,76065-6474
9914016545,DENYCE,WIERICK,58337 VASSAR AVE,,BEAUMONT,TX,91801-1454
58011264,VICKI,KING,617 STRETFORD LN,,WHITEHOUSE,OH,76013-4621
77002759,DARBIE,KNEALE,3856 WHISTLER DR,,WALDWICK,NJ,75149-4058
9937001260,DENISE,HERNANDEZ,5536 BUNSTINE DR,,ALLEN,TX,32034-2010
120005555,SALLY,CARLSON,3575 NAUTICAL DR,,HUMMELSTOWN,PA,78248-1819
9907018199,NICOLE,MORETICH,6555 KATELLA AVE,,DALLAS,TX,33417-7544
58011808,ROBIN,RAUCH,137 S CAMPUS AVE,,PERRYSBURG,OH,96744-4695
9933003685,DELORES,TAYLOR,55635 KENLEY CIR,,MONTGOMERY,TX,92657-2141
23047402,KIM,HUEY,3915 SAVANNAH LN,,HOUMA,LA,17961-9509
27022085,TONIA,BENNETT,5571 BRAMPTON PL,,DALLAS,TX,76058-5555
17072305,MORGAN,RAMIREZ,535 UNBRIDLED LN,,SANTA ROSA VALLEY,CA,46227-3605
9907014586,SUZANNE,NEWTON,3681 BAYBROOK DR,,COPPELL,TX,34990-4061
61007439,MARIA,CONRAD,858 WENDY ANN CT,,EAST ORLEANS,MA,77355-1606
7016087,MARIA,KLAPP,65 WOODCLIFF AVE,,TUSTIN,CA,77520-1276
7015748,KATY,NAPOLEON,8853 NW 555TH ST,,N HOLLYWOOD,CA,45669-0728
124004202,MELISSA,KISH,387 HAZELWOOD CV,,RICHARDSON,TX,46220-2658
9933011158,TERESA,SMITH,8377 PEDIGRUE CT,,CONROE,TX,82301-4433
9903001655,BARBARA,FERSHTMAN,GENERAL DELIVERY,,SPRING,TX,75042-8419
40049764,SANDI,WITHAM,5353 LAKEMIST LN,,SAN CLEMENTE,CA,76009-2617
70001317,JENNIFER,KELLY,16671 CORTINA DR,,BEAVERTON,OR,91773-3902
71004047,GRACE,DAVIS,6675 GATEWICK DR,,THOUSAND OAKS,CA,34786-8116
9914015885,HEATHER,RUCERETO,5153 GLENWOOD CT,,HOUSTON,TX,80026-2494
106009930,TERRI,FELLUS,5383 LINDALE AVE,,WINDTHORST,TX,64079-9501
26024449,CINDY,DAVIS,565 MOORPARK WAY,,MESA,AZ,77539-4445
1027276,ANGIE,MILLER,6833 S STEELE ST,,DIAMOND BAR,CA,91360-2818
9943040745,STEPHANIE,GOMEZ,3955 JOIEN CT SE,,PLAINFIELD,IL,85355-4359
121000328,SALLY,FRANK,53788 NE 78TH PL,,LAKEWOOD,CO,76010-2228
18019586,CONNIE,KILGORE,8551 BRADFORD DR,,ZIONSVILLE,IN,75035-7938
25027578,CAROLYN,CONFER,583 CREEKBEND ST,,MELBOURNE,FL,69034-0387
60008874,DOLORES,YOUNG,8183 STRECKER LN,,EAST HARTFORD,CT,30022-7310
72002869,JANET,BERRIOS,57638 SATICOY ST,,MARINA DL REY,CA,06027-0239
9921005717,SANDRA,NORTON,333 MONTEZUMA ST,,COLORADO SPRINGS,CO,34711-9333
9932008528,NGUYEN,ZACCAGNINO,55375 SOSTRIN LN,,EDDYVILLE,KY,75165-2237
9922003108,KARLA,FLYNN,3353 WINDFERN DR,,EVERGREEN,CO,91406-2335
65020755,MELANIE,MERCADO,136 Trainward ST,,MARTINCHESTER,CO,29223-8407
9937019959,ERICA,GONZALEZ,3381 MANITOU BAY,,FORT WORTH,TX,75143-2360
9945050366,EMERALD,HENSLEY,857 ROBINWOOD RD,,SEATTLE,WA,51104-1366
63010856,MARIE,MCQUEEN,18883 EASTMAN PL,,DEARBORN,MI,92860-1181
114006451,JANIS,LONDO,518 DUNDEE GRACE,,DALLAS,TX,80020-2495
83000358,COURTNEY,FILOMENO,55 FARRINGTON LN,,NAPLES,FL,78643-1931
9934008680,BRANDI,CHI,337 S STEWART ST,,LITTLETON,CO,78041-2655
999001076,DIANA,TAYLOR,779 WOODLAND AVE,,LEWISVILLE,TX,94539-6299
9917138776,CAROL,ROMANO,138 HOLABIRD AVE,,SAN ANTONIO,TX,78114-9337
106003283,SANTA,NUNEZ,58883 SW 33RD CT,,ALLEN,TX,85211-1253
44010947,DEANNA,MCIVER,53185 71ND DR SE,,SAINT LOUIS,MO,92508-6077
53012444,KATHLEEN,SCHMITZ,5588 BUCHANAN DR,,HILLSBORO,OR,91755-5709
110005365,DIANE,FONDO,397 HORNBLEND CT,,FORT WORTH,TX,06043-7548
18022954,MAUREEN,CONNELL,5575 OAK PARK DR,,GREENWOOD,IN,77523-0715
106010938,BRENDA,ROSZHART,51853 FOREST WAY,,KRUM,TX,90405-4726
54013463,LISA,LAWRENCE,53656 KESTREL CT,,WEST DES MOINES,IA,47150-6507
9934012827,MARY,BEHENNA,3915 BORDEAUX CT,,ELIZABETH,CO,77388-4635
6038076,JOHANNA,MARTENS,8359 ALVERON AVE,,LA JOLLA,CA,75225-0670
9942042709,KAREN,PATTERSON,9898 S FLOWER CT,,ALVIN,TX,33458-6716
106009655,JOANNE,GOIN,5887 OSSINEKE CT,,PLANO,TX,97008-8822
71005161,KRISTIN,PARKS,17858 OAKFLAT DR,,SIMI VALLEY,CA,61036-9349
9902015530,GAYLE,HUNT,585 FARMBROOK LN,,OLD HICKORY,TN,77379-7171
9904049871,NANCY,SCHARRE,515 LAKESHORE DR,,CENTENNIAL,CO,79606-5128
60011453,PEGGY,SHAMBURGER,51835 W 53TH AVE,,SOUTH WINDSOR,CT,91020-1331
9908004327,JUDY,GALLEGOS,1518 FRANKLIN ST,,FORT COLLINS,CO,43402-9245
107005972,ROSEMARY,OLSEN,957 N CABRAL WAY,,BOULDER,CO,43447-9661
9916109393,ROSE,WERNER,16655 MISSION ST,,WARNER ROBINS,GA,76049-4154
65025779,KAREN,RICHARDSON,118 DEER RUN TRL,,NOVI,MI,91343-1821
120000851,NANCY,FORRESTER,3561 NW 185ST ST,,BETHANY,OK,74074-2459
102003422,CYNTHIA,CRAWFORD,1938 CHUMASH AVE,,CONROE,TX,76226-5122
9934025145,JENNIFER,SHULLER,155 MILFORD DR E,,LITTLETON,CO,21014-7454
105006373,BEVERLY,ROHLMAN,1851 BENNIGAN ST,,ARLINGTON,TX,73162-2235
24091312,LORI,FARRIS,781 ROWAN OAK PL,,EL MONTE,CA,75082-3349
101002598,KAREN,OPPERMAN,3957 OLD LEE HWY,,MOUNT JULIET,TN,33908-3055
25026175,TIMOTHY,FORGIE,1586 OLD GATE RD,,WEST PALM BEACH,FL,80031-1913
9912008979,CANDY,GODBEY,157 WYCHMERE TER,,SEABROOK,TX,01776-1217
44010295,GEORGE,SQUEO,5751 HERITAGE CT,,BALLWIN,MO,46163-9531
9933014782,GERI,WALLACE,356 CAMBRIDGE DR,,CONROE,TX,60404-0511
77003722,LAURA,BHATTACHARYA,5735 BONANZA AVE,,HAWTHORNE,NJ,06073-2231
45012676,FARAH,HAINES,985 CRESTMOOR DR,,SAN CARLOS,CA,80022-6633
9933023676,CECE,LOPEZ,3335 WILLENS AVE,,CONROE,TX,02043-3653
18020843,HEATHER,MATHERNE,1893 VISCONTI DR,,ZIONSVILLE,IN,52577-9146
58009797,MICHELLE,SCOTT,53538 VALLEJO ST,,OREGON,OH,80228-4244
66001564,SALLY,RONK,18171 SAN MARCOS,,TRABUCO CANYON,CA,20112-3084
58012272,JULIE,MODGLIN,3113 GOLDMINE RD,,PERRYSBURG,OH,33458-2841
9930022964,LINDA,HIRSCH,3863 S WINONA CT,,DALLAS,TX,77306-7358
9916108709,DONNA,JEANS,886 QUAIL RUN DR,,EDMOND,OK,50323-0646
47019942,CAROL ANN,CONSOLE,7365 W ARCHER PL,,SIMPSONVILLE,KY,80654-9002
18019167,TAMMIE,BENSON,131 Trainward ST,,DALLAS,CT,06035-2615
114006069,DORALINE,PETERSON,11839 SABINE SMT,,DALLAS,TX,78258-2402
9933023324,LOIS,KACZOR,3195 TIMUCUA CIR,,HUNTSVILLE,TX,46787-1440
18016965,JULIE,SADTLER,9383 SEAGROVE DR,,ANDERSON,IN,75002-7777
61008571,CHRIS,MEYER,9357 CALMADA AVE,,BURLINGTON,CT,75054-5514
9945049459,ANN,SALINAS,557 GLEN ECHO DR,,MESQUITE,TX,91977-1312
11020085,ALICE,MELCHREIT,5953 PROVINCE LN,,SUNNYVALE,CA,84637-0184
65025180,SHARON,QUALLS,6539 PRESTON CIR,,GALLUP,NM,90278-2662
111003577,LARAE,MCMORRIS,3558 GALLOWAY DR,,HOUSTON,TX,77706-2750
1025939,ROBBIN,GRENIER,53 GROVE HILL ST,,REDONDO BEACH,CA,91361-3530
103004415,LORI,ROY,56 GOLF HOUSE RD,,CASTLE ROCK,CO,72145-0337
18017398,DEBI,ZIROLLI,5365 S FULTON CT,,LEO,IN,75069-9494
60009464,DEBORAH,HILL,5835 SENECA BLVD,,SOUTH GLASTONBURY,CT,10038-3101
47015629,KAREN,RIZZO,7655 SW 35TH AVE,,PROSPECT,KY,61413-9136
18018160,MICHELLE,BRUNO,3685 REDSTONE DR,,CARMEL,IN,76234-3912
63004491,KRISTY,SCHROEDER,1639 ALANMEDE RD,,FLEMING ISLAND,FL,80241-3722
47019547,SHELLY,BAUST,9836 GUNNISON DR,,EDMONTON,KY,78258-7725
9934005352,SHELLEY,LIPPMAN,55173 W EVANS PL,,LONE TREE,CO,80126-5686
63008051,BONNIE,GEORGE,853 CREEKWOOD CT,,SAINT JOHNS,FL,73004-5537
111001217,TERESA,MCGEE,3889 HEYWOOD AVE,,SAN JUAN CAPISTRANO,CA,75763-4329
71004473,TRACY,SCHOBER,918 EDGEWATER LN,,LITCHFIELD PARK,AZ,77581-5256
60009378,LEANA,LATHROP,5853 BLUE OAK DR,,SOUTH WINDSOR,CT,91304-5266
39033558,CARRIE,NOSKE,8915 AGLIANA CIR,,WEST PALM BCH,FL,33920-1963
45012724,SARA,RUBIN,981 N DUNCAN AVE,,WAIPAHU,HI,80134-9563
9907004075,JAN,IVY,53855 MERCURY DR,,ROYSE CITY,TX,50321-1906
110004774,DEBBIE,DUFOUR,31 SILVERHORN DR,,JASPER,TX,75063-4275
112002604,CATHY,WARREN,3557 FINDHORN DR,,BUFFALO,TX,78258-3400
33018623,SHIRLEY,SUMMERS,7359 WAVERLY AVE,,AUGUSTA,GA,77523-2789
25026318,MARY,ONCKEN,57195 THUNDER RD,,LAKE WORTH,FL,20152-4272
9937018981,PAT,BUCKLER,3151 CRAWFORD LN,,OLD HICKORY,TN,77356-8005
2013025,CINDY,LAURIN,58886 PALACE WAY,,SHERMAN OAKS,CA,75248-2729
58012204,CATHY,RICHARDSON,165 Trainward WY,,WEST PALM BEACH,MO,80104-1623
105001506,LINDA,ROWLAND,3387 PALMTREE DR,,SHERMAN,TX,78247-6213
103006308,ELAINE,KEY,819 WARTHLING CT,,MONUMENT,CO,80031-1943
52015740,LISA,WADE,375 WATERSIDE DR,,BRISTOW,VA,85286-1098
9911002051,DAN,LEWIS,59855 VALIER HWY,,MANSFIELD,TX,85262-4600
77004970,JUDY,MELVILLE,55337 OAKMERE PL,,ROCHELLE PARK,NJ,85364-3334
105006993,DEBBI,O'CONNER,3179 S LOBACK LN,,ARLINGTON,TX,20170-2985
9934030575,LOUISE,MABBITT,5815 HIGHLAND RD,,LITTLETON,CO,80111-3804
49015966,KATHY,DOBSON,58 PINECREST AVE,,OKLAHOMA CITY,OK,77069-3214
62019519,STACEY,PORT,5888 ELMWOOD AVE,,MARIETTA,GA,80831-7061
6047347,SHANNON,WISE,8858 SYRACUSE RD,,COLORADO SPGS,CO,78230-3832
45011462,JOAN,CRANE,58153 DAHLIA AVE,,PACIFICA,CA,75068-5495
9917140115,MAUREEN,OROZCO,1139 MASERATI DR,,SAN ANTONIO,TX,34772-7816
9027037,RICHARD,ABEL,5885 PALISADE DR,,SCOTTSDALE,AZ,75002-5633
9908010450,STORMY,FREDERICK,7959 SIERRA SECO,,GOLDEN,CO,37215-3018
77003941,ELSIE,CILLI,5517 OLYMPIC CLB,,ALLENDALE,NJ,50014-9312
106008279,MARILYN,AUSTIN,51588 RADOYKA DR,,ALLEN,TX,80122-2936
9923005433,LISA,WHIPP,393 STRATFORD RD,,SAN ANTONIO,TX,91361-4508
26020321,ALYSSA,COTTRILL,11565 HICKORY PL,,CHANDLER,AZ,24018-7432
61008627,SARAH,MARTIN,5786 YARMOUTH LN,,WEST HARTFORD,CT,92677-4041
123001704,BRENDA,GOLD,5683 SWISHER CIR,,SAN ANTONIO,TX,60169-6951
106004555,CHRISTINE,DAVIS,51313 MAURICE DR,,MCKINNEY,TX,77388-5156
27022327,COLLEEN,GILLIES,6636 WOODLAKE RD,,WESTLAKE VILLAGE,CA,32259-4387
47017584,KIM,PRINZI,8517 GATEWICK DR,,NEW ALBANY,IN,52595-0041
65026242,KARRI,MCGINLEY,35 WASP CREEK RD,,HARTLAND,MI,80238-3267
71003714,PAT,ALLES,5355 185ST ST SW,,NORTHRIDGE,CA,60101-5755
9934027565,EVELYN,SEMER,56358 KOESTER ST,,LITTLETON,CO,33875-4818
101002802,CONNIE,VANWIG,6635 FLAMINGO RD,,NASHVILLE,TN,07430-2543
9917109079,AMANDA,HINDS,5391 BAYBERRY LN,,GARLAND,TX,91326-1937
11020499,KAREN,LAGOW,3358 JONATHAN ST,,MORRO BAY,CA,80937-8636
40049523,PAM,MARTINES,1557 BASSWOOD CT,,CLERMONT,FL,34771-8843
39038587,SHERRI,HAMLIN,158 Trainward DR,,IRVING,TX,93012-7011
110005639,LESLIE,KELLY,5791 PRAISE BLVD,,BURLESON,TX,78248-1730
9934031096,MARILYN,THOMPSON,1855 DE LEON AVE,,HGHLNDS RANCH,CO,73105-5104
9923008921,TERRA,VAUGHN,1155 RUHLAND AVE,,ROCKLEDGE,FL,82601-9462
71003052,DEBORAH,STANLEY,358 ENGLEWOOD DR,,SIMI VALLEY,CA,71463-2055
110001206,JEANETTE,PATTERSON,689 W GRAHAM AVE,,WEATHERFORD,TX,74941-6606
65024378,SANDRA,DITERS,1631 MISTWOOD CT,,SOUTH LYON,MI,57702-7700
124004926,NANCY,LEE,115 Trainward WY,,ALVARADOHAVEN,CO,77573-4436
105006815,SUSAN,SMITHSON,585 DEERCLIFF RD,,ARLINGTON,TX,73120-8854
39035995,MEG,FLANNERY,585 E KANSAS AVE,,LAKE WORTH,FL,80603-6989
9906034198,NANCY,BOURQUE,139 Trainward ST,,MORALESTON,TX,78028-8016
28013027,DONNA,SICKMEN,1563 MAHOGANY ST,,SYRACUSE,UT,75402-6661
75001362,GERALDINE,ONEAL,6 COBBLESTONE DR,,SILOAM SPRINGS,AR,85260-5315
107001984,JOY,DOUTHIT,535 CRABAPPLE RD,,LOUISVILLE,CO,77388-6046
126000454,MANDY,TUNIK,13395 CYPRESS PT,,PLANO,TX,80237-3484
25025740,ELAINE,BERGSTROM,5818 MULBERRY LN,,LAKE WORTH,FL,77058-1218
107001194,KAY,POSEY,85 HARRISBURG CT,,WESTMINSTER,CO,37221-4010
9903001286,LISA,SKOLNIK,6689 HILLSIDE CT,,HUNTSVILLE,TX,78610-4957
125002802,ANDRA,ROBBINS,676 SCHNEIDER RD,,HURST,TX,48430-2161
74001236,KATIE,CHANNELL,1558 BAY CLUB DR,,LYNNFIELD,MA,06238-1327
9919016486,TRINA,HABIG,7685 FOREST MOON,,SPRING,TX,84010-1535
9912004512,RENEE,ANTRIM,756 TAMARACK AVE,,FRIENDSWOOD,TX,32766-8100
123001253,AMY,BUCKLEY,5517 WESTVIEW DR,,SAN ANTONIO,TX,98115-7211
77002148,AMANDA,KERN,1855 CALLE YUCCA,,MONTVALE,NJ,73047-0041
999001347,CECI,FLOYD,13 BLUEFIELD AVE,,ARGYLE,TX,75457-2711
100000440,ANDREA,CARROLL,1363 SAWGRASS CT,,RONKONKOMA,NY,95138-2366
74000079,LOVELL,GARCIA,7575 SOLITUDE LN,,COOPER CITY,FL,76123-2591
9938025835,J. CAROL,MARQUEZ,3618 JENNIFER DR,,BROOMFIELD,CO,76016-3836
9919001103,DEBRA,CURRY,19358 RED BUD HL,,SHERMAN OAKS,CA,76226-6877
66005440,ERIN,WARREN,183 FAIR OAKS DR,,DANA POINT,CA,76022-7918
9930035586,GALE,RUNKLEEDENS,315 NORTHMOOR DR,,MASHPEE,MA,83634-2644
9925000213,JULIE,COX,38835 WILDCAT DR,,SAN ANTONIO,TX,73013-0603
10019859,RANDY,PHILLIPS,53 OLD COLONY LN,,AMARILLO,TX,80111-5471
39041489,ELIZABETH,MADDEN-BRAY,355 VICTORIAN LN,,NORTH PALM BEACH,FL,20148-6858
9938006123,SUSAN,GORR,558 WOODLAKE CIR,,NORTHGLENN,CO,60143-1833
9936029997,NADENE,BERANEK,588 BEECHWOOD LN,,RED OAK,TX,78130-5218
9935016350,JEAN,LANG,735 EQUINOX LOOP,,FORT WORTH,TX,76308-4720
9904044637,KAYE,WESSEL,1731 S PARCO AVE,,DENVER,CO,48150-3375
115002716,KATY,HAM,8857A DOWDELL RD,,NORMAN,OK,75024-6054
9937039625,ANN,HOPKINS,1758 SINCLAIR ST,,DENTON,TX,37130-6832
63008651,SUSAN,FORTIN,3635 PARKLANE RD,,JACKSONVILLE,FL,51562-6203
77001742,LAUREN,FOSTER,5355 ROANOKE AVE,,HASBROUCK HEIGHTS,NJ,77339-1665
39032830,LORRAINE,HULSE,15381 ADA MAE ST,,JUPITER,FL,91362-5462
9903003357,PAULA,WOODS,55961 E LAKE CIR,,BAYTOWN,TX,80111-5727
9945052287,MARY,TAN,55 INWOOD AUTUMN,,FLOWER MOUND,TX,50322-7392
4015330,CALLIA,CHAE,717 ARLINGTON ST,,TUCSON,AZ,40057-6015
116002477,PAULINE,STAFFORD,3685 SE GRANT ST,,SAN ANTONIO,TX,46561-9118
58008838,ARLEEN,FISHER,7315 NW 558TH ST,,TEMPERANCE,MI,77355-3084
25022156,MELISSA,WYATT,631 MARPHIL LOOP,,WEST PALM BCH,FL,76384-3225
77003954,JULIA,RODGERS,1768 BAYWATER PL,,RIVERDALE,NJ,46142-1886
72002570,KATIE,VANDENBUSCHE,885 S LIBERTY ST,,VAN NUYS,CA,91390-4022
83001375,PEARL,HANSON,53 BOUGH LEAF PL,,CAPE CORAL,FL,06074-6301
9923002710,MARSHA,WHITTEN,1359 PENNOCK WAY,,SAN ANTONIO,TX,80920-7675
102004416,CAROLYN,MORGANDWINELL,1888 MAGNOLIA DR,,KATY,TX,78259-2768
58008819,DIANE,WIGGINS,9885 WILKINS WAY,,TOLEDO,OH,02474-3616
9919017524,MARY,BALOK,1555 LARKSPUR ST,,ANKENY,IA,78239-1625
9908001379,JULIA,GARCIA,3915 TERRACE TRL,,HURRICANE,WV,48374-3680
17072134,JUDY,ROBERTS,7859 S LOCUST PL,,AGOURA HILLS,CA,91324-1908
59014970,VICKI,PRATER,1955 E CALEY AVE,,RANCHO CUCAMONGA,CA,48390-3262
70001518,GINA,LARA,516 566TH AVE NE,,HILLSBORO,OR,63129-3062
122000062,TAMMY,WILSON,5335 WESTVIEW CT,,SAN ANTONIO,TX,33404-5708
9932001998,DIANE,ALTOMARE,6685 PARKSIDE CT,,MOUNT JULIET,TN,37207-1219
9930032944,LAURIE,BLAND,8688 NW 553TH ST,,DALLAS,TX,77379-3366
30010749,HOLLY,LALWANI,3616 NE BELL AVE,,RENTON,WA,20166-3034
60011841,DAWN,MANULLA,5335 BEAUFORD CT,,ARLINGTON,MA,98116-2947
17068362,PATTY,ELLIS,7577 ORCHARD TRL,,WESTLAKE VILLAGE,CA,76133-2613
9941012362,DEENA,PATERSON,55 TWIN WALLS LN,,WEATHERFORD,TX,52804-9510
58011167,SALLY,MIDDLETON,951 E EUCLID AVE,,TOLEDO,OH,77089-5417
26024064,SANDY,GORDINIER,5717 WILDWOOD RD,,CHANDLER,AZ,75035-3708
58009279,MARGE,HOTTOIS,118 DIVISION AVE,,SAINT HENRY,OH,80601-5390
71007043,ROBERT,HUNTINGHORSE,1918 MULBERRY DR,,SIMI VALLEY,CA,91701-2604
9942047751,HANNAH,WENZEL,5988 NW 568TH PL,,LEAGUE CITY,TX,34748-9691
9906036152,CAROL,PARGAMENT,3615 STANFORD DR,,COLLEYVILLE,TX,76234-4852
9933009425,CINDY,SCHLAUDT,563 SANDPIPER DR,,SPRING,TX,76082-7306
9903004254,TAMMY,SMITH,3555 COLTWOOD DR,,SPRING,TX,75070-7484
6047617,CASSIE,HOLMES,8356 WOODBURN DR,,LAGUNA NIGUEL,CA,75032-8477
111003428,MARY,STONE,3388 S CHERRY ST,,DEER PARK,TX,42025-5958
64010136,STEPHANIE,BURSON,9559 PATRICK AVE,,WESTON,MA,32081-5010
9914015694,HELEN,CAMPBELL,985 N TUCKER AVE,,LONGVIEW,WA,43209-2133
59014331,SHERI,LAFAYETTE,151 Trainward DR,,SAN ANTONIO,VA,77393-2333
9933029466,NANETTE,RUSSO,3783 DALSTON CIR,,CONROE,TX,60044-2325
9930006146,MARGUERITE,HAYON,551 SARDINIA CIR,,DALLAS,TX,91737-3562
63010645,CATHY,STEPHEN,5873 PETERSEN CT,,KINGSLAND,GA,01518-1146
58008273,DONNA,DICKEY,8188 S ALBION ST,,PERRYSBURG,OH,77573-4211
106000755,TIERRA,URUSHIMA,133 Trainward ST,,MOOREVIEW,TX,85206-4740
79000801,ANGIE,PHILLIPS,7185 TRINIDAD DR,,RALEIGH,NC,40601-9695
1024096,LINDA,SENIOR,388 SCHNEIDER DR,,SANTA ANA,CA,65616-8818
9920011177,MELINDA,VALDEZ,3518 COCONINO CT,,BELTON,TX,07628-1407
18017496,JANE,GRINER,1885 NW 583TH ST,,INDIANAPOLIS,IN,72034-3563
38037936,COLLEEN,MERRITT,8835 E KETTLE PL,,GRAND BLANC,MI,73142-6067
65020985,ANGELA,GRANZOW,3851 SW CRARY ST,,FARMINGTON,MI,97439-8916
82000565,TAMMY,JACKSON,57387 DOUBLEHORN,,SUN CITY,CA,33065-3420
9943055299,FRANCIS,MILLARD,55577 SE 65ST PL,,HOCKLEY,TX,92860-5139
9911004094,JOHN,AKIL,753 HILLCREST RD,,OKLAHOMA CITY,OK,91436-2286
106006388,MICHELLE,DIXON,655 WAYBRIDGE RD,,WESTON,TX,34109-3856
1027670,MILLIE,KUNZELMANN,7787 MCINTYRE CT,,LONG BEACH,CA,80033-6441
9906035201,KAREN,DERUCKI,5361 CARLETON SQ,,GRAND PRAIRIE,TX,07410-5900
45012457,BARBARA,RICH,5118 SW 558TH PL,,FREMONT,CA,91377-5651
9916109210,NOLA,MILOT,3155 HOLBORN AVE,,OKLAHOMA CITY,OK,91376-1542
40041653,KERI,DOAN,5633 CARROLL AVE,,TITUSVILLE,FL,98275-5855
9914017497,NANELLE,PERMENTER,139 RIVERSIDE DR,,BAYTOWN,TX,01001-2336
9925000095,MARIE,STEWART,356 RACETRACK RD,,SAN ANTONIO,TX,78213-2864
112002073,DENISE,PEEBLES,938 MADISON 8935,,KINGWOOD,TX,75075-2243
44011891,PAT,BRODERSON,3683 CARDINAL LN,,GERMANTOWN,IL,43560-1844
26023640,REBECCA,DIAZ,538 HILLSIDE AVE,,CAREFREE,AZ,33411-9077
124003799,MARIA,BARROW,5818 LORELEI AVE,,GARLAND,TX,96150-6442
9915003944,MAUREEN,MERRICK,5389 S FULTON CT,,ATHENS,TX,77375-5019
9917137012,SHERRY,GRAVES,8833 SW 559TH PL,,O FALLON,MO,75230-3606
999002774,CAROL,LEE,3779 SW 96TH AVE,,DENTON,TX,78260-4929
9941105047,RITA,HAJEK,51881 TURNHAM DR,,BURLESON,TX,77489-3507
60010133,MARLENE,MANCINI,5687 ELDORADO DR,,SOUTH WINDSOR,CT,43623-1828
47019253,DONNA,RANDALL,8885 EDGEWOOD RD,,LA GRANGE,KY,32828-7839
126001004,INDRA,SCHMIDT,519 RIDGEWOOD DR,,PLANO,TX,22191-6057
25029723,CATHERINE,EVANS,1716 CLAYMONT DR,,LAKE WORTH,FL,77302-8046
121000887,SUSANNE,NELSON,785 PORTOFINO PL,,LAKEWOOD,CO,27292-0746
25022366,PAULA,BANKS,53117 KINGDOM CT,,WELLINGTON,FL,91701-3129
34014896,ADDA,CLARK,5163 S CHOLLA ST,,KREMMLING,CO,06042-2495
9915067966,TIFFANY,TORRES,118 MAJESTIC GRV,,GREENVILLE,TX,52246-2783
107006270,HELENA,GARIBAY,38338 ANTIQUE RD,,LOUISVILLE,CO,40207-3785
125002032,MARA,POE,1186 GOLFSIDE DR,,ROUND ROCK,TX,80401-6552
9021958,ANNIE,ANSLEY,5788 E PARHAM RD,,SCOTTSDALE,AZ,80547-2245
9914017209,PAM,MOORE,165 Trainward WY,,RAMOSMOUTH,CA,32703-1658
32013908,DARLENE,LONG,357 LOMA ALTA DR,,ROCHESTER,IN,80232-6485
60010279,VAN,PONICH,56316 SEQUOIA CT,,GLASTONBURY,CT,40241-5500
74003711,GENE,VOLANTE,3717 PARKLAWN DR,,MARYLAND HEIGHTS,MO,98177-2724
122003941,CHERI,DELGADO,553 WOOD BEND CT,,SAN ANTONIO,TX,07452-2004
9943058004,KATHY,MARVEL,1556 LANSDOWN DR,,HOUSTON,TX,75080-7302
9921003506,CLAUDIA,HALL,5398 FOX PATH LN,,COLORADO SPGS,CO,33417-8206
20016357,NATASHA,NEWELL,5851 N CORONA DR,,LEAWOOD,KS,95602-9675
115004686,DEBBIE,WIEGERS,15373 LA CAPILLA,,YUKON,OK,13206-2310
113001621,TARA,LARSON,886 HAZELWOOD LN,,CYPRESS,TX,34997-2723
9923008457,JANICE,UPCHURCH,5587 OAK PARK LN,,BOERNE,TX,75019-7305
9903036234,MARTHA,FELDMAN,3355 E EUCLID PL,,SPRING,TX,32250-2789
9906039776,KRISTEN,KULACZ,131 WOOD DALE DR,,JACKSONVILLE,FL,48187-2018
111002591,DEBBIE,THOMAS,53151 AUBERRY DR,,PANAMA CITY,FL,76016-3840
26024803,MARY,GUION,3 OAK VILLAGE RD,,QUEEN CREEK,AZ,07642-1215
47020590,JULIA,BRENNER,53159 VERBENA LN,,SHELBYVILLE,KY,77573-5941
24092046,NANCY,MILLER,1 CALLE MERECIDA,,CATHEDRAL CTY,CA,06042-3362
105006954,SHONA,HOUK,787 FLAMINGO WAY,,GRAND PRAIRIE,TX,95458-8511
9916114471,MANDI,BIEL,8585 GALLERY WAY,,NICHOLS HILLS,OK,80920-5395
40047289,KARA,CARHART,9888 SUNBERRY CT,,KISSIMMEE,FL,80403-7471
9921009553,BARBARA,LACKEY,16538 WEXFORD DR,,FAIRFAX STA,VA,80112-1574
25030040,STEPHANIE,TOFIL,3883 WESTLAKE RD,,LAKE WORTH,FL,95120-3825
9914014232,TINA,WICK,353 FIELDWOOD DR,,HOUSTON,TX,85364-5559
106012095,KELSEY,GREER,57513 VILLAGE LN,,INDIANOLA,NE,77573-5823
107007506,LISA,HOWARD,5835 E NAVAJO RD,,ARVADA,CO,78223-3303
39038571,LARA,HORNBY,33687 EXCELSO DR,,PALM BCH GDNS,FL,23947-0106
9904048630,LINDA,DAVIDSON,153 Trainward DR,,ELK GROVE VILLAGE,FL,33327-1438
40046603,LISA,BROUSSARD,7675 EARLSTON CT,,ORLANDO,FL,48168-2064
9933028271,ELIZABETH,BELL,586 TIMBER RUN E,,MONTGOMERY,TX,97007-4976
120005794,MARYLOU,TERRY,1853 SEQUOIA AVE,,COLORADO SPRINGS,CO,37010-0170
6047749,JOSLYN,MONTALTO,515 RADCLIFF CIR,,LAGUNA NIGUEL,CA,76132-4321
9911007530,VIOLA,SEREDA,538 WOODCREEK DR,,FORT WORTH,TX,48144-9311
30010696,TERESA,WING,56 ROYAL OAK CIR,,SEATTLE,WA,77504-3447
68004816,KIT,OCONNELL,577 RAWHIDE TRL,,El Cajon,CA,29708-8911
112002900,ELAINE,VERMILLION,358 Listeria WY,,DALLAS,TX,33325-4412
40039903,MARIE,NUDELMAN,7738 WINECUP HL,,ORLANDO,FL,75068-6300
9932040777,KATHY,SHAFER,6385 REDWING PL,,LOUISVILLE,KY,92677-1452
63011112,LISA,AYALA,3555 FAIRWAY DR,,JACKSONVILLE BEACH,FL,91376-1542
66005883,KAREN,CREED,3735 JILCARA CT,,RANCHO SANTA MARGARITA,CA,75098-8779
55015608,KAREN,EISENHAUER,338 Listeria DR,,MARTINCHESTER,TX,07652-2323
20015936,ESTHER,ROGERS,7785 MICHAEL CT,,WEST DES MOINES,IA,77320-3181
122003054,ELIZABETH,AUERBACH,1538 LAMBERT DR,,SAN ANTONIO,TX,77056-6113
103006004,HOLLY,BRADLEY,18553 WIND SPGS,,HGHLNDS RANCH,CO,78629-5249
9917122292,MARY,POOLE,1519 SHUMARD LN,,GRAND RAPIDS,MI,75229-5542
77003030,DONNA,WASSERMAN,189 RIM ROCK LN,,PARAMUS,NJ,50111-1025
40048614,JOANNA,MODUGNO,5358 N CREEK RD,,ORLANDO,FL,95070-3527
9913067489,LEAH,VANWAGENEN,7385 JAMESON DR,,STAGECOACH,TX,80504-2321
111004064,DEBORAH,SANDERS,5838 HALLECK DR,,LEAGUE CITY,TX,77316-9661
6041625,CHRISTINE,DIERCKS,383 Listeria WY,,PHOENIX,TX,75032-8845
110003650,SYLVIA,LEVEQUE,3157 CATALPA DR,,FORT WORTH,TX,30075-5401
78001037,KRISTEN,MENADUE,157 GREY FOX LN,,LINCOLN,AR,76085-9415
9917122781,PEGGY,TIERNEY,53351 W 65TH PL,,BOERNE,TX,50021-7204
77002744,KARLA,GUNN,6558 WYNKOOP ST,,PARAMUS,NJ,98324-1113
83000121,REBECCA,NAVOLIO,585B SCHMIDT CT,,CAPE CORAL,FL,78249-3891
570017789,CARRIE,SHOWS,337 Listeria WY,,SAN ANTONIO,CO,76112-6822
68001816,STEPHANIE,SANDBERG,538 WHITECAP PL,,CARLSBAD,CA,77382-2683
60009057,MARISA,RICHARDSON,5783 NE 9TH AVE,,MANCHESTER,CT,37087-3007
17072151,DONNA,SIMON,5753 W LILAC DR,,AGOURA HILLS,CA,77080-1218
103002184,CHERYL,CRUMLEY,1813 DEWDROP PL,,CASTLE ROCK,CO,75052-7471
106009225,TAMMY,BOYKIN,5563 W ASTER ST,,FRISCO,TX,40023-5403
9923001390,DENISE,CYPERT,155 KIRKWOOD CT,,SAN ANTONIO,TX,35016-7018
25023462,ANGELA,PERRINE,5987 BAYONNE DR,,ROYAL PALM BEACH,FL,63026-6066
33016802,KORINE,WONG,3581 N 558TH LN,,TUCKER,GA,06066-5935
19027324,MARCIA,DEUMBERTO,55 FOX CHASE DR,,PEMBROKE PNES,FL,85749-9042
103001543,CAROL,MAYS,9358 RUSSELL ST,,CENTENNIAL,CO,33405-2391
53013667,CATHY,PASKMAN,1658 LYNDSEY CT,,SEATAC,WA,80831-6143
9938018605,ANN,BERKOWITZ,655 NW 558TH LN,,LAFAYETTE,CO,33607-5985
60013593,CONNIE,FONOCK,5891 FASLEY AVE,,SOUTH WINDSOR,CT,63341-1767
26025562,LISA,JOLY,55 PAPERMILL RD,,MESA,AZ,32960-2608
112001455,TERRY,UTTLEY,5385 NW 63RD PL,,SPRING,TX,91362-5166
9914013070,ELIZABETH,SONATY,335 Listeria WY,,OCOEE,TX,37064-8655
18023099,NAOMI,ROELFS,335 Listeria DR,,MARTINCHESTER,FL,60142-6063
9943055728,KATIE,PRATT,183 GRAYSON TER,,HUMBLE,TX,77386-3781
6040628,DOREEN,PASTORE,589 VIA WAZIERS,,RIVERSIDE,CA,34952-1509
9027632,LUCY,BARTH,185 SAMANTHA DR,,LONGMEADOW,MA,43110-8268
9908027834,BETH,CASALINO,61 LEDGEWOOD RD,,LAFAYETTE,CO,97223-4287
9936020427,STEPHANIE,VLIET,6883 ENGLISH CT,,ARLINGTON,TX,91362-5472
9905014639,MICHELLE,KUCERA,59 ANCHORAGE CT,,COPPELL,TX,76016-4462
17068257,MICHELLE,KUYKENDALL,385 VICTORIA ST,,NEWBURY PARK,CA,06053-3512
9942043751,SUSANNA,SHEWMAKE,3687 JUNIPER DR,,HOUSTON,TX,46385-8080
9915071247,SUSANE,MADDOX,8611 CANTUA CRK,,DALLAS,TX,43606-2632
111004102,CINDY,HAYES,583 PURCHASE ST,,DICKINSON,TX,46256-9524
9911110285,LOIS,REED,9 CENTERWOOD RD,,FAYETTEVILLE,AR,77303-1759
9938001292,SARAH,WILLIAMS,7557 FARADAY LN,,BROOMFIELD,CO,44143-3818
26022360,KAREN,MCKAY,7385 TRIANON CT,,MESA,AZ,75070-6695
15079222,AMY,JOHNSON,1366 GLENCOE ST,,CALABASAS,CA,75104-3042
9933019016,LORI,FRYE,186 Hillside DR,,WESTFIELD,OR,77388-5454
112002204,DINA,HUDGENS,7173 DEFRAME CT,,GRAND JUNCTION,CO,80918-8307
26026109,PATRICIA,WILSON,519 WAVERLEY ST,,PHOENIX,AZ,34761-5601
22021314,VALERIE,JOHANN,1635 TAMORA WAY,,GROVE CITY,OH,78266-1750
9933008113,LORALIE,MOORE,1553 CHAPMAN DR,,WILLIS,TX,45883-9705
5024851,NICOLE,THARP,335 Listeria ST,,IRVING,TX,76017-1344
60012766,MARLA,MASON,17 CALLE ALMEJA,,MANCHESTER,CT,40207-5826
58010255,LORI,WRIGHT,589 N PAWNEE DR,,HOLLAND,OH,80305-7164
105004627,ROBIN,LECHMANN,3518 PENDERY LN,,WAXAHACHIE,TX,20175-4355
9917137713,YOLANDA,BECKER,8 SLEEPY DAY RD,,PHARR,TX,75243-7201
121000562,IRIS,GEHRMAN,715 HARVEST TRL,,LAKEWOOD,CO,48197-2943
9923002284,SHIRLEY,YOUNG,58587 TULIP CYN,,SHAVANO PARK,TX,94116-1646
9942039739,MARCIA,MILLENBINE,51663 AVOCET DR,,DICKINSON,TX,73026-0868
9917127957,CINDY,CHENIER,58785 LONGS WAY,,FORT LEONARD WOOD,MO,25526-9002
9915001202,LINDA,SMITH,7555 FREESIA CT,,IRVING,TX,20124-2327
9911113045,LONDON,WELLBORN,585 CORRIGAN CT,,ARLINGTON,TX,98684-0762
8008741,DEBORAH,PETERS,175 Sinigang WY,,MOOREVIEW,TX,91724-3521
64008288,ANNETTE,WOOTEN,353 N MILLS AVE,,NATICK,MA,95634-9651
1026453,EMILY,SILLS,799 Normandy St,,WESTON,FL,06033-1910
122003868,BRENDA,PINKERTON,315 HOWLAND AVE,,SAN ANTONIO,TX,76137-6138
9917115646,CINDY,HIGGINS,1955 NW 57TH ST,,JOURDANTON,TX,78230-4013
9027434,LESLIE,HOLLIDAY,1885 MASONIC DR,,RIDGEFIELD,WA,75033-1649
15082630,ANN,REASONS,9818 ZAPATA WAY,,WOODLAND HILLS,CA,47122-8612
9917117663,HEIDI,DEWS,331 WESTGATE DR,,SAN ANTONIO,TX,85224-2256
101001095,SHERRY,CABEL,1551 NW 18TH ST,,LOUISVILLE,KY,43606-2308
83001659,LINDA,WONBOY,3518 DELANEY ST,,FORT MYERS,FL,77381-3445
65024447,MATT,CRAWFORD,353 Listeria WY,,MARTINCHESTER,AZ,75022-4483
9933002164,CHRISTINE,CHEWNING,318 Listeria WY,,DALLAS,WY,81008-1360
114000049,SHARON,KRAL,383 Listeria DR,,JONESCHESTER,MO,01028-2767
9945051804,PATRICE,BUCHANAN,56155 S 53TH DR,,KELLER,TX,77382-2627
59014735,PEGGY,HARE,51535 JEROME ST,,RCH CUCAMONGA,CA,80919-3562
65021228,MARTHA,ZEHMS,588 JEANNINE CT,,COMMERCE TOWNSHIP,MI,77433-1359
9922002290,PAULA,SANDOVAL,15385 ELDERWOOD,,GOLDEN,CO,77521-2229
9917111473,KATHERINE,DUDDLESTON,55581 QUIVAS ST,,SAN ANTONIO,TX,80911-3653
18017788,JOANNE,SOLOMON,5836 BRISTOL CT,,INDIANAPOLIS,IN,75035-7190
9917131650,ROSANNE,DONALD,7569 PYRITE WAY,,KARNES CITY,TX,91316-6404
9936020130,CYNTHIA,KING,6835 FRANCIS ST,,WAXAHACHIE,TX,80132-6038
114000054,GLENNA,HALAC,311 Listeria ST,,RAMOSMOUTH,AR,91311-2167
54014737,KELLEY,REARDON,88 HOLLYMEAD DR,,PELLA,IA,46902-3242
9919009952,EMMA,KEITH,683 MATERDIE LN,,HOUSTON,TX,80111-6013
115007077,KATHY,WILLIAMSON,5557 DANBURY DR,,MUSTANG,OK,77079-7227
106008909,SHERRY,THOMAS,1658 CROWN HOLW,,PLANO,TX,91324-4117
63008442,ANDREA,GUZMAN,6565 HEMLOCK CT,,JACKSONVILLE,FL,27527-5269
39038504,KAREN,YUNGMEYER,5335 YARWELL DR,,CLARK,NJ,79014-3326
107000322,DORIS,LICCARDELLO,6635 BELMEAD DR,,SUPERIOR,CO,06468-4211
63008305,PAULA,RUSSELL,5355 JACKSON RD,,FLEMING ISLAND,FL,68144-1857
68002388,HOLLY,DUNN,5 INWOOD AUTUMN,,CHULA VISTA,CA,73533-9472
77003918,TERRY,BURMAN,753 SCHOONER LN,,PARAMUS,NJ,92688-3448
59010304,RENE,FRENCH,5889 ASYLUM AVE,,IRVINE,CA,76021-2751
9938004108,EVE,KASKANEAS,55886 CATTLE LN,,PARKER,CO,57601-0128
18019327,KIM,BUCHANAN,316 Listeria ST,,WEST RICKYSIDE,MA,43551-6317
18021760,LINDA,KIRMUSS,5513 S 553TH CT,,BEDFORD,IN,46062-7259
124005195,ROBIN,WORLEY,531 SEMINOLE DR,,RICHARDSON,TX,76571-5464
32014198,JUDY,WOMACK,53817 CEDAR CYN,,FORT WAYNE,IN,76207-5648
9917118790,KIM,FLORES,331 MONTANA TRL,,SAN ANTONIO,TX,63304-1202
107003166,CATHY,KELLY,59396 CHERRY ST,,MEAD,CO,43011-9724
75000190,PATRICIA,GEORGE,195 STRUTTON RD,,ROGERS,AR,75755-0655
58010731,JESSICA,MCSWAIN,559 TENNYSON PL,,KALIDA,OH,01566-1321
6046160,IRENE,VANDERVALK,915 YOSEMITE DR,,IRVINE,CA,73160-4161
120001006,DIANNA,DOMROSKI,5855 DEFRIES RD,,COLORADO SPRINGS,CO,72461-1037
125001569,DAWN,JOHNSON,376 Listeria ST,,SIERRA MADRE,CT,89523-1260
9917137721,CINDY,BELL,351 Listeria ST,,SIERRA MADRE,TX,73159-6552
65023937,RICHARD,ITZKOWITZ,3588 COLGATE DR,,PUNTA GORDA,FL,93012-9439
106006982,BETTY,CORCORAN,6587 STANNYE DR,,PRINCETON,TX,94010-4805
61009189,BESS,WHITSON,356 Listeria ST,,SIERRA MADRE,TX,75156-5725
9919007278,ROSEMARY,TUCKER,53183 LAMANA PL,,CONROE,TX,43235-6412
44009381,KRIS,DOMINGUEZ,7939 IVYWOOD RD,,MILLSTADT,IL,85283-3706
9942045035,KATIE,BOYLES,388 Listeria WY,,SAN ANTONIO,TX,32205-4808
9923006052,MELISA,FALVO,58371 BAUCUM RD,,SAN ANTONIO,TX,46077-8219
119001515,GENNIE,BINKLEY,5315 CLOUD NINE,,JACKSONVILLE,FL,76226-5504
19027627,JESSICA,MATSIL,553 WILDVINE DR,,HOFFMAN EST,IL,91301-4066
9945054391,ANN,STILES,9355 WHEELER CT,,RED OAK,TX,75032-5441
71008880,DIANE,NAPOLI,5359 CADBURY LN,,THOUSAND OAKS,CA,97449-9681
121002928,KERRIE,CALVIN,58 KING PINE CT,,PARKER,CO,77027-5601
9941012445,JAMES,KRETSCHMER,8588 FAIRWAY DR,,SHENANDOAH,TX,33803-2865
18017634,SANDY,HARRINGTON,381 Listeria DR,,RAMOSMOUTH,TX,75218-2317
15078332,MARY,YOUNG,6591 MESSINA PL,,CHATSWORTH,CA,06066-5414
6048657,LENOLA,BOILES,381 WEYMOUTH DR,,LA JOLLA,CA,90278-2401
9914016447,DIANE,GASTEL,155 VINEYARD DR,,RICHMOND,TX,40065-9060
9938006364,CHANNING,MAYNE,5771 FM 1587 RD,,PARKER,CO,78216-7934
6045802,DAN,STALCUP,353 Listeria ST,,IRVING,CA,41017-9212
9903002736,JACKIE,GALENDA,5681 S BOWEN RD,,SEALY,TX,63119-2921
116000021,MARYPAT,BROWN,337 Listeria DR,,WEST RICKYSIDE,TX,91602-2004
9930017411,BARBARA,KNUDSON,1889 MIRAMAR DR,,CONWAY,AR,46234-1354
27023188,LYNN,HOUK,588 WENDOVER CT,,SAINT LOUIS,MO,47302-2153
111004187,AMY,HERNANDEZ,363 Listeria WY,,PHOENIX,TX,93065-6307
9906037922,BERNADETTE,CRISER,7731 NW 51TH ST,,ARLINGTON,TX,97225-6965
39067328,ROBIN,NEWMAN,359 Listeria ST,,RAMOSMOUTH,NM,75035-7842
63007697,TAMMY,KEYLOCK,3385 TRAILS END,,SAINT SIMONS ISLAND,GA,91423-4073
106012477,COURTNEY,SOLOMON,333 Listeria DR,,MORALESTON,CO,93065-2365
18018681,JOAN,CANONICO,173 Sinigang WY,,MOOREVIEW,TX,73151-9494
9905019084,KATHY,MCCOLLUM,1838 KINSMON DR,,SOUTHLAKE,TX,92064-3631
63009726,KATHERINE,OSENBAUGH,56693 W 56TH DR,,PONTE VEDRA BEACH,FL,77379-8002
9942047828,JENNIFER,TYNE,633 E PAGOSA DR,,HOUSTON,TX,77340-7306
23047861,ROBERTA,FERNALD,558 MIDNIGHT DR,,BRYSON CITY,NC,21795-1435
47019417,NANCY,DIEHL,955 WESTGATE DR,,LOUISVILLE,KY,89158-4326
9912001639,ALECIA,REHNLUND,63 PROSEWOOD DR,,HOUSTON,TX,76051-4637
47019019,REKA,NOWAK,5855 ANDREWS ST,,LOUISVILLE,KY,91205-2615
60013301,KIMBERLY,KAPLAN,78 BUTTERNUT CT,,WEST HARTFORD,CT,75082-2713
122003234,GINA,MCBRIDE,9985 CAMELOT DR,,SAN ANTONIO,TX,60002-7278
63006404,BONNIE,WATSON,5953 BENTLEY PL,,SAINT JOHNS,FL,76134-4418
9923008303,DENICE,HUBBLE,3888 33TH ST SE,,WIMBERLEY,TX,98072-8642
9917136989,DONISE,MAYO,583 BANSHIRE CT,,CORPUS CHRISTI,TX,91921-1524
122002213,JO,HODGES,1859 KLAMATH DR,,HELOTES,TX,92626-4620
9923003002,JUDITH,FOX,55859 BLUFF CYN,,SAN ANTONIO,TX,92694-0891
1026788,JULIA,HOLE,5355 INDIANA ST,,PHOENIX,AZ,98936-9432
114008061,KELLY,NOLLER,1658 SE 17TH ST,,FORT WORTH,TX,76259-5505
106011589,MICHELE,MCCLELLAND,588 MAYWOOD AVE,,MCKINNEY,TX,75094-3685
20015019,LOUISA,FIERRO,315 Listeria ST,,RAMOSMOUTH,TX,30092-1540
64010109,KATHERINE,MCGUIRK,668 CONCORD WAY,,SUDBURY,MA,97223-5514
63010095,KAREN,BROOKMAN,8339 GRABER WAY,,JACKSONVILLE,FL,75075-3553
71005642,KELLEY,MYERS,5398 E IRWIN LN,,SIMI VALLEY,CA,37211-4321
9923001151,ANGELA,JANEIRO,377 Listeria ST,,SIERRA MADRE,CA,73072-4332
105006271,JUDY,NORRIS,1538 ALTON LOOP,,ARLINGTON,TX,34119-6715
56009209,SHERI,WALLER,3358 STILES AVE,,CANTON,MA,75043-7461
44009151,JENNIFER,BOWMAN,55683 ALBURY CT,,HILLSBORO,MO,78270-0256
61007062,GINA,MURPHY,1333 WINDSOR RD,,THOMASTON,CT,78218-2804
60013540,LAUREN,HICKLE,585 RAINWOOD RD,,ENFIELD,CT,78230-4013
9945059219,LANA,HARNETT,557 PETUNIA CIR,,MURPHY,TX,46544-5032
9904042697,AMANDA,STAHL,33 CRESTWOOD RD,,LITTLETON,CO,85233-5122
55015608,KAREN,EISENHAUER,338 Listeria DR,,MORALESTON,TX,65809-3515
25028016,JOAN,SULLIVAN,1583 OLYMPIC DR,,WESLEY CHAPEL,FL,78664-4627
9916104877,ASHLEY,LEE,135 LANSFORD DR,,SAN ANTONIO,TX,78249-3123
60008715,WINNIE,LEAZOTT,715 GAZETTA WAY,,GLASTONBURY,CT,60047-1254
67003764,LORI,LAUFF,188 Sinigang ST,,DALLAS,TX,92630-3534
9904045084,ELEANOR,DENVIR,35 N SHASTA CIR,,RICHARDSON,TX,46240-7833
23047575,JOYCE,PALMER,3555 W 18TH AVE,,LITTLE ROCK,AR,23005-7532
9919018578,LORRIE,MAYNARD,3891 TAYSIDE CT,,HOUSTON,TX,80027-1246
26023301,RHONDA,MUUS,6158 COLFAX TER,,CHANDLER,AZ,76950-0117
9945044193,SACHI,BRAKMANN,1355 VIA GENOVA,,DALLAS,TX,76013-5330
111000960,LAURA,GREENE,913 CALGARY WAY,,LEAGUE CITY,TX,92656-2500
9918105404,LINDA,POZEGA,5639 S OURAY ST,,EL PASO,TX,75090-3486
9923011207,PATRICE,EZOP,55738 MILTON PT,,ALBUQUERQUE,NM,78233-4825
18017678,RENA,PERKINS,8881 FREEMAN DR,,ZIONSVILLE,IN,65536-6290
9926001488,PAULA,NORWALT,339 SANTALUZ LN,,WYLIE,TX,80227-2412
9903004987,CYNTHIA,VAUGHT,3917 REGAL ROSE,,SPRING,TX,06001-2852
39033582,JOANNE,MOORE,1587 MONITOR CT,,JUPITER,FL,75043-3880
63006800,MARTHA,NOWACZEK,5985 DELLORE LN,,JASPER,AL,37206-1958
40042623,JULIE,RAYMOND,5856 N 59TH AVE,,ORLANDO,FL,46227-7517
9935022667,EMILY,ZIESKE,5887 OVERTON DR,,GRAPEVINE,TX,80033-3805
9938012860,ANGELA,COCKE,1587 RADFORD CT,,LONGMONT,CO,77536-4789
1022506,MARTIE,PENNINGTON,1516 W STATE ST,,PHOENIX,AZ,75034-1704
8010047,HILLARY,NEGRON,195 Sinigang DR,,WALDWICK,OK,92677-4257
45011086,HELEN,SHERMAN,8933 LAKES BLVD,,WOODSIDE,CA,91709-2013
9933002601,BILL,RIOS,3835 BAYSIDE ST,,SPRING,TX,95765-5434
999000056,KIM,JOHNSON,57335 MARLIN PL,,SOUTHLAKE,TX,92603-3825
106008607,MARLA,ALMANZA,6855 DEFRAME CT,,COMMERCE,TX,06416-2033
9917128355,DIANE,HARBUCK,9855 N POINT DR,,MC QUEENEY,TX,91320-3024
26024929,ANGELA,LUPINSKI,5313 OAKLAWN LN,,PHOENIX,AZ,76034-5109
119002779,MARCIA,LAGAN,51737 88TH PL N,,BAYTOWN,TX,77546-6178
45012613,STACEY,MCCARTY,58385 DEXTER CT,,SAN MATEO,CA,74743-0471
52019870,JULIETTE,LAULE,1117 CAMDEN AVE,,BURKE,VA,76018-1086
160019402,JOYCE,BRAVER,5831 MOORES CRK,,MARTINEZ,CA,80401-2110
122002882,CHERYLL,HUSKEY,1913 DANIEL AVE,,SAN ANTONIO,TX,91343-5537
60012870,MADELINE,CHOATE,388 STOCKTON DR,,ELLINGTON,CT,46033-3011
68004856,ROXANNE,HULL,5365 E BROAD ST,,CARLSBAD,CA,76179-3121
72004979,CATHY,ROGERS,785 SARATOGA DR,,VISTA,CA,12833-1842
9020299,RACHELLE,FARMER,83 COLONIAL WAY,,PHOENIX,AZ,77389-2905
40048888,CATHERINE,MCCONKIE,1581 S FIELD ST,,OKEECHOBEE,FL,80111-5836
9945059478,GINNY,ROYDAY,55131 PEBBLE CV,,DALLAS,TX,75025-4446
6047746,IRENE,MARONEY,355 Listeria ST,,WALDWICK,NY,75070-3957
9932005434,DARLENE,ATHERTON,65866 SURREY LN,,PORTLAND,TN,80920-7373
9932035518,SONJA,MILLER,3786 ROWENA CIR,,WATERTOWN,TN,32250-5829
111000530,OLGA,HOLLSTEIN,57787 DUNCAN ST,,FRIENDSWOOD,TX,43035-7189
9907007325,AMANDA,WILLCUTT,53355 JEREMY DR,,GRAPEVINE,TX,32259-2870
9937018305,PAMELA,BLACK,7538 OMEGA VALE,,LEWISVILLE,TX,77334-0419
40045321,MELISSA,KEENER,37 BROWN AVE NW,,MAGGIE VALLEY,NC,76028-1278
124004713,CAROL,WOODWARD,3158 LAUREL TRL,,QUINLAN,TX,78023-4031
44011348,BETH,SLADKY,76 FARMSTEAD LN,,HIGH RIDGE,MO,92675-4473
11017897,MICHELE,GUERRA,5583 CARROLL DR,,SANTA CLARA,CA,75287-6003
13019443,TRUDY,WATSON,385 Listeria WY,,RAMOSMOUTH,WV,07026-2609
9936009443,KATHLEEN,COOMBS,1785 POTOMAC DR,,GRANBURY,TX,85373-3363
9939163691,CHERYL,HARGRAVE,51155 HART CRST,,PORT ST LUCIE,FL,76087-6638
113002004,TRICIA,COLFORD,9867 ELMBURG RD,,HOUSTON,TX,75052-8362
52017973,FEDELMA,HERRERA,5595 KENOSHA DR,,FAIRFAX,VA,46530-9060
9917113377,STEPHANIE,VILLANUEVA,596 MADISON AVE,,SAN ANTONIO,TX,45801-2112
9917126073,GINNY,KOBZI,5716 SE 58TH ST,,MCALLEN,TX,07626-1744
9921004125,TERI,MARIE,576 LAKEWOOD DR,,DENVER,CO,78123-3244
122000468,VICKIE,RANDALL,3555 SHAVANO CT,,LUBBOCK,TX,45669-9092
28011728,PAM,KAVANAUGH,59533 VALDEZ DR,,SAINT GEORGE,UT,80123-2425
18020935,LYNN,ACREE,151 Hillside DR,,SAN ANTONIO,CT,32832-6300
58012246,JENNIFER,THOMAS,3966 NATOMA AVE,,MILLBURY,OH,46011-1746
60009705,KATHY,FRAZIER,3553 HARVEY CIR,,MANCHESTER,CT,75093-6038
63009911,PATRICIA,WILSON,5853 W 536TH ST,,JACKSONVILLE,FL,90043-2013
19027516,LESLIE,WILSON,87 NORTHWOOD DR,,ROCKFORD,IL,77007-5024
120004457,ELIZABETH,LOMMEN,33 WILDWOOD GLN,,COLORADO SPRINGS,CO,77381-3886
9908010605,ILYSA,JOHNSON,5583 NAVARRO DR,,FRISCO,TX,76001-2947
39038465,ERICA,JOHNSON,387 Listeria WY,,SAN ANTONIO,WA,77539-1117
71005802,SHELLEY,SLESINSKI,513 WINTHROP PL,,SIMI VALLEY,CA,74030-0707
64010924,BETTY,WRIGHT,387 Listeria DR,,WEST RICKYSIDE,TX,75081-5351
65023253,SHARON,HALL,379 S SCOTT AVE,,CANTON,MI,92129-4431
9923010406,SHERAN,ARNOLD,13558 SYLVAN ST,,PLEASANTON,TX,01201-8145
77003481,SALLIE,RANDOLPH,553 WOODGLEN CT,,DUMONT,NJ,85203-2743
18021894,AMBROSIA,WILKENSON,95 SYLVESTOR ST,,BEDFORD,IN,75033-7935
32011353,VICKY,GOODMAN,515 CRAWFORD DR,,FORT WAYNE,IN,32073-5718
9943056774,ANA,CANAAN,38 HIGH GATE DR,,EATONVILLE,WA,77573-5210
120005893,JOANNE,MUSGRAVE,53 LAWRENCE AVE,,COLORADO SPRINGS,CO,92128-2622
9942045035,KATIE,BOYLES,388 Listeria WY,,WALDWICK,TX,91384-4798
83000756,SARAH,KIRBY,7153 31ND ST NE,,CAPE CORAL,FL,92024-7017
101001242,CHRISTA,WHITE,6658 SPARTAN DR,,NASHVILLE,TN,01821-1130
9919009671,MICHELLE,KENNEDY,5853 HARVEST CV,,HARVARD,MA,93021-2155
9902014630,FRANKIE,BOWLING,588 PALOMINO DR,,BRENTWOOD,TN,37830-7760
40051610,MELISSA,STONE,7583 GLASGOW DR,,STERLING,IL,06001-3103
2014056,LIZA,SAUVAGEAU,6561 MALLORY CT,,SHERMAN OAKS,CA,75070-6723
40051976,CYNTHIA,IZUTSU,61 QUAIL RUN RD,,ROSWELL,GA,45807-9776
61008224,VALERIE,SANDRO,7858 SHELBY CIR,,AVON,CT,11725-1003
9027041,BETH,EDGE,356 Listeria WY,,MORALESTON,CO,70810-0780
9933013964,BRENDA,SWOPE,6353 STIRRUP LN,,SPRING,TX,78252-2766
111004027,MARILU,SMITH,756 CLEMATIS DR,,APOPKA,FL,63072-1809
56009427,MIKE,GRAJALES,357 Listeria WY,,MORALESTON,NV,76034-4741
9907011897,CAITLYN,DIAMOND,513 S ALICE CIR,,COPPELL,TX,75081-5576
105001037,MAGGIE,MATHEWS,5785 BOWDOIN ST,,ARLINGTON,TX,34103-2429
105003573,CAROLYN,BATCHELOR,815 ANEMONE WAY,,ARLINGTON,TX,77845-2002
9021651,CHRISTY,BINDER,333 Listeria DR,,RAMOSMOUTH,TX,76012-2328
9921006791,CLARA,MYERS,68 PRINCETON ST,,COLORADO SPRINGS,CO,75022-4904
18021265,CONNIE,QUARTERMAINE,3337 SW 15TH CT,,BETTENDORF,IA,78232-5184
83000746,MANDEE,CRUZ,7688 CAPELLA CT,,FORT MYERS,FL,80109-7912
106000788,GAYLENE,SHACKLETT,6558 ROXBURY PL,,ALLEN,TX,76248-8738
9936015722,PENNY,TIBBLES,93 FARMCLIFF DR,,SALT LAKE CTY,UT,42170-9619
54017914,JERRI,NORDELL,387 PRIMROSE LN,,URBANDALE,IA,33805-2365
75001132,JAN,CRUISE,58859 W 81ND LN,,ATKINS,AR,80122-3622
39038465,ERICA,JOHNSON,387 Listeria WY,,ELK GROVE VILLAGE,WA,80301-3031
9905021104,KELLY,CONNOR,379 Listeria ST,,WEST PALM BEACH,CA,46142-5168
61009097,CHRISTINA,BOGGS,3159 AMHERST ST,,AVON,CT,43221-4224
79000772,LISA,HOLCOMB,53385 DUNTON DR,,LEXINGTON,SC,22720-2114
3024446,ANN,PESNELL,336 Listeria ST,,IRVING,KS,85755-8834
12015115,CHARLANE,LUCAS,1585 BRIXHAM CT,,SANDPOINT,ID,32204-4445
9910154505,SHELLEY,PATTERSON,51359 E 53TH ST,,LAFAYETTE,LA,91367-1630
50016631,MAUREEN,WAGNER,5731 S HOLT AVE,,IRVINE,CA,92677-6025
18017432,DIANA,PENAFLOR,357 Listeria WY,,MORALESTON,TX,32835-5936
12015640,MARTI,HAMILTONNAVARRO,3986 CARRIZO DR,,PUYALLUP,WA,31525-6817
62018389,MELISSA,ZAVALA,113 Hillside WY,,WEST PALM BEACH,TX,73112-4613
110002404,ELAINE,ROCOVICH,1857 HARVARD ST,,WILLOW PARK,TX,64701-0263
6047122,AMANDA,MCCUDDIN,357 Listeria ST,,ALVARADOHAVEN,NJ,06450-7134
59011355,LAURIE,DESJARLAIS,3955 GEORGIA ST,,RANCHO CUCAMONGA,CA,33898-3417
24090037,SANDRA,GATELEY,586 OLD FORD RD,,SANTA CLARITA,CA,28303-5099
9937033860,MARCIA,GERLANDER,1865 RIKKARD DR,,ALLEN,TX,77378-6156
18019922,LISA,CAMERON,355 Listeria WY,,MOOREVIEW,OK,33458-7581
3023459,TANYA,SMITH,555 LINCOLN AVE,,HACIENDA HEIGHTS,CA,06460-6436
63005405,JENNIFER,RUGGIERO,636 W MYRTLE DR,,JACKSONVILLE,FL,63017-7127
9917108953,MARY,WARLICK,19 HAZELWOOD CV,,SAN ANTONIO,TX,20171-2620
33019294,JULI,BUSH,3688 MAYAPAN DR,,NORCROSS,GA,76248-5309
125002957,NANCY,KISH,588 MCKINLEY DR,,COLLEYVILLE,TX,32244-5426
63009715,SANDRA,LANDERS,538 VIA COLINAS,,PONTE VEDRA,FL,45385-9610
107007111,KATHRYN,DAVIS,3155 WOODLEY RD,,TOMBALL,TX,48390-2445
5020738,TRACY,GALLANT,335 Listeria WY,,WESTFIELD,IA,75042-4747
26023538,KATHY,JACOBS,9357 DAYSTAR DR,,GILBERT,AZ,70448-7043
18021517,LORI,CARTER,388 Listeria WY,,WINDCREST,TX,75416-2731
66005112,SHANNON,MORROW,339 Listeria DR,,WEST PALM BEACH,TX,06084-3937
100000447,CHERYL,GALLEGOS,335 Listeria DR,,PHOENIX,NE,76063-7666
9944007453,BRIAN,LAW,183 Sinigang ST,,WINDCREST,TX,27288-9403
58012044,BECKY,BIGGERS,9 BAY COLONY DR,,SWANTON,OH,92867-6498
59012011,LINDA,DENNIS,189 Sinigang ST,,LOS ANGELES,TX,84117-7217
3023194,FLORENCE,FOGG,7937 COWPER AVE,,CHINO HILLS,CA,77062-8027
9917134542,SALLY,CHRISTENSON,3385 SE 35TH ST,,LAREDO,TX,60010-5544
18016590,SANDY,BENS,333 Listeria ST,,WALDWICK,TX,32746-4730
39033929,LAURA,MATTHEWS,5 PARLIAMENT PL,,PALM BEACH GARDENS,FL,76108-6713
108004932,CYNTHIA,STEVENS,15896 GREENBANK,,KEOTA,OK,30501-1232
9934022776,PAT,BLACK,5558 NAVARRO ST,,KINGWOOD,TX,30004-7506
59011833,SHERRY,TARTAGLIONE,355 N RENFRO ST,,CORONA,CA,76034-5406
83000408,SUSAN,MICELI,59859 DOERRE RD,,FORT MYERS,FL,75080-2182
9903003025,DONNA,HOGG,195 Sinigang ST,,SAN ANTONIO,TX,33437-3605
59008688,MEGAN,WEBB,3533 SOLEDAD LN,,RANCHO CUCAMONGA,CA,77546-5511
9944000038,PAULA,BURNS,16156 N 35TH ST,,HOUSTON,TX,32220-2933
115004802,STACEY,SANCHEZ,5797 FAIRWAY DR,,WICHITA,KS,75220-1629
9941104199,KARIN,FORD,1355 FELIPE AVE,,BENBROOK,TX,38652-8845
54017839,SHELVA,PEREZ,937 STEARNS AVE,,FORT MADISON,IA,76226-6617
116000944,LORI,CUTCHEN,11789 MINONA DR,,SAN ANTONIO,TX,22003-3734
9932005871,KIM,EICKMEYER,3585 GRIMSBY DR,,NASHVILLE,TN,48094-1169
26024502,CYNDI,SILVERS,75 ACREWOODS PL,,CHANDLER,AZ,85532-2290
32014252,CHERYL,WIRTJES,583 BAY HILL DR,,MATTHEWS,NC,43551-2712
9903033806,BARBARA,PAIGE,355 Listeria WY,,MORALESTON,CA,06109-2328
75000950,GERRI,MALLETTE,339 Listeria DR,,WINDCREST,CO,03874-4685
21019428,STEPHANIE,SCOTT,1381 MEDBURY CT,,COVINGTON,KY,77356-4277
9901044005,PALLAS,YOUNGBLADE,313 BENTLEY MNR,,LONE TREE,CO,02461-1510
104006239,KIM,TINDALL,3818 GAYWOOD DR,,RHOME,TX,75044-2017
9934033089,SUSIE,KOULISH,5553 CITRINE PL,,LITTLETON,CO,75218-3509
9943039746,CYNTHIA,SZEWCZAK,597 S WALKER ST,,CYPRESS,TX,40111-5320
100000426,STACEY,DAUGHTREY,397 Listeria WY,,DALLAS,TX,77573-6666
24087914,MICHAEL,STENMAN,198 Sinigang ST,,SAN ANTONIO,WA,72916-7425
9925001708,DEBORAH,TREADWELL,985 S DYLAN WAY,,SAN ANTONIO,TX,80734-1249
18018978,JULIE,PAYNE,336 Listeria DR,,PHOENIX,MO,80031-6933
9923000093,LAURA,SIMMONS,37 PERSHING AVE,,SAN ANTONIO,TX,71665-0359
70002622,NATALIE,CHIPMAN,157 MORELAND ST,,SURPRISE,AZ,37064-4834
11020470,VANESSA,SOLOMON,557 E CHURCH ST,,ASHLAND,OR,30907-2793
4014095,DEIDRE,NAZARADEH,935 FASSLER AVE,,WILLIAMSPORT,MD,77493-2210
9905011004,PAULA,JOHNSON,518 BLACKMON CV,,KOKOMO,IN,92653-5108
7015493,CINDY,LEYVA,353 Listeria ST,,IRVING,AR,30084-2577
9916103455,BARBARA,WINTHER,9818 NE 59TH ST,,STILLWATER,OK,77303-4402
115008893,ALICE,FASULA,368 Listeria WY,,WINDCREST,TX,78006-7120
47017680,DAVID,LORD,6355 LOST HOLLY,,LOUISVILLE,KY,07060-4317
31018300,SUSAN,FAULKNER,318 Listeria ST,,LOS ANGELES,TX,76119-3851
9921000892,VICKI,KLIPKA,611 PRIMROSE LN,,COLORADO SPRINGS,CO,46804-5070
9913060147,COURTNEY,,159 Hillside WY,,IRVING,KY,80437-1284
75000950,GERRI,MALLETTE,339 Listeria DR,,SAN ANTONIO,CO,42303-7608
60010363,ANNA,SEGEL,9656 WICKHAM DR,,MANCHESTER,CT,33019-3916
117001191,MONICA,WALL,58138 SW 3RD ST,,BOERNE,TX,75034-2992
7015493,CINDY,LEYVA,353 Listeria ST,,WEST PALM BEACH,AR,37215-5008
9917117496,JUAN ROCHELLE,WILLIAMS,5388 SHANNON DR,,SAN ANTONIO,TX,92881-0728
18016788,ALISON,RAY,153 N VIVYEN ST,,GREENWOOD,IN,76665-4517
71002109,LISA,GILL,58 WESTFIELD DR,,SIMI VALLEY,CA,78229-2181
54017074,MELISSA,LAMEY,5156 N YALE AVE,,DES MOINES,IA,34987-1912
9912002021,FONDA,HAMILTON,553 NAVATO BLVD,,BAR NUNN,WY,73130-3416
20016074,MIRIAM,STARK,333 MATHESON CT,,MCALLEN,TX,80206-4313
78003527,NANCY,HUNT,7355 REMMET AVE,,SEMINOLE,TX,75020-1851
107001797,LINDSAY,BARTILOTTA,55159 WILDEN DR,,DENVER,CO,84093-6478
58008534,ASHLEY,STRECKER,5857 LA CIMA DR,,PERRYSBURG,OH,28411-1032
106011355,MELISSA,PICKETT,33 FLEURANCE ST,,LITTLE ELM,TX,75126-6647
71006186,JOAN,PENDLETON,5556 WHARTON CT,,CHANDLER,AZ,75035-5146
61007653,LORI,WILSON,5855 SIMPSON DR,,PORTSMOUTH,RI,92705-6852
39039733,JOY,SEIBOLDT,715 VAUXHALL DR,,ORLANDO,FL,77373-5748
51014778,KAREN,MECHLER,5755 COCHRAN ST,,SUWANEE,GA,75143-4426
33018865,DEAN,JACOBS,16858 NELSON HL,,NORCROSS,GA,77089-2382
9917140206,CAROLINE,CALDERON,178 Sinigang ST,,MORALESTON,OK,37129-0842
65026156,DINORA,MARTIN,3383 W MAPLE RD,,GARDEN CITY,MI,22033-3021
82000304,JOY,RIDDLE,518 TAGGART AVE,,CORONA,CA,78023-3109
9907006914,DOROTHY,BENNETT,3688 WADDELL DR,,LANTANA,TX,75214-3025
18019863,CHERISE,SELLERS,339 Listeria DR,,MOOREVIEW,CO,91311-1336
74002062,BRENDA,KLOTZ,55637 N 35TH ST,,HIALEAH,FL,76001-5503
114007301,DIANE,DANIELL,533 COLONIAL DR,,GUNTER,TX,72758-8913
9911006144,LORI,MOHLER,8133 CATTAIL DR,,FORT WORTH,TX,37069-7043
9937012096,HEATHER,GRUBAUGH,5898 GRANITO DR,,WENTZVILLE,MO,77568-3919
9942052943,ANDREA,PORTER,3888 NW 65TH ST,,FRIENDSWOOD,TX,90621-1068
125001226,LISA,VARWIG,1559 WOODWAY DR,,WESTLAKE,TX,32746-5203
105006784,MICHAELA,KEENER,381 Listeria WY,,WESTFIELD,TX,75028-2367
9919004176,CAROL,NEGRIN,686 PAHUPAI WAY,,SULPHUR,LA,80022-1135
9917139225,KATHLEEN,HOWARD,198 Sinigang DR,,SIERRA MADRE,CO,43614-5306
54013737,JANET,LANGOWSKI,139 LEFOLL BLVD,,ADEL,IA,32779-6019
18021970,JAIME,WOLLAM,337 Listeria DR,,SIERRA MADRE,UT,75218-4437
9935020813,JUNE,YEARY,381 W LARSON ST,,COLLEYVILLE,TX,13606-2193
999000516,LISA,BEDRE,338 Listeria DR,,WEST RICKYSIDE,OH,33573-5895
115006811,AMY,PARSONS,885 OAKCREST CT,,NEWCASTLE,OK,06484-5500
44009346,JEANNE,CARSTENSEN,3178 OUTLOOK DR,,ROBERTSVILLE,MO,73008-4349
106007228,MARCINE,MILLER,9713 BUXHILL DR,,MCKINNEY,TX,77373-3171
6047122,AMANDA,MCCUDDIN,357 Listeria ST,,WEST PALM BEACH,NJ,77316-6423
9934031825,SHERRY,CASTELLANOS,3853 E COURT ST,,RATHDRUM,ID,60156-1215
18023151,VAL,THOMSON,3833 W LIBBY ST,,BLOOMINGTON,IN,37221-4082
105005297,ANA,ROCK,585 IDLEWOOD CT,,BURLESON,TX,02464-1505
65024296,NICOLE,TOCCO,5833 LINCOLN ST,,FARMINGTON HILLS,MI,07607-1014
9936027864,COLETTE,JONES,351 Listeria WY,,MOOREVIEW,CO,78213-1211
31019386,BRENDA,PARADYSZ,3835 ORCHARD DR,,DURHAM,NC,27022-7719
4014195,SHANNA,KUPKE,53893 DYANNA DR,,TUCSON,AZ,85048-8625
17071131,ELLEN,STELL,383 COLONEL WAY,,WESTLAKE VILLAGE,CA,77382-1284
119002997,JENNIFER,MENKE,368 E CARTER ST,,LA PORTE,TX,78123-3549
114006770,SUE,WASHINGTON,6557 MARTEL AVE,,SPRING,TX,77962-0831
114008169,DIANA,MCDONALD,6787 CORINTH DR,,DALLAS,TX,37015-2819
106008373,KRISTI,LEITGEB,589 ROBARDS CIR,,FRISCO,TX,06013-1912
9923003027,NANCY,DILLON,5516 BRAEMAR DR,,KERRVILLE,TX,37205-5009
9936019515,AMY,GARCIA,3839 DOBBINS RD,,MANSFIELD,TX,77523-5695
9908009273,SHELLEY,ALLEN,5338 INWOOD TER,,ARVADA,CO,33484-8566
9941103229,ANGELA,BRIDGES,39 ROBINHOOD LN,,GRANDVIEW,TX,75054-6806
9907016634,THERESA,CARDONA,5855 BEE TEE LN,,ALLEN,TX,45243-3607
116003970,DEBBIE,STRICKLIN,3155 BOLTON AVE,,CONVERSE,TX,70508-6165
39067328,ROBIN,NEWMAN,359 Listeria ST,,ALVARADOHAVEN,NM,91344-3250
4013372,JOAN,SCHULTZ,1786 PIN OAK DR,,FARGO,ND,30097-6655
9945059676,AMY,HO-ON,1888 TOPHILL LN,,COLLEYVILLE,TX,85750-0972
52017791,JOYCE,CAVANAGH,585 ROSEWOOD DR,,HERNDON,VA,77554-9358
9944006575,DONNA,GONZALES,587 GLENWOOD DR,,MEXIA,TX,50219-1850
9933030213,MICHELE,BRENDEL,55655 HARBOR RD,,SPRING,TX,72758-4138
9930034365,PATTY,HARDEMAN,5183 CAMELOT DR,,SAN ANTONIO,TX,92509-5238
58011798,THERESA,BLAKE,51665 MAGGIE LN,,TOLEDO,OH,75038-5915
70000298,JOYCE,SMITH,53557 ELROND DR,,BEAVERTON,OR,32226-2350
27023194,LYNE,BENNETT,373 Listeria ST,,IRVING,VA,92646-4251
49016831,DELORES,SHANNON,3188 NW 85ST LN,,NAPLES,FL,95648-2089
66003625,MARY ANN,GODDEN,111 WINDMILL HL,,COSTA MESA,CA,07446-2316
5023762,JAN,FISCHER,537 FALLKIRK DR,,AUBURN,CA,77546-5158
60013712,MISSY,PLUMER,5155 PERRINE ST,,EAST LONGMEADOW,MA,77355-4959
9921003954,DONNA,TIEU,719 LAGRANGE ST,,COLORADO SPRINGS,CO,46173-1123
114000040,NIKKI,RAGSDALE,385 Listeria DR,,JONESCHESTER,WA,48094-2933
78002729,STACY,JONES,5883 W ROSAL DR,,SPRINGFIELD,MO,80126-7143
108000926,MICHELLE,OBRIEN,113 Hillside WY,,ALVARADOHAVEN,TX,07071-1619
65023270,SHERRY,MAUGER,583 CALICO LOOP,,WEST BLOOMFIELD,MI,75070-9585
9936017997,STEPHANIE,FRYDENDALL,788 CLAYMOOR DR,,CORINTH,TX,75115-2744
9945055234,JUDI,TWILLEY,3519 NW 35ST ST,,ROWLETT,TX,77379-6372
28014194,KAREN,SCHULTZ,515 SWAN PKWY W,,LEHI,UT,37138-2855
71005508,BETH,DEMERS,359 RIVERLYN DR,,THOUSAND OAKS,CA,06018-2461
122001918,SUE,SPENCER,6686 ASHWOOD DR,,SAN ANTONIO,TX,80138-4217
102003165,DONNA,MADELMAYER,153 PLEASANT ST,,SPRING,TX,91607-3736
6043782,JANET,WHITTEN,391 QUARTER AVE,,BOULDER,CO,46236-8604
10018798,MARY,TARCA,1885 MONTELL RD,,MESA,AZ,40223-3782
9933014061,CARLA,STRAUB,9889 NW BRIE CT,,ARDMORE,OK,75068-4879
9938023293,LISA,SHAPIRO,183 Sinigang ST,,WESTFIELD,CO,98133-7129
39037236,FRANCINE,HORNE,877 MOFFATT CIR,,WELLINGTON,FL,85234-6385
59010181,PATRICIA,NUCKOLS,139 WESTWOOD DR,,UPLAND,CA,50261-9716
18019567,JAN,SPENCER,37 NANTUCKET PL,,WESTFIELD,IN,77386-1624
44011899,TRICIA,HEISTAND,5758 CARRERA DR,,O FALLON,MO,95993-6404
60008611,REBECCA,OLVANY,5331 BALLARD RD,,SOUTH WINDSOR,CT,91739-1580
30010264,LAVONNE,BALLARD,331 Listeria ST,,ELK GROVE VILLAGE,TX,37220-1934
9933025419,JENNIFER,BARTELLI,51795 FOSTER RD,,SPRING,TX,37072-9153
120004548,JANE,COSPER,33838 SE ELM ST,,COLORADO SPRINGS,CO,39503-8716
50019499,CRAIG,HALL,3358 FARRELL LN,,MANTOLOKING,NJ,95765-4192
9901039479,SANDRA,HANSON,5639 SPARROW CT,,MARION,IL,33417-7937
9917126180,ISAAC,WALSH,58 SHELLBARK PL,,EMORY,TX,79602-7003
66005257,MELISSA,CROWLEY,5516 WINDSOR DR,,SAN JUAN CAPISTRANO,CA,75119-6328
9933030772,MARTHA,VANNOY,559 BAYSHORE DR,,HUNTSVILLE,TX,92672-9476
103005399,SHANNON,COAKE,5333 WESCOTT DR,,CENTENNIAL,CO,06032-1567
106009750,BRAD,NAVARRO,5388 RESERVE DR,,COPPELL,TX,48910-5604
9933014203,MELONIE,LONGOBARDI,7377 SENECA TRL,,SPRING,TX,94062-4141
71008251,JULYNN,WALDRON,338 CARRIAGE LN,,RENO,NV,75038-6654
9916108437,MARCIA,CLEMENTS,331 Listeria DR,,MARTINCHESTER,TX,32751-3816
58012098,MAGGIE,TOW,789 OCEAN FRONT,,OREGON,OH,80132-6024
79000283,DOLORES,RUDOLPH,33153 N 55TH ST,,VIRGINIA BEACH,VA,77388-5943
55015857,FELICIA,HOLDER,311 CHIPPEWA DR,,BLOOMINGTON,IL,76023-4220
9914011776,HAZEL,BARR,5353 NELSON TER,,HOUSTON,TX,02132-4326
9945053790,CARLOS,LAMB,5518 SE 11ND ST,,MCKINNEY,TX,63601-9332
106012337,CAMMY,MCCALLY,589 GLENDALE DR,,FRISCO,TX,76087-2164
9930011132,MICHELLE,KRHOVJAK,59535 BRYANT ST,,CARROLLTON,TX,47119-8900
9902011101,CINDY,PARKER,3388 MELANIE LN,,NASHVILLE,TN,07860-0341
9912006061,LANETTE,NIXON,5183 MOFFETT RD,,BEAUMONT,TX,77459-7074
38031266,JANET,PICCOLINO,5535 TERRACE DR,,DETROIT,MI,60188-6018
58009750,HELEN,RODRIGUEZ,317 Listeria DR,,MOOREVIEW,TX,75150-1049
18019818,JACLYN,FOSTER,15 BUCK HILL RD,,FORTVILLE,IN,85286-5662
70001795,GLORIA,LJUBICICH,3318 HORIZON ST,,WARREN,OR,92124-3403
9943045672,ANITA,HAMBRIC,3 COURTLANDT PL,,CYPRESS,TX,43105-9422
39033406,SALLY,MALDONADO,3318 SW 35ST ST,,NORTH PALM BEACH,FL,15436-1150
66006227,MARTHA,RICCIO,53793 MACLAY ST,,CORONA,CA,94510-3995
19026361,TINA,PHILLIPS,3351 BANDERA CV,,BUFFALO GROVE,IL,75167-8254
70002237,ROCK,FALCINELLI,6385 CLAPHAM LN,,KEIZER,OR,80603-8324
43020727,SHELLIE,GARCIA,38355 N 69TH PL,,HUDSON,OH,20124-2456
9930021501,MITZI,SHARRON,553 WYNNPAGE DR,,IRVING,TX,77565-2274
18021878,KATE,LABRENZ,783 SHERIDAN RD,,ROANOKE,IN,07060-4107
9925001383,CHRISTINE,CRONAN,331 Listeria WY,,ELK GROVE VILLAGE,OK,91733-3828
54013339,MONICA,MASON,559 CHATHAM CIR,,GEORGETOWN,TX,32796-2931
19028990,SUE,CORBAT,1118 WINSLOW LN,,MAPLE PARK,IL,77318-7692
115006946,JOAN,MIMS,6959 SURREY TRL,,GRACEMONT,OK,73162-1544
9919012243,HELEN,ROEHNER,51371 EQUINE LN,,HOUSTON,TX,76063-0039
68003094,VALERIE,FELLMETH,189 Hillside DR,,PHOENIX,IL,43612-3205
53012102,MONIQUE,SWISHER,1113 ALSCOT AVE,,LAKE OSWEGO,OR,77532-2724
9907005339,MARY,BAKER,53313 BROOKS RD,,LITTLE ELM,TX,77379-5500
999001031,STEVE,KIRCHNER,5557 SHAWNEE RD,,EDMOND,OK,76249-0363
18019289,KELLEY,COBLANTZ,59 SOUTHGATE RD,,CRAWFORDSVILLE,IN,06473-1055
13019936,SUSAN,RODRIGUEZ,8319 NW 77TH PL,,ATLANTA,GA,46236-8617
40042640,PAIGE,STACY,6385 VIKING TRL,,CLERMONT,FL,76634-1854
19029673,CHERIE,SCHARKOWSKI,58158 93RD RD N,,ARLINGTON HEIGHTS,IL,93021-1675
9907018712,GENAY,SEGOVIA,55355 VIOLET CV,,PONDER,TX,78015-4915
9932001123,TERRY,STANLEY,958 LATHROP AVE,,MOUNT JULIET,TN,76052-6139
9930030959,CONNIE,CORNMAN,3638 HEDRICK ST,,MERIDIAN,TX,77316-9646
999000234,MARY,WEST,59 BULL HILL RD,,SOUTHLAKE,TX,43613-4723
41018447,LORI,RAGOMO,553 LINCOLN AVE,,Newton,MA,76248-3228
83001681,TRACY,RIOJAS,5555 HOOSIER DR,,NAPLES,FL,27705-5578
9917138471,SUZANNE,HOLDHEIDE,1613 SE 39TH ST,,SAN ANTONIO,TX,78256-1645
52019027,LAVERNE,HEARN,15 PEACEDALE ST,,LEESBURG,VA,76107-3857
120003024,PATRICIA,HATCHEL,383 Listeria WY,,PHOENIX,MA,77396-1934
50019865,DIANE,DAVILA,1363 HANNUM CIR,,WEST ORANGE,NJ,20132-7218
30011988,KRISTON,INGOLD,8387 FM 5375 RD,,EDMONDS,WA,91761-7019
9923004568,JAMIE,KIEFER,1883 BALDWIN PL,,SAN ANTONIO,TX,06029-3668
9917137960,ELLEN,REIK,1785 ALLYSON CT,,HELOTES,TX,80138-4903
26024236,AMANDA,WOODY,3816 WANSLEY DR,,TEMPE,AZ,76063-2916
122003444,JAN,TORREZ,153 MCMILLAN RD,,SHAVANO PARK,TX,93063-1742
9026729,DEANNA,EDGE,6565 REGENCY LN,,CAVE CREEK,AZ,60194-4264
9903000274,LORI,MAZZACONE,1359 AZTEC DR W,,SPRING,TX,48165-9755
6045802,DAN,STALCUP,353 Listeria ST,,SIERRA MADRE,CA,78240-2302
4013361,DANIELLE,LONIGRO,13185 VIA REINA,,LIVINGSTON,TX,76092-7819
61010236,KATHLEEN,BIGGERSTAFF,3113 BEVERLY DR,,CANTON,CT,80503-7958
9917137721,CINDY,BELL,351 Listeria ST,,WALDWICK,TX,76092-3200
105004308,JUSTINE,LUNA,5185 WINSLOW LN,,ARLINGTON,TX,79903-4712
9917138283,CLARISSA,COOKSEY,3755 E LINDA CT,,CUERO,TX,07024-6644
78002866,KIM,SCIFRES,56335 PEMCANYON,,COLLEYVILLE,TX,95066-3206
58010996,JUDY,RUHL,986 HIGHLAND DR,,TOLEDO,OH,06489-1639
9933000985,JANICE,SORBER,83 HEADLANDS DR,,SPRING,TX,46142-2116
9901036651,SHERRY,YARBROUGH,5859 SPRING AVE,,PAPILLION,NE,97219-7567
9936023049,ALLYNE,DAVIS,318 Listeria DR,,MARTINCHESTER,CO,37924-4419
9942052733,ROSE,BAUTCH,3865 FREMONT DR,,PEARLAND,TX,78230-5805
58010183,ALLEN,ALEXANDER,579 MASTERS CIR,,AURORA,CO,90712-2737
9926002195,LORI,MEYER,55833 SUMMIT DR,,SAN ANGELO,TX,75442-0407
24090751,JENNIFER,MONTGOMERY,5588 WINDSOR DR,,LOS ANGELES,CA,76036-4634
40039488,COURTNEY,CISNEROS,536 RUTGERS CIR,,ORLANDO,FL,81005-5514
123003480,MARGORIE,ABBOTT,5581 N AVENUE G,,SAN ANTONIO,TX,77055-4502
9906037399,CAROLYN,HOLMOE,5858 ENERO PARK,,ARLINGTON,TX,77357-3260
77000102,CYNTHIA,ICHIRIU,386 Listeria WY,,LOS ANGELES,TX,76109-2012
9911005972,JENNIFER,WILSON,9115 33TH DR SE,,FORT WORTH,TX,02459-3719
9916103117,JAMIE,THARP,7859 FLIGHT AVE,,SYCAMORE,OH,92677-1739
40038852,JOYCE,BOYLES,5138 KINGLET ST,,FRUITLAND PARK,FL,76028-2838
9915002441,LINDA,SHARP,3878 WATTERS RD,,DESOTO,TX,06033-1815
9941105380,AMANDA,HAMBRIGHT,811 NE 36TH AVE,,ABILENE,TX,76063-7681
9944007540,NANCY,HOWE,51 LAFAYETTE ST,,REDONDO BEACH,CA,85213-1565
15080481,SARA,MACKINNON,55873 NW 1ND CT,,SHERMAN OAKS,CA,46254-9734
74003004,MARY KAY,PARKER,399 Listeria WY,,WINDCREST,CT,73118-6032
119002690,DOUG,ECKENRODE,9889 N 583RD DR,,LIBERTY HILL,TX,93021-3023
71009366,PATRICK AND JANIS,CROSS,318 Listeria ST,,JONESCHESTER,KS,75703-1408
9934034372,HOLLY,TANKSLEY,686 COLUMBIA ST,,AURORA,CO,23228-2202
106007173,KAREN,AHERN,5858 REDWOOD DR,,ARLINGTON,TX,78633-5279
115005110,TERRIE,CHAMBERLAIN,9558 DUNMORE DR,,LAWTON,OK,76013-4942
9906039365,KIM,ASTLEY,33 DELACROIX PL,,ONTARIO,CA,32547-6874
111000440,DEBRA,FELL,5381 HEPNER AVE,,SPRING,TX,06111-2742
9938000608,DEBRA,POLLARD,1953 N 518TH ST,,WHEAT RIDGE,CO,07646-2701
78004273,MELISSA,WARD,1598 FREEMAN CT,,NIXA,MO,78233-4468
107006323,GISELLE,RALSTON,5595 ELPINE WAY,,ARVADA,CO,75063-3488
60012930,LINDA,GORSH,537 TENNYSON PL,,BERLIN,CT,75442-0407
12016282,QUYEN,KOHRMAN,3885 SE 35ST ST,,BOTHELL,WA,37048-9208
9935000542,CECILY,CARDONA,833 MAYFIELD DR,,MANSFIELD,TX,64063-6028
26022561,YOLANDA,JONES,5713 ENRIQUE DR,,CHANDLER,AZ,85014-2425
60012437,BONNIE,FOX,38 CREEKWOOD DR,,BLOOMFIELD,CT,78006-8626
107008266,MARIE,GRIGGS,5 STONE HILL RD,,BRIGHTON,CO,33908-6735
65025819,DENISE,BEACHEY,1985 HICKORY LN,,LIVONIA,MI,77381-5202
9919017651,THERESA,FOX,793 PATRICIA LN,,KATY,TX,78155-1431
107002500,KARI,MILLER,5531 HEMPEL AVE,,LAUREL,MD,75024-2445
9942043145,FILOMENA,BELL,56853 DELIA AVE,,PASADENA,TX,79014-3302
110003702,CHERI,SALERNO,1 NORTHRIDGE CV,,BENBROOK,TX,78255-1310
59013498,ALLISON,RICHIE,56631 OLDHAM ST,,BEAUMONT,CA,97007-6704
61008567,CRYSTAL,ROJAS,7659 LOUISE AVE,,GRANBY,CT,76028-8653
9903034278,DEBBIE,TERRAZAS,5385 PIERRON DR,,CONROE,TX,80134-5773
13016572,RENETTA,PERRY,385 Listeria WY,,WESTFIELD,TX,76017-1636
9917136276,MARSHA,LIVOTI,56956 CREST VLY,,SAN ANTONIO,TX,93065-5605
22019422,DARLENE,FONSECA,8539 BEACH BLVD,,NEW ALBANY,OH,95014-1320
9933019791,KRISTA,ECKLOF,8589 BELMONT CT,,SPRING,TX,76248-3296
1023652,CARRIE,MADONNA,553 S BAILEY ST,,CAVE CREEK,AZ,07645-1329
18019910,JOYCE,SOUTHARD,355 Listeria WY,,MOOREVIEW,CO,76087-7694
61007611,VICKI,GARCIA,363 Listeria WY,,WESTFIELD,TX,78148-2663
25029061,TERRY,HOLLAND,6653 DURANGO DR,,GREENACRES,FL,78063-6961
9938007075,JAN,MAKSIMOVICH,1386 NEWARK CIR,,LONGMONT,CO,76016-2659
61008462,JEANETTE,GERMANN,313 Listeria ST,,JONESCHESTER,TX,76012-2320
72006187,PHYLLIS,SMITH,5555 LOOMIS AVE,,MARINA DEL REY,CA,30040-5755
115008889,KATHLEEN,KOPELON,335 Listeria DR,,ALVARADOHAVEN,TX,77381-6528
9944003615,SHERRI,ARIZA,6555 NW 58TH LN,,HOUSTON,TX,75248-1401
61007989,HOLLY,GARVIDA,381 VAN SAUN DR,,NEW BRITAIN,CT,91748-2222
18019137,ADELINA,MACDONALD,588 N CHERRY ST,,INDIANAPOLIS,IN,73132-6829
6041620,JENNIFER,DUBOSE,365 Listeria WY,,WINDCREST,FL,76092-8370
18018822,BARBARA,BROWN,5338 PRAIRIE DR,,SHELBYVILLE,IN,33467-3814
44009285,KIMBERLY,FERGUSON,58 GILLELAND LN,,SULLIVAN,MO,77382-4413
9912003221,TRICIA,ETTER,53335 BISHOP RD,,SANTA FE,TX,37146-7110
77005896,SHELLY,CHAPINSKI,58536 KNOLL CIR,,ELMWOOD PARK,NJ,92672-4355
39034211,PAMELA,FLISS,58 MCMULLEN AVE,,STUART,FL,20152-2588
15080182,PENNY,GONZALEZ,3535 HAWKINS RD,,CALABASAS,CA,93065-6633
9942043877,FRANCES,SADOSKY,3519 TILBURY DR,,PEARLAND,TX,75056-3922
9917126290,THERESA,HOPEGILL,359 EASTLAWN DR,,BOERNE,TX,07656-1861
59014346,SIDNEY,PRINGLE,313 Listeria ST,,WESTFIELD,TX,76028-7032
58009449,MARTHA,NESBITT,361 Listeria WY,,WESTFIELD,TX,27410-4840
9903000535,PATRICIA,SMITH,59 PINECREST DR,,SPRING,TX,97035-5327
122003044,CAROLE,AGAPITA LUNA,53515 KYSELA DR,,SAN ANTONIO,TX,77379-3273
27021635,DEBRA,LUPUL,193 Sinigang DR,,WALDWICK,TX,73120-5206
9916109040,MARDI,FLYNN,7 BEL CANTO GRN,,OKLAHOMA CITY,OK,93021-8804
9945048989,DEBRA,KEUNE,6585 COLLIER RD,,MESQUITE,TX,78148-5512
106008071,TONI,GALLOWAY,53355 ALLEN TRL,,FRISCO,TX,46033-9743
9917119421,TERESSA,JEKOT,51558 CARSON CV,,SAN ANTONIO,TX,78254-5497
66003043,CATHERINE,PERRY,3313 GROMER TER,,YORBA LINDA,CA,01610-2159
9934000730,ANGELA,COOK,9355 NELLS FARM,,AURORA,CO,77304-2732
9907007670,YVETTE,SINGER,55668 HAYNIE LN,,MCKINNEY,TX,77059-5400
9922001309,JAN,SANDERS,36833 DERING PL,,LITTLETON,CO,75069-4606
18019062,MARYKAY,GOLDFARB,389 Listeria WY,,ELK GROVE VILLAGE,OH,73106-6601
19025637,WILL,PLOUBIDES,653 PICKWICK LN,,MOUNT PROSPECT,IL,07652-1741
121003442,GINA,GARZA,58 WHITTLES WAY,,GOLDEN,CO,32092-0734
18016572,JENNA,MCCANN,358 Listeria WY,,IRVING,TX,80122-3909
9942039450,TINA,FOSTER,6 CHAMPIONS WAY,,PASADENA,TX,78258-3613
9933031799,LISA,WANG,8889 TEXIAN TRL,,MONTGOMERY,TX,91701-7525
18023099,NAOMI,ROELFS,335 Listeria DR,,MORALESTON,FL,79537-0093
1024395,ELIZABETH,NELSON,388 N WESTON LN,,SANTA ANA,CA,80226-2015
9919002539,ANGELA,REED,755 ASHCREEK CT,,HOUSTON,TX,73156-0942
52018000,MARY,MUNRO,133 CRAWFORD ST,,ASHBURN,VA,43606-2918
123003277,NANCY,CRUSAN,153 HICKORY RDG,,BOERNE,TX,60120-7591
54013555,THERESA,SPENCER,5557 NORFOLK LN,,HUMBOLDT,IA,33594-5153
26023857,JILL,RAMIREZ,1851 W ASPEN CT,,PHOENIX,AZ,80452-9607
9933000261,SUSAN,STRUNK,9517 TROULON DR,,CONROE,TX,77385-7582
113001814,SUSAN,BIRCH,733 CALLE CORTA,,KATY,TX,76258-2736
63006880,LINDA,CLARK,5858 HELENA AVE,,ORANGE PARK,FL,76063-1834
124004480,LESLEY,COLLINS,655 N Irena Ave,,ROCKWALL,TX,06057-3615
52020425,BILLY,ROSE,115 Hillside WY,,SIERRA MADRE,FL,34491-9314
121002297,CONNIE,REITER,196 Sinigang DR,,IRVING,AL,06018-2534
9933011917,JENNIFER,JONES,53675 W 86TH DR,,SPRING,TX,77586-4566
65023982,MELINDA,QUINN,6753 LINKWAY ST,,NOVI,MI,45840-4559
33019383,STEVE,RAY,6686 PATRICK CT,,NORCROSS,GA,33418-1715
26024729,LORA,COPE,58 SHERWOOD CIR,,GILBERT,AZ,77381-6625
9930012495,JANICE,EGGERS,5373 FLINTON CT,,CLOVIS,CA,33414-3414
26022361,MADELINE,FEY,115 MENGER SPGS,,MESA,AZ,34957-3538
9942054309,LINDA,HOOKS,183 SUNSET LOOP,,BAYTOWN,TX,75116-2805
68018071,JAN,MARTINO,187 Sinigang ST,,PHOENIX,CA,75056-7139
60012834,OLIVIA,YEAGER,315 COLORADO DR,,SOUTH WINDSOR,CT,75165-5628
9937035395,NIKKI,STROUP,3968 SEDONA CIR,,JACKSBORO,TX,77386-2861
107004094,ANNA,THOMPSON,1939 WOODWAY DR,,DENVER,CO,76063-3467
9934007148,ILLONA,SAWYER,9865 AMALFI WAY,,ENGLEWOOD,CO,02478-1967
115007869,MAXIE,DUDLEY,57857 W 63RD DR,,OKLAHOMA CITY,OK,95667-7731
6046579,FLORENCE,ZACCARIA,135 MARINER CIR,,LAGUNA WOODS,CA,11784-2039
9917114034,RENEE,HALE,587 HUNTERS RUN,,SAN ANTONIO,TX,06019-2025
53013656,NANCY,MULLER,11335 CHERRY LN,,WILSONVILLE,OR,76015-2021
77002904,JANET,MILLER,153 Hillside DR,,SAN ANTONIO,TX,79336-6702
9933000789,ANA,FINSTERBUSH,1365 E 517TH PL,,SPRING,TX,75067-7843
9923006068,ABIGAIL,ALARCO,3689 BALDWIN LN,,SAN ANTONIO,TX,80908-7210
9938024077,MOLLY,PETTUS,3889 NE 86TH ST,,LAFAYETTE,CO,48377-4502
9936005537,JENNIFER,QUADRATO,5918 W 35ST AVE,,ARLINGTON,TX,80016-4024
39039317,SUSAN,COMER,58378 SKEMAN RD,,PALM BEACH GARDENS,FL,92677-1665
10022838,KELLY,COALSON,371 Listeria ST,,WALDWICK,AZ,76248-2538
9917119489,DIANE,WEST,3118 OUTLOOK CT,,BROWNSVILLE,TX,80204-3689
60012869,KATY,SMITH,1933 FONDREN DR,,ASHFORD,CT,93063-1302
63009834,DEBBIE,RISKO,3138 WILSON AVE,,LAKE MARY,FL,42303-0258
18016692,ANNETTE,BEASLEY,319 Listeria DR,,MARTINCHESTER,FL,80401-5234
72003903,GINGER,HOUDE,3589 ASHETON CT,,HERMOSA BEACH,CA,85331-2931
11016832,MARIA,ARNOLD,3 S PLYMOUTH LN,,CAMPBELL,CA,77546-3291
9906042381,CAROLYN,HENDRIXSON,131 S GRAND AVE,,WAXAHACHIE,TX,75044-2065
101000284,LILLIANE,BARNHILL,6193 W MEGAN ST,,NASHVILLE,TN,77058-2301
59012988,CAROL,MCMAHON,1131 BARBARA DR,,BEAUMONT,CA,73703-1636
9936023049,ALLYNE,DAVIS,318 Listeria DR,,MOOREVIEW,CO,72712-3405
9923011365,SUSAN,REESE,336 Listeria WY,,SAN ANTONIO,TX,95125-4044
9945061667,KATHLEEN,MCDOUGALD,338 OAKWOOD TRL,,DALLAS,TX,76049-6362
6043351,FRED,HOOD,383 N CHERRY ST,,WASCO,CA,07070-2615
123003547,JACQUE,VISINTINE,1716 PALERMO CT,,SAN ANTONIO,TX,96326-0078
75000110,DONNA,STANEK,193 MICHAEL AVE,,ROGERS,AR,78230-2765
78002750,SHERRI,NETTO,18 STANFIELD LN,,JOPLIN,MO,93065-8122
115007957,ANNETTE,KARIDES,338 Listeria WY,,SAN ANTONIO,TX,80403-1289
31016802,GINGER,WOLD,51 SHERBURNE RD,,FAYETTEVILLE,NC,73018-3224
9933021616,KIM,MACDONALD,35 W POPLAR AVE,,SPRING,TX,92610-1810
9934009012,DIANE,PUNZEL,51855 SE 3TH PL,,EAST HARTFORD,CT,76087-5591
8008415,SHAWN,WASSON,5898 E 136TH ST,,RIVERSIDE,CA,78015-4983
120000913,JENNI,GRAVES,35387 N 17TH DR,,FRISCO,TX,27712-2755
123002316,DEEANN,ROBERTS,3 D J MURPHY LN,,SAN ANTONIO,TX,48382-4444
52019069,LESLIE,GANONG,9833 SURREY AVE,,CHANTILLY,VA,95624-9524
9917127083,LINDA,FEATHERSTON,118 LONGFORD CT,,SAN ANTONIO,TX,54401-9138
66002780,HEATHER,WITCHER,1388 SE 5TH WAY,,SAN MATEO,CA,39507-4613
113001416,HELEN,FRITSCHE,16751 CUENCA DR,,KATY,TX,76226-6462
83001393,LES,MIZE,7585 BRANDEN DR,,MOORESTOWN,NJ,76210-1913
9903035293,JAYNE,XIKES,383 PROSPECT ST,,SPRING,TX,75098-8760
122000773,MARLAYNE,COHEN,6386 BIG OAK CT,,JBER,AK,75833-0797
9914014500,PATRICIA,WEST,5711 SHANKIN DR,,FRIENDSWOOD,TX,11733-2249
72003666,LINDA,SINGLETON,5389 VINITA AVE,,LAWNDALE,CA,76063-3407
107008337,JULIE,DUVALL,355 Listeria WY,,MARTINCHESTER,CA,76015-2237
9926001980,JOYCE,ADCOX,586 W DURHAM DR,,DALLAS,TX,32277-2516
69002572,LAURA,GREENBERG,55733 ELMSCOURT,,SEVEN SPRINGS,NC,75006-2411
30009658,LAUREN,FURGASON,53385 S 38TH PL,,WOODINVILLE,WA,01075-1824
9916115813,VERNON,BENNETT,1858 ROANOKE RD,,VALRICO,FL,04416-4154
102002988,CYNTHIA,BARNARD,15 BEECHWOOD RD,,HOUSTON,TX,37035-5008
9906041013,DEBRA,FLAHERTY,37538 368TH AVE,,LONGVIEW,TX,76033-8113
9917126153,KRIS,EKLE,8955 W ALDA WAY,,FORNEY,TX,75002-7596
9026904,MARY,WAYMAN,6351 MORGAN WAY,,LITCHFIELD PARK,AZ,95130-2067
77001015,MARY JANE,WOODS,391 Listeria DR,,MARTINCHESTER,TX,78218-3522
18021045,JANET,MEURER,358 Listeria WY,,MORALESTON,CA,78254-5330
65019947,MICHELLE,GONZALES,8635 NW 56TH ST,,W Bloomfield,MI,77378-3919
83000566,GRACE,SENF,5888 MASTERS DR,,LEBANON,NJ,63043-4518
6041563,NITA,KRONGEL,3976 HIBBERT CT,,LAGUNA NIGUEL,CA,32824-9464
18022671,ANN,REED,7938 GANNON AVE,,INDIANAPOLIS,IN,32607-3256
18018978,JULIE,PAYNE,336 Listeria DR,,DALLAS,MO,60188-4335
106004917,JOSEPH,COCCIMIGLIO,55316 71ND CT N,,TYLER,TX,33478-5222
72004131,DENISE,ADAMS,886 WINDMERE CT,,HAWTHORNE,CA,73012-6807
78003354,DAWN,EMMERT,1358 MEADOWS DR,,CAPE GIRARDEAU,MO,77071-2607
9937033904,BEVERLY,MONTAGNE,199 Sinigang DR,,SIERRA MADRE,MD,92585-8989
23037486,JULIE,LIBBEY,5835 GREEN BLVD,,GANSEVOORT,NY,85745-4101
9903035052,ANDREA,OLDACH,16995 WAPITI DR,,SPRING,TX,77386-3511
65023824,KIMBERLY,VANNOY,3953 BELDON TRL,,SAGINAW,MI,79118-7723
19023197,AMY,DECILLIS,16 BIRCHWOOD LN,,ITASCA,IL,76132-4430
106011824,CAROL,HODGES,1877 CERCY TRCE,,FRISCO,TX,01609-1320
9915005428,CAMMIE,ZIGAL,8859 NW 31ND ST,,GREENWOOD,IN,77479-3254
9923008517,LINDA,WELLMAN,5551 ADWOLFE CV,,SAN ANTONIO,TX,78006-5788
14017746,JASON,STEINBERG,53366 LAUREL LN,,SANTA CLARITA,CA,78154-1661
22017291,CALLIE,PIERSON,8885 NE 38TH DR,,HOUSTON,TX,75013-8548
125000384,MICHELLE,PETERS,1738 RINGOLD RD,,KELLER,TX,76528-1730
106012477,COURTNEY,SOLOMON,333 Listeria DR,,WESTFIELD,CO,77063-2426
9932032098,LINDA,MORTVEDT,3553 BRAFORD DR,,BAXTER,TN,75056-3680
125002474,MICHELLE,LAMBERT,333 Listeria WY,,LOS ANGELES,CA,60102-5007
106007043,ANGEL,MOORE,598 HUDSPETH ST,,FRISCO,TX,01240-2348
9904042286,KAREN,KAGI,553 MONTREAL DR,,HGHLNDS RANCH,CO,75098-6900
78002386,VELDA,HATFIELD,315 Listeria ST,,MOOREVIEW,IA,27532-0634
77005592,EILEEN,REDINGTON,5638 BOXWOOD DR,,MIDLAND PARK,NJ,80125-8310
47015593,ERNA,CRUZ,1935 E 535TH PL,,LOUISVILLE,KY,91326-1947
103001749,LEIGH ANNE,FRASER,9155 LASATER ST,,ENGLEWOOD,CO,98133-3112
6046834,CAROL,DAVIS,5813 MUSTANG CT,,MISSION VIEJO,CA,20171-4062
9905015385,NANCY,BARRAGAN,5383 HICKORY DR,,EULESS,TX,30030-2068
19027736,MAMIE,WALRICH,58753 LEWIS CIR,,SCHAUMBURG,IL,20136-2500
60011933,SHARON,HECHT,733 W KINGS AVE,,SOUTH WINDSOR,CT,80015-3195
77000114,FRIEDA,PONCE,58651 BRYANT ST,,RIDGEWOOD,NJ,07646-1651
24090269,LINDA,SOARES,1553 WEMBLEY PL,,MONTEREY PARK,CA,06084-3559
60009354,DENISE,ROSLING,6737 EVERETT ST,,WALES,MA,92620-2647
9905015812,NANCY,VILAR,586 S FINNEY ST,,SOUTHLAKE,TX,75035-7128
9914013070,ELIZABETH,SONATY,335 Listeria WY,,LOS ANGELES,TX,98208-8975
124004110,BECKY,BAKER,358 Listeria WY,,MOOREVIEW,PA,90620-1526
9936016661,AMI,ENGLISH,57311 SUMNER RD,,ARLINGTON,TX,06066-2728
9934009425,BRENDA,SMITH,53386 EDENS CRK,,CENTENNIAL,CO,28227-4316
54018430,CALI,STEBBINS,3359 ORGANDY LN,,ALTOONA,IA,99702-4001
60013518,PATRICIA,WASHINGTON,739 KINGSTON DR,,SOUTH HADLEY,MA,32266-6027
5021281,KATHLEEN,CADE,1888 NEPTUNE RD,,LINCOLN,CA,85383-1016
115007957,ANNETTE,KARIDES,338 Listeria WY,,WESTFIELD,TX,77304-5402
12014353,LUDMILA,WOHL,357 EDGEWOOD DR,,DRAPER,UT,75070-4034
26021940,LESLIE,ZACHARIAS,133 N POPLAR ST,,GLENDALE,AZ,77511-7147
111002630,MARIA,ANDERSON,7886 LONGBOW LN,,SACHSE,TX,79096-0128
18019416,CLAUDIA,COLWELL,5863 FAIRWAY DR,,MARTINSVILLE,IN,60151-8867
9915064469,JENNIFER,MASON,55586 DAWN CRST,,FLOWER MOUND,TX,80503-7669
60008500,AMY,MOONEY,3557 FAIRWAY DR,,WEST HARTFORD,CT,43537-3767
103000499,DANI,THOMPSON,1883 OAKLAND DR,,HOPWOOD,PA,85213-6018
66003386,ELIZABETH,SOBIERALSKI,313 Listeria ST,,WESTFIELD,TX,78006-3408
115004432,NANCY,HOOTS,856 NEPONSET ST,,MOORE,OK,72908-0973
30011868,RACHAEL,MOSS,366 Listeria ST,,LOS ANGELES,OK,72212-3501
9937037412,LEILA,HARTLEY,5187 SUNSET AVE,,CONROE,TX,48390-1678
25027181,VICTORIA,KUNIN,7385 JO WILL ST,,LAKE WORTH,FL,14424-1657
61009621,GAIL,HUGHES,35315 NORTHWOOD,,PLAINVILLE,CT,78213-2600
9906034836,REBECCA,SANTOS,1753 MARILYN LN,,ARLINGTON,TX,91325-1202
40043594,CAROL,FARMER,55189 SUNSET LN,,ORLANDO,FL,91941-7148
25028507,DIANE,ROOSE,9738 PUFFIN AVE,,NEW YORK,NY,78028-6639
64009959,PHYLLIS,MCDANIEL,556 WOODLEAF DR,,GARFIELD,NJ,43056-8224
9938023888,BARBARA,LEW,1333 LEPTIS CIR,,FORT COLLINS,CO,06074-2088
61010242,SHERRY,KOZOLE,7885 LONGVUE DR,,MILLBROOK,NY,80126-2264
39037890,MARY,HAHESY,788 HOT SHOT LN,,PORT SAINT LUCIE,FL,76248-2058
22020469,SUSAN,EBERLY,6317 PEARSON RD,,NEW BEDFORD,MA,60440-1363
58009750,HELEN,RODRIGUEZ,317 Listeria DR,,MARTINCHESTER,TX,37014-9130
123003599,VALERIE,GUSTIN,3355 CABRITO DR,,SAN ANTONIO,TX,75423-6240
9933022916,CAROLE,KNOX,38 CLEARBEND PL,,MONTGOMERY,TX,07647-1419
9934007064,BROOKE,CASAS,5158 DIAMOND DR,,GREELEY,CO,75901-7235
72006369,GINNIE,HICKS,7588 NW 16TH ST,,UPLAND,CA,73064-1221
75001137,GREG,COOK,58 RIVERBEND LN,,ROGERS,AR,32224-5231
9906037648,ANNAMARIE,RITCHEY,853 N MCCALL ST,,FORT WORTH,TX,95126-4818
121002681,LINDA,BENEFIELD,51885 N 59TH ST,,ARVADA,CO,75007-5022
61009198,BRENDA,RUSH,355 Listeria ST,,WEST PALM BEACH,TX,02874-0147
51014958,RACHAEL,DAVIDSON,153 Hillside DR,,ELK GROVE VILLAGE,MA,92823-7040
58011916,CHARLOTTE,GENTRY,5577 85TH AVE N,,BRADENTON,FL,76092-8622
160021845,DENISE,ADAMS,8831 W ROYAL RD,,ORINDA,CA,76082-2622
9937036663,LESA,ZIMMERMAN,53388 37TH PL W,,MCKINNEY,TX,43619-2801
9901036719,CAROLE,EUBANK,388 Listeria DR,,MOOREVIEW,CO,75041-5028
39038924,KAREN,MARLOW,8656 EAGLE PEAK,,PORT SAINT LUCIE,FL,73085-1303
115005461,MIGUEL,DOWNS,353 Listeria WY,,MARTINCHESTER,NY,80207-3735
103004846,OLIVIA,SKAINS,7579 TRAPANI LN,,DENVER,CO,78230-2318
11016931,SUZANNE,BUSCIETTA,85 ACKERMAN AVE,,SAN JOSE,CA,40204-2317
9917138264,JEANINE,LAKINS,313 Listeria ST,,WEST RICKYSIDE,MI,78240-1020
61007005,KIM,FANNIN,17 HIGHLAND CIR,,TORRINGTON,CT,71075-3343
120005268,REBECCA,HOFFMAN,387 ATLANTIC DR,,COLORADO SPRINGS,CO,29803-9743
121002086,MILDRED,FINER,3858 MAHONIA CT,,OLYMPIA,WA,75035-4804
9934031615,ROBERTA,SHAW,1738 HEMLOCK DR,,PINE,CO,06078-2372
107002802,CATHERINE,MARRA,358 Listeria WY,,MOOREVIEW,FL,78232-4200
18019338,FAITH,SWEENY,183 Hillside DR,,WINDCREST,CO,72712-4092
44011130,KARA,WEIR,1913 57TH ST SW,,SAINT PETERS,MO,90064-4702
9923011365,SUSAN,REESE,336 Listeria WY,,TALLAHASSEE,TX,80233-1877
18018390,CALLIE,MURPHY,1853 LANTERN LN,,INDIANAPOLIS,IN,85207-0970
3027258,ARLENE,FINKS,15773 GROVELAND,,WHITTIER,CA,73131-7511
9938006760,BERNADETTE,ANDRITSOS,55315 W 39TH PL,,LONE TREE,CO,50323-2078
9942041672,LUCY,SANTIAGO,5355 MILFORD ST,,HOUSTON,TX,32803-5722
18022725,NILDA,MCCABE,317 Listeria ST,,LOS ANGELES,FL,92130-5708
75000306,DORIS,JACOBS,359 MAGNOLIA DR,,BENTONVILLE,AR,92677-4254
121000101,SARAH,MILLER,58 HIGHRIDGE RD,,LAKEWOOD,CO,01028-3206
120000649,ANNETTE,STEVENS,5595 CRESS PKWY,,COLORADO SPRINGS,CO,93108-2882
60008506,ANN,KERR,13853 BOGEY RDG,,SOUTHINGTON,CT,80918-5939
111001954,ARLINA,COLLINS,369 SKYTRAIL DR,,BAYTOWN,TX,33477-4522
23046802,LOURDES,ALVAREZ,1959 EL PASO ST,,NEWBURY PARK,CA,78332-6652
105007031,KELLY,EICHENLAUB,358 ABSHIRE CIR,,GRAND PRAIRIE,TX,77382-5719
78002376,JAMES,LISENBE,1715 BUFFALO DR,,LITTLE ROCK,AR,75023-4314
9907018618,ANDREA,CAMPBELL,386 Listeria DR,,WEST RICKYSIDE,CT,75089-3469
107007538,JULIE,GOLD,5355 WESTERN DR,,ARVADA,CO,91765-2036
9925001383,CHRISTINE,CRONAN,331 Listeria WY,,PHOENIX,OK,73160-8147
9027682,ELSIE,JACKSON,6517 DURANGO DR,,PHOENIX,AZ,91304-3303
9933030559,SHARI,ROY,11 CORNFIELD PT,,SPRING,TX,76063-5561
123002883,BEULAH,SANDERSWALDIE,7518 PIPERS WAY,,HELOTES,TX,78041-2856
9902015168,BETH,BATES,331 Listeria DR,,ALVARADOHAVEN,CO,46033-8793
104006760,LINDA,CARTER,33 FAIRHAVEN DR,,ARLINGTON,TX,06074-1623
9916105033,KAREN,MUNDT,175 Sinigang WY,,MARTINCHESTER,AR,72727-8350
9916108437,MARCIA,CLEMENTS,331 Listeria DR,,MORALESTON,TX,75022-6852
61009198,BRENDA,RUSH,355 Listeria ST,,SIERRA MADRE,TX,92627-1531
9917115495,BARBARA S,GOBER,1589 BROOKS WAY,,SAN ANTONIO,TX,62959-5550
26024852,TERI,KNOTT,188 E YUCCA AVE,,MESA,AZ,92336-4198
118000716,ANASTASHA,MIRABALES,51337 EQUINE LN,,CYPRESS,TX,91360-1326
106011839,VALERIE,MEDLIN,188 Sinigang ST,,LOS ANGELES,TX,78732-2226
9914016097,JULIE,KECK,7656 BLOSSOM DR,,HOUSTON,TX,80126-7536
9914008407,NANCY,WILSON,58855 ASPEN CIR,,HOUSTON,TX,97229-1144
55011963,FARRELL,EITEMILLER,5888 KENDALL RD,,LITTLE ROCK,AR,33062-5408
31015098,CAROL,MORROW,3395 KIVETON CT,,EUSTIS,FL,46143-8553
25028045,MARTI,ANDERSON,6683 ATLANTA DR,,PEMBROKE PNES,FL,67220-1633
126000814,JANICE,KITCHENS,33736 GALWAY DR,,FRISCO,TX,34787-6376
9904048813,DAWN,PADILLA,9575 SILVER AVE,,CENTENNIAL,CO,90601-1759
9936012812,ANTOINETTE,SEWELL,6757 ROVILLA RD,,ARLINGTON,TX,24450-4018
9923010283,DEBRA,RISK,518 CORDOBA CIR,,SAN ANTONIO,TX,63304-7313
6047746,IRENE,MARONEY,355 Listeria ST,,IRVING,NY,37184-4608
18019327,KIM,BUCHANAN,316 Listeria ST,,MOOREVIEW,MA,31522-1815
9917110715,LIZ,GLOTFELTY,58835 JULIAN CT,,SAN ANTONIO,TX,75010-4142
33016887,DENNIS,CARROLL,133 OAKWOOD AVE,,DULUTH,GA,80439-6389
59013773,CANDICE,MOORE,6751 S LAMAR ST,,NORCO,CA,38852-1824
68005881,ROBBIN,TOWLE,3388 NEWLAND ST,,DEL MAR,CA,06107-3353
114007555,MARK,SHILL,55183 JORDAN CT,,ROCKWALL,TX,61068-1366
9944000345,LINDA,NORENBERG,5685 N 61ND AVE,,HOUSTON,TX,06010-2388
105003561,GEORGE,JENKINS,6583 DOGWOOD PL,,GRAND PRAIRIE,TX,43023-9430
23037189,BARBARA,HOELSCHER,59981 PARK HOLW,,BURNSVILLE,NC,80111-6736
9923003091,CAROL,REIM,9333 WEBSTER CT,,PLANO,TX,75054-6773
18017683,JANICE,LEIDIGH,557 ECLIPSE WAY,,SHOREWOOD,IL,32257-2023
9933006850,JIMMY,SANCHEZ,13883 FORUM CIR,,HOUSTON,TX,78257-1729
9940013656,CHRISTY,GLENDENNING,3885 SUNDOWN RD,,HOUSTON,TX,46236-3809
9915067575,KATHLEEN,MEEK,313 ADELINE AVE,,DALLAS,TX,85310-2913
999000178,KATY,BURKE,9516 357TH ST E,,IRVING,TX,77573-6613
108006081,ANGELA,FAJARDO,367 Listeria ST,,LOS ANGELES,TX,92881-3694
107006159,CASSIE,MILLER,989 N REDBUD ST,,BRIGHTON,CO,50325-7912
124002184,BRIAN,HELF,185 N JULIAN ST,,RICHARDSON,TX,91737-6825
9903003423,JULIE,GRAVES,1835 W 558TH CT,,SPRING,TX,76053-1153
65026283,KIM,ADGATE,5777 W 557TH PL,,HIGHLAND,MI,76001-5162
9921008244,MARILYN,SPECIALE,333 Listeria WY,,PHOENIX,TX,60193-1841
9923004886,DORIE,PETERSON,1698 COOPER WAY,,SAN ANTONIO,TX,74864-3530
18019062,MARYKAY,GOLDFARB,389 Listeria WY,,WALDWICK,OH,33928-7626
9941013466,JACKIE,EUGENIO,7683 S COVE CIR,,BOYD,TX,85282-3634
39041025,SANDY,WETSELL,178 Sinigang WY,,WEST RICKYSIDE,AL,85262-5124
106012049,DEBRA,RAMOS,5813 VERMONT ST,,FRISCO,TX,78250-5279
54016019,ANGELA,HILLMAN,558 BRADFORD SQ,,CEDAR RAPIDS,IA,93523-2433
9911004936,MISTY,NORMAN,1835 KENYON CIR,,WEATHERFORD,TX,73162-2957
9940018442,KELLI,ASHMORE,6737 TREVES WAY,,SPRING,TX,75054-7269
67005607,JODY,POOLE,185 Hillside DR,,WINDCREST,TX,27613-6590
105006386,MICHELE,GILLESPIE,553 DEFENDER CT,,MANSFIELD,TX,87176-5015
47020264,JAN,HAM,556 WINDSOR AVE,,LOUISVILLE,KY,78028-8069
18017392,JOY,ARMENTROUT,5533 FAIRFAX CT,,LUCERNE,IN,98027-8990
105005310,LAUREEN,ECKERT,53388 OXFORD DR,,MANSFIELD,TX,77521-2731
9923005812,KIMBERLY,BURKE,1585 MURICIA DR,,SAN ANTONIO,TX,90602-2726
9923006537,KATHRYNE,BARTOLOTTA,55837 W 39TH PL,,SAN ANTONIO,TX,77055-3633
6048725,SUSAN,BELLIPANNI,3988 RUNGE CT W,,MISSION VIEJO,CA,01570-4010
53011064,MELODY,KLOTZ,3585 SEBRING DR,,SOLANA BEACH,CA,77381-4821
9902015707,MICHELLE,SCHUCK,55555 589TH AVE,,HOPKINSVILLE,KY,96097-2143
45012815,CAROL,TRAPANESE,11 JEFFERSON DR,,HAYWARD,CA,78229-4917
9945050074,MICHELLE,VINCENT,586 KIRKSIDE DR,,SULPHUR SPRINGS,TX,77227-7759
18021792,BEV,TAYLOR,3999 NIBLICK DR,,SAN FRANCISCO,CA,75070-8559
9921008244,MARILYN,SPECIALE,333 Listeria WY,,WALDWICK,TX,73064-8250
9908001050,LAURA,BROADWAY,5385 SE 73RD PL,,LOUISVILLE,CO,75074-3439
9915067192,KATHY,HAWES,3613 COUNTRY RD,,ROWLETT,TX,43542-9383
18019395,PAULA,MACKEY,398 Listeria WY,,DALLAS,TX,78230-3373
18016572,JENNA,MCCANN,358 Listeria WY,,ELK GROVE VILLAGE,TX,77058-3266
106008362,KRISTI,RETHERFORD,1355 FRISSE AVE,,FRISCO,TX,79707-5006
76002642,RAYSA,BATTLES,7383 WINTER SKY,,APPLE VALLEY,CA,33470-1524
9942042118,LYDIA,HARVEY,55 CATAMOUNT LN,,DICKINSON,TX,78256-1607
9902010449,VICKI,BRUER,1353 N HURON ST,,EDDYVILLE,KY,66206-2628
71007103,SANDRA,ESTRADA,316 Listeria ST,,PHOENIX,CA,75093-3395
40040152,CAROLYN,VANDERWIEL,6813 GLACIER DR,,NAPLES,FL,34134-9119
39034236,JANET,HERNANDEZ,1783 NW 35ST PL,,MILFORD,PA,76248-8473
104006053,PAULA,GRAHAM,358 Listeria ST,,RAMOSMOUTH,TX,06070-1492
63004536,PATTY,MARTIN,3635 W 587TH DR,,JACKSONVILLE,FL,77082-6852
9938023777,LOUISE,PETERSON,158 TAILWIND DR,,WESTLAKE VILLAGE,CA,75077-3015
105001517,TINA,LEARY,1815 KANSAS AVE,,KENNEDALE,TX,72150-7612
118000192,SUZANNE,NELSON,58838 NUERTO LN,,HOUSTON,TX,76001-7002
31019808,KAREN,ROSSI,583 COMPTON AVE,,GIBSONVILLE,NC,76058-4319
9915000016,AMBER,WHITACRE,3533 SCARLET DR,,CARROLLTON,TX,78261-2868
114000051,BRENDA,BILLING,351 Listeria WY,,MARTINCHESTER,WY,30004-4411
113001543,JULIE,DEVNER,333 Listeria ST,,WALDWICK,CT,77384-5071
28014330,SUSAN,THOMAS,5398 HAMRICK LN,,SALT LAKE CTY,UT,77549-1620
25026511,BETTY,BALSER,5138 N SHADY LN,,BOYNTON BEACH,FL,42701-5758
18016612,CARRIE,POSSTER,338 Listeria DR,,WINDCREST,TX,64683-1773
9903033149,JANICE,BLAND,389 WILDWOOD DR,,CONROE,TX,80031-6769
24090367,JUDY,PURPURA,1785 REGINA AVE,,ALHAMBRA,CA,78231-1611
71003771,SUZETTE,MARTICORENA,7555 W 555ST ST,,NORTH HILLS,CA,93063-2243
9945062698,STEVE,MCLANE,53555 RUDYS WAY,,ROANOKE,TX,43571-9844
39029836,KATHY,SULLIVAN,79 OLDE WOOD RD,,PORT ST LUCIE,FL,73025-9665
9926000191,DEBRA,THOMAS,385 Lackell Ave,,GARLAND,TX,78258-7459
110002187,JANA,ADAMOWICZ,6758 MARILYN DR,,FORT WORTH,TX,85045-0458
78002242,KATHERINE,CUMMINGS,55881 W 79TH PL,,LAWRENCE,NE,76179-2551
9919012421,JENNIFER,MIERS,55 RIVERVIEW DR,,TOMBALL,TX,76016-6426
9933008141,JENNIFER,ALVAREZ,5115 MCGRACE LN,,MONTGOMERY,TX,78258-4540
83000612,VICKI,BYERS,1883 W HILL TRL,,CAPE CORAL,FL,50035-1229
121002689,RANDY,DEWAR,183 Hillside DR,,DALLAS,FL,32309-9002
9915002341,RENEE,CHTAY,5653 S LANG AVE,,SPRING,TX,75094-4368
9903034297,CHRISTINE,ABRAHAMSEN,5515 MIRANDA ST,,HOUSTON,TX,75647-7411
60013501,KASSI,FINKELMAN,55787 GOTHIC LN,,EAST HARTFORD,CT,78238-3528
9937038987,MELISSA,JOHNSTON,133 MORNING LGT,,FRISCO,TX,43558-1133
9935004126,SABRINA,GERLICH,6758 BEECHER RD,,BEDFORD,TX,77355-4848
115008827,KIM,CASELLA,115 SW 555TH ST,,OKLAHOMA CITY,OK,33027-2216
32011529,ELIZABETH,BAKER,565 W WILLOW CT,,FORT WAYNE,IN,33415-6195
123003344,LYN,CHAPMAN,163 PLEASANT DR,,OLYMPIA,WA,47404-1319
18018538,GRETCHEN,MONACO,813 MOUNTAIN RD,,YORKTOWN,IN,75119-4931
58011098,EMILY,COACHMAN,3686 S 39TH AVE,,LIMA,OH,32903-4743
70002011,LUJEAN,STUART,3653 WALNUT AVE,,PORTLAND,OR,66212-1445
39040696,KIMBERLY,DUCHESNE,395 Listeria DR,,MARTINCHESTER,TX,32011-6407
9912008342,ARLENE,RIGGAN,171 Sinigang WY,,MOOREVIEW,TX,98006-2220
9916103734,TRACEY,CLARK,3877 E CALEY LN,,YUKON,OK,95020-3438
18022453,JOANN,BERRY,176 Sinigang ST,,MARTINCHESTER,OK,34734-5201
110002056,KELLY,HUDSON,133 ENCLAVES CT,,MCKINNEY,TX,78258-7265
103002718,MARGIE,NICKLESON,13 DANDELION DR,,COLORADO SPRINGS,CO,50266-7006
8009365,JUDY,DURKEE,5117 BRENHAM DR,,SAN JOSE,CA,79345-3127
9915005481,ERNESTINA,CAFFEY,9783 WINTER WAY,,MCKINNEY,TX,78216-3023
7017724,SHELLY,HARGETT,365 Listeria WY,,PHOENIX,CA,77479-4215
116001628,TERRY,MOYA,1515 FLORIDA DR,,CARLISLE,PA,07481-1549
120001377,JUDITH,PEREZ,7733 NEMEC DR S,,MONUMENT,CO,37027-6058
124002847,MERLINDA,SHUCK,185 MAYAPPLE LN,,CARTHAGE,TX,92675-6208
59014356,REGINA,OWINGS,181 Sinigang ST,,WINDCREST,SD,80503-6490
9926000518,CHARLES,SWARN,5386 ASHMORE CT,,GARLAND,TX,75070-4929
9932005945,CINDY,FAGAN,358 CARDIFF CIR,,WHITE BLUFF,TN,78055-3736
115008768,VINCENT,SMITH,5739 CARRERA DR,,LARNED,KS,77389-3336
9930027250,GINNIE,SANDOVAL,5155 SW 63RD ST,,OKLAHOMA CITY,OK,75044-3441
9902010724,MARY,PANTASON,51313 CHERRY ST,,NASHVILLE,TN,75228-5858
121003686,HERB,HEFFRON,3718 S PEARL ST,,DENVER,CO,85308-3825
9942046397,VICKY,COLEMAN,357 GALICIA WAY,,DEER PARK,TX,75081-5532
32014089,DANA,BOCK,579 WINDRIFT DR,,FORT WAYNE,IN,29526-6508
17071202,JENNIFER,WISEMAN,558 WHIMBREL LN,,EDMOND,OK,11780-2711
12016038,TRACY,ONEILL,1138 LAKEWAY DR,,MOSES LAKE,WA,78801-6236
115003410,KELLEY,ANDERSON,1888 MILTON AVE,,OKLAHOMA CITY,OK,77389-4155
123001372,BETH,BINNALL,5855 VIA MARCIA,,ODESSA,TX,77521-3495
55013198,RHONDA,FRANCO,5816 FELLER AVE,,ORLANDO,FL,91763-1435
105002975,SANDY,DILLARD,1563 S HOLLY PL,,BURLESON,TX,72211-4446
9916102352,BARBARA,EAGAN,5511 FOXWOOD DR,,OKLAHOMA CITY,OK,77523-8350
124000758,GEORGIA,ROSSER,388 VERMONT AVE,,ROCKWALL,TX,33437-5928
32014412,LISA,CRABTREE,388 Listeria ST,,ALVARADOHAVEN,CO,95765-5903
54013501,JAN,RUIZ,7386 CASTLE GLN,,URBANDALE,IA,78101-2674
22020360,PATRICIA,ANDERSON,13833 ENNISHORE,,COLUMBUS,OH,02021-2032
9917132863,CHRYSTA,HARPER,589 AMHERST WAY,,NEW BRAUNFELS,TX,05651-4419
121002364,JORDIS,WADE,193 Sinigang DR,,ELK GROVE VILLAGE,TX,33463-3018
72002404,THERESA,MCPHERSON,5988 KLINGER RD,,MANHATTAN BEACH,CA,78230-2833
75000594,KRISTEN,TRENT,55988 SURREY LN,,JANE,MO,40222-4306
9915001030,SHAWNA,BECKER,6163 TYNING CIR,,IRVING,TX,45750-3200
107007964,MARY,VAIL,57 MOUNTAIN OAK,,FORT COLLINS,CO,76651-3609
6044573,PAT,FISHER,5687 NW 39TH ST,,ROSEVILLE,CA,76051-8234
120002132,DEVIN,VAUGHAN,558 SHALIMAR ST,,COLORADO SPRINGS,CO,20171-1721
9904045792,BONNIE,PICKETT,53986 CEDAR CYN,,FAIRFAX STA,VA,31558-5254
52022023,ANITA,SNIDER,3558 PHOENIX DR,,LOVETTSVILLE,VA,76018-2952
101003337,JANET,BOK,3857 LUCILLE PL,,NASHVILLE,TN,78229-4227
40043446,MARGARET,FREDERICK,7837 MIRACLE LN,,KISSIMMEE,FL,78734-5125
39039212,SANDRA,JONES,835 GLENMERE CT,,PALM BEACH GARDENS,FL,80013-3505
71003748,CAROLINE,WIERSMA,3886 ESQUIRE LN,,SIMI VALLEY,CA,92860-1150
9917138264,JEANINE,LAKINS,313 Listeria ST,,JONESCHESTER,MI,77531-2026
65024551,JEANA,RITTENBURG,9888 WIGGINS DR,,FARMINGTON HILLS,MI,78642-6068
41019503,JANET,OLIVAREZ,395 Listeria WY,,MORALESTON,TX,80504-5825
9910151613,LISA,WENDEL,31 GREENDALE DR,,ADAMS,MA,06422-1031
9930007360,JANNIE,TRACY,333 Listeria DR,,RAMOSMOUTH,PR,77345-2127
9905021842,CHARLENE,FOURAKER,333 SHOTWELL ST,,PLANTATION,FL,60172-2880
60011232,JENENE,WRIGHT,1113 59TH AVE N,,GLASTONBURY,CT,59486-5431
72003491,MATTHEW,DEVINE,1887 SPRING LKS,,TEMECULA,CA,75149-2508
9917136044,KEVIN,COX,51359 HART RNCH,,FAIRFAX,VA,78504-1775
9942047585,CRISTIE,SLAFF,5789 TEE BOX CT,,HUMBLE,TX,06033-3607
20015019,LOUISA,FIERRO,315 Listeria ST,,JONESCHESTER,TX,78230-2569
59014453,WILLIAM,FINLEY,573 ROCKPORT RD,,FONTANA,CA,78247-1055
63008997,LORI,LONGINO,585 AQUEDUCT CT,,GLEN SAINT MARY,FL,72730-2716
58008174,BRENT,BROWN,6189 DIAMOND DR,,OTTAWA HILLS,OH,78013-5527
31019120,PEGGY,MALLOY,191 Sinigang DR,,ELK GROVE VILLAGE,TX,77088-2441
68004808,WENDY,BULLARD,881 MAGNOLIA LN,,SAN DIEGO,CA,32807-5080
123003126,BARBARA,SCHULTZ,5188 SUNRISE DR,,FREMONT,CA,06082-6127
39040955,COLETTE,VIOLA,5853 NW 65ST ST,,JUPITER,FL,06074-2348
9937002478,JANE,BURRELL,687 N GRAND AVE,,PLANO,TX,75070-3209
18016692,ANNETTE,BEASLEY,319 Listeria DR,,MOOREVIEW,FL,91362-1558
9936008815,SHIRLEY,BREWER,56381 BETHEL RD,,RED OAK,TX,77384-4497
107007404,KELLY,IHME,9718 BRASSIE CT,,BRIGHTON,CO,32712-2416
9923004609,MARINNA,HAY,5938 66TH ST NW,,SAN ANTONIO,TX,28269-8204
9902011349,JANET,ALPERT,763 BALMAYNE DR,,MOUNT JULIET,TN,33702-2827
115006245,BARB,FISHER,1611 TILLMAN DR,,EDMOND,OK,79703-4602
11016482,KATHY,JERABEK,5118 S MASON RD,,REDWOOD CITY,CA,92629-4141
54012872,EDNA,PORDON,5388 SHERMAN DR,,DES MOINES,IA,73160-0642
6044433,DEBBIE,PURSELLEY,787 S LOCUST ST,,UPLAND,CA,76134-4887
38033079,KAREN,MARTIN,19 WAKEROBIN CT,,MILFORD,MI,78041-2875
9919017680,SUSAN,LOPEZ,3153 SKYLANE RD,,KATY,TX,75126-5141
18021224,HOLLY,CARAVANTES,383 Listeria DR,,RAMOSMOUTH,TX,20151-3372
51014310,CHRIS,WHITE,1 MAPLE LOFT PL,,HIALEAH,FL,80503-7958
125000018,JAN,BOETTIGER,5351 STONEY TRL,,KERRVILLE,TX,80241-2645
9904040861,ROBERTA,HANCOCK,55959 ROYALE CT,,VIROQUA,WI,43068-1746
19023652,LARA,NESTEL,55639 MITLA AVE,,HOFFMAN ESTATES,IL,90049-2620
31019440,CAROL,DUNLAP,179 Sinigang ST,,MORALESTON,TX,80906-7974
64006957,SHIRLEY,KENNY,67 MIDSUMMER PL,,WINCHESTER,MA,77062-2349
60011084,KAREN,BOUBEL,375 Listeria ST,,ELK GROVE VILLAGE,TX,92657-0126
63009039,DOROTHY,FISHER,533 IRONWOOD DR,,SAINT JOHNS,FL,85254-2544
12013568,ELIZABETH,EDWARDS,5533 W 513RD PL,,KIRKLAND,WA,78255-2131
123002140,SUSAN,SHAW,58 DEER LAKE CT,,GONZALES,TX,36360-2779
18023234,WILDA,MARTINEZ,8838 ANDANTE DR,,INDIANAPOLIS,IN,28774-9816
114001569,KAY,HERNANDEZ,513 WESTEND AVE,,LANSING,MI,93021-2230
9914012675,JENNIFER,GREGORY,35111 SESAME DR,,BAYTOWN,TX,06001-3620
9915071506,APRIL,JOHNSON,683 BORDEAUX DR,,PHOENIX,AZ,75181-3533
7015216,ETHEL,BOECKENSTEDT,5766 S MACON ST,,FOUNTAIN VALLEY,CA,77098-5332
9933003795,SARAH,NOWIKOW,157 Hillside WY,,WALDWICK,TX,92673-7201
24091502,MARLENE,FUNKHOUSER,618 PARKVIEW LN,,LA CANADA FLINTRIDGE,CA,33026-2211
9916109521,DEE,CANTWELL,513 HAMMOND AVE,,LIBERAL,KS,92679-1185
9912004648,PAM,WEST,881 SOARING WAY,,LAKE JACKSON,TX,77384-5071
39039175,JANET,ROBINSON,159 NW 59TH TER,,PORT SAINT LUCIE,FL,75068-5659
103004597,GARRY,HAGEE,98 CLEVELAND RD,,PARKER,CO,80220-6182
52017893,SHERRY,HUBBARD,1335 LAMONTE LN,,SPRINGFIELD,VA,77546-5050
115001053,ERIN,ASSAD,138 HUTCHINS RD,,FRISCO,TX,77546-5389
115008464,ALICE,BURNSON,36 WHITE OAK LN,,EDMOND,OK,32780-5931
115001389,ANNE,RICE,5836 SW 55ST ST,,EDMOND,OK,92654-2625
9937038289,CAROL,ROBERTSON,1385 HALBERT DR,,QUINLAN,TX,76028-6503
9923005226,CAROL,MOODY,31 KNOLLWOOD DR,,SAN ANTONIO,TX,75089-3711
9917113451,JANET,OMALLEY,55135 MIAMI CIR,,SAN ANTONIO,TX,10011-7737
9921002449,JENNIFER,MYERS,586 LEWISHAM DR,,COLORADO SPRINGS,CO,53066-3836
5026732,CARIS,WEIFORD,1358 W 13RD AVE,,RANCHO MURIETA,CA,75052-0704
9908027861,DAVE,FAIRBANKS,186 VITICOLE LN,,DENVER,CO,75652-9184
110001496,KIM,WILK,5658 PANTEGO LN,,VAN ALSTYNE,TX,77546-3402
59013008,CATHY,PALMER,55558 CYGNET RD,,SAN CLEMENTE,CA,44882-9641
9907012954,TAYLOR,MEADOW,5187 AMHERST ST,,DENTON,TX,07438-9321
107000925,KIMBERLY,JOHNSON,1135 GRIBBLE DR,,LAFAYETTE,CO,30809-4228
9923009197,TERRI,STEVENSON,5613 BRENDAN CT,,SAN ANTONIO,TX,32714-1283
63006327,BELINDA,LAURIDSON,5681 BURTON AVE,,JACKSONVILLE,FL,76023-3232
39038650,SHARON,KLINE,885 OAK VIEW DR,,MIRAMAR,FL,48187-5926
9917112441,BOBBIE,BROWN,6788 NE 88TH ST,,LAFAYETTE,CO,80228-1106
18021058,PAMELA,HAMLON,355 BENETTON DR,,NOBLESVILLE,IN,06074-1656
19027644,MARIE,DRESSLER,5335 TERRACE DR,,MILAN,MI,34110-1181
64008405,KAREN,ANDERSON,713 CENTRAL AVE,,NORTH ANDOVER,MA,77479-5651
42016182,JUDY,BLAIN,385 DANUBINA ST,,EDEN PRAIRIE,MN,76244-9442
15081574,MELINDA,WERNER,8798 Skyline Ln,,NORTHRIDGE,CA,92614-7968
125002474,MICHELLE,LAMBERT,333 Listeria WY,,WALDWICK,CA,73170-9323
25022867,RHONDA,SCHER,785 NE BERRY PL,,GREENACRES,FL,78256-2496
9921011495,KAREN,TAYLOR,6768 JUNGMAN RD,,REXBURG,ID,75023-6203
9907003115,CYNTHIA,GREGG,7538 MARISSA CT,,DENTON,TX,94023-0163
125001749,LESLIE,KYLE,9739 CLANTON ST,,NORTH RICHLAND HILLS,TX,75035-7264
77005796,ANGELA,VILLARREAL,7677 VINISTE DR,,HAWTHORNE,NJ,48353-1900
38036677,TERRI,ELLEDGE,9113 S ERIE AVE,,Fort Myers,FL,63109-2305
18022756,BEA,GARZA,319 Listeria ST,,SAN ANTONIO,TN,95765-4799
9943057901,JOO,KIDD,38 CROW HILL RD,,SPRING,TX,76016-2659
123003436,JULIE,MCCARTY,53995 W 19TH PL,,SCHERTZ,TX,78627-0022
9934024313,BARBARA,LYNN,57 CAMPFIELD RD,,AURORA,CO,48178-9419
11016177,GRETCHEN,DUNN,5385 HILLTOP DR,,SAN JOSE,CA,06778-2522
26024478,NANCY,GIRARDOT,1811 HARBOUR DR,,DECATUR,AL,02766-1853
28011629,VERONICA,CHAFFIN,8566 KNOLL XING,,SANDY,UT,50629-7605
78003178,INES,CONWAY,5858 SUNTREE LN,,LITTLE ROCK,AR,46031-9606
32014027,ELDA,GREGORY,7885 BANYAN TRL,,WARSAW,IN,07407-3404
9932040870,CONNIE,COOK,1358 W REATA DR,,MOUNT JULIET,TN,76088-8426
18017887,Verneen,MARTINEZ,186 PALOMINO LN,,OSCEOLA,IN,75071-7650
30011837,MARTHA,CALDWELL,389 Listeria WY,,WEST RICKYSIDE,CA,33449-8305
9923008236,JENNIFER,JARDELL,59 TWIN OAKS DR,,CIBOLO,TX,95618-7654
9936005907,SYLVIA,MORIARTY,155 CHIPPEWA DR,,GRAND PRAIRIE,TX,80831-7783
65025421,DONNA,ROBERTSON,5736 E 511ND DR,,QUINCY,MI,34292-1625
6046976,CINDY,BOHLER,156 Hillside WY,,WALDWICK,FL,80540-1129
106012175,JEAN,BRANCH,885 DELLWOOD ST,,FRISCO,TX,30341-1653
107004549,DEBBIE,LYMAN,56511 DEER CRST,,BRIGHTON,CO,02493-1020
9944004776,SANDY,WARD,9551 ARTESIA PL,,BAYTOWN,TX,78240-2872
9903035639,JO ANN,WHITEHURST,58835 PIERCE RD,,KATY,TX,90266-4937
30010813,CHELSEA,MELLOR,6755 HANNUM AVE,,PHOENIX,AZ,06108-3823
18017149,LISA,MINCEY,153 MARIGOLD ST,,PONTE VEDRA,FL,75041-4521
54012652,DL,KRISS,3589 BONANZA LN,,ANKENY,IA,30518-8128
112002274,PATRICIA,ROBERT,56715 OBISPO LN,,NOCONA,TX,33327-1315
39038917,KIMBERLY,NEESEN,9937 SUDBURY RD,,JUPITER,FL,75075-2119
9921001582,NISA,FOREMAN,386 Listeria WY,,JONESCHESTER,OR,46060-1452
106011019,EMILY,REGALADO,187 Hillside DR,,WESTFIELD,CO,33445-3545
9935004281,JILL,CLAIR,533 YORKTOWN RD,,TOLEDO,OH,91711-1986
9903001467,DEBI,YODER,518 BELRIDGE RD,,CONROE,TX,48170-3220
9917134860,THEA,PACE,9 LIVINGSTON RD,,SAN ANTONIO,TX,33558-8384
115002437,RUTH,GRAY,5688 S HARDY DR,,OKLAHOMA CITY,OK,54540-9625
124000133,JENNY,BUNCH,385 COOKSTON LN,,ROCKWALL,TX,01105-1395
18020466,ANNE,HARVEY,155 Hillside DR,,LOS ANGELES,TX,76039-4123
107006251,BONNIE,DAVIS,3153 ASHWOOD LN,,BOULDER,CO,33418-1905
122001084,JENNA,DOOLEY,67 E MITHOFF ST,,SAN ANTONIO,TX,75078-0272
9919009777,LYNN,JACKSON,155 Hillside WY,,ELK GROVE VILLAGE,TX,63049-1414
46023844,MIKE,SMITH,158 Hillside DR,,LOS ANGELES,TX,32082-4622
74004495,JILL,CARROLL,13688 N 77TH ST,,MIRAMAR,FL,92679-1412
110000744,BEULAH,LEONARD,6381 DEL ORO RD,,HASTINGS,NE,75077-1819
18018534,LAURIE,LIPP,335 Listeria DR,,JONESCHESTER,PR,92067-8110
9921011310,LIN,SHIRLEY,5955 W KERRY LN,,COLORADO SPGS,CO,91320-4512
77004290,JENNICA,SEMON,53553 W 15ST PL,,RIVER EDGE,NJ,75013-1176
27023270,WENDY,EGENBERGER,337 Listeria DR,,LOS ANGELES,OK,63119-4160
9917121002,JOAN,EGGEMEYER,3385 CARMEL AVE,,SAN ANTONIO,TX,80020-5966
18022384,DIANE,BALDWIN,373 Listeria ST,,WALDWICK,TX,78665-1241
14017051,MICHELE,MARTINEAU,387 Listeria WY,,JONESCHESTER,NJ,42748-9735
106011659,CYNTHIA,RIVERA,9986 SW 59TH LN,,LUFKIN,TX,78729-3734
28011531,JACQUE,OMEALLY,1535 SE 19TH LN,,SALT LAKE CTY,UT,76476-0340
78004240,CONSTANCE,PANKEY,333 Listeria DR,,MORALESTON,CA,34135-1400
52019060,MARCIA,HALL,396 Listeria WY,,MORALESTON,IA,07011-3124
9934032576,RAMIE,WASER,357 W OXFORD LN,,PHOENIX,AZ,78233-3976
9933005219,JILL,NAVAR,55656 SW 3RD ST,,PEARLAND,TX,83835-7511
120002489,AUDRA,LINVILLE,3818 WROXTON RD,,MONUMENT,CO,80923-4113
9916098459,SANDIE,HENDERSHOT,5358 WILSON AVE,,EDMOND,OK,80134-7564
9021530,STACIE,NEUGEBAUER,3835 WAVERLY DR,,SCOTTSDALE,AZ,76226-0045
40045303,CHRISTINE,LAMBERTON,359 Listeria WY,,DALLAS,OH,76433-0110
9905017551,GRETCHEN,SMITH,7751 NEMEC DR S,,KELLER,TX,92692-3505
9934001585,KAREN,HERBAGE,55865 DORTH CIR,,WHEATON,IL,37205-2435
9904044680,BARBARA,WELSH,581 OAK GLEN CT,,PARKER,CO,34116-4946
9911005175,JAMIE,HIATT,15587 MERLOT LN,,FORT WORTH,TX,80439-6205
18019275,SHIRLEY,RUSCIN,389 Listeria DR,,MOOREVIEW,AR,76063-5922
110002470,MARTI,GRAHAM,3168 SIERRA AVE,,FORT WORTH,TX,91350-1723
9911003764,KRIS,FRANKS,158 WOODLAND RD,,WEATHERFORD,TX,92024-2924
71009366,PATRICK AND JANIS,CROSS,318 Listeria ST,,ALVARADOHAVEN,KS,80020-1289
66002907,SUZANNE,HARRINGTON,393 Listeria DR,,MORALESTON,TX,47403-9284
9917128112,CONNIE,ENRIQUEZ,6387 MALLARD CT,,SAN ANTONIO,TX,09459-9998
77001572,RHONDA,OBERSON,157 S LAWSON ST,,FAIR LAWN,NJ,77573-3619
115005265,TARA,KEYS,756 GLENVIEW DR,,OKLAHOMA CITY,OK,91784-7966
9942040454,DIANE,SCHUBERT,387 E TAYLOR ST,,MONTGOMERY,TX,33461-3739
9915065203,JULIE,KEMPF,93 REGENTS PARK,,DALLAS,TX,50023-6827
24091309,TRUDY,HOERIG,315 Listeria ST,,WINDCREST,TX,34990-5743
107000487,WENDY,BECKER,3188 THURLOW DR,,CHEYENNE,WY,77388-5224
14017564,MICHELLE,OLIVER,353 Listeria WY,,MARTINCHESTER,CA,80132-9306
77003662,JENNIFER,ROVENSTINE,383 Listeria DR,,ALVARADOHAVEN,CO,30075-1385
25029624,DEBBIE,WOOD,5338 REVERE AVE,,NEW LONDON,CT,76051-7350
5021768,MARNIE,RAMSEY,557 VENTURA AVE,,ROCKLIN,CA,46151-1341
104006053,PAULA,GRAHAM,358 Listeria ST,,WEST PALM BEACH,TX,91737-2834
58011957,JAYMEE,FRANK,1576 E 97TH AVE,,WAYNE,OH,75238-4209
81000192,SHAWN,CELARDO,315 KIMBERLY CT,,KATONAH,NY,80127-8531
116001240,PATRICIA,STEVENS,315 Listeria ST,,PHOENIX,TX,77573-4851
9921009055,STACEY,FAGAN,5855 RAYBURN DR,,EXCELSIOR SPRINGS,MO,95037-3854
9919017778,LINDA,MORRIS,598 VIA COLINAS,,SUGAR LAND,TX,74074-2423
40042808,CATHY,CRAUN,385 Sinigang DR,,WEST PALM BEACH,RI,76227-0230
71007007,JULIE,MATTHEWS,5635 COUNTRY RD,,SIMI VALLEY,CA,77384-3362
26024175,MARY,GUERRO,556 STONEGATE S,,CHANDLER,AZ,06019-3417
9942047993,JANET,GAYLORD,5365 OVERTON CT,,HITCHCOCK,TX,82009-8862
9937010244,MARY HELEN,SMITH,53593 KERNER DR,,PLANO,TX,40207-1672
60012242,TARA,SMALLEY,59711 VERONA LN,,GLASTONBURY,CT,06790-3055
9938017723,VICKI,SWANSON,53 GILLETTE AVE,,ARVADA,CO,85249-3675
11020495,SUE,TERRELL,3568 VIA GRANDE,,SAN JOSE,CA,92675-5507
106010842,FRANCES,HOLDEN,1751 CAROLE CIR,,PLANO,TX,37027-4820
45012182,DIANNA,PALMER,383 Listeria DR,,RAMOSMOUTH,CA,06092-2308
9909168986,HEATHER,ROBERTSON,181 Hillside DR,,DALLAS,VA,91436-3215
71008849,TRISH,HENREID,688 GILCREST RD,,SANTA ROSA VALLEY,CA,01030-2731
22021681,CLAIRE,GIVENS,8883 MONTERO DR,,REYNOLDSBURG,OH,63303-5486
122002065,MARY LOU,WATKINS,5878 DUNCAN WAY,,SAN ANTONIO,TX,22033-3624
106003225,SHELLEY,WALDON,58678 E IDA AVE,,CORINTH,TX,85719-2134
58011761,STEPHANIE,HIGGINS,55138 69TH DR N,,TEMPERANCE,MI,27517-5610
18018154,SANDY,SULLIVAN,1658 COLLEEN DR,,CARMEL,IN,94577-1813
9937004830,LINDA,KNOWLES,3785 BEHRENS RD,,PLANO,TX,93010-3959
54017008,TOYA,SHRUM,985 DEER RUN DR,,URBANDALE,IA,48906-3822
50017342,BARBARA,FLANNERY,58855 MYSTIC CV,,EDISON,NJ,77372-5118
68001955,PATRICIA,WATSON,3555 SALOMA AVE,,SAN DIEGO,CA,85532-2290
78004240,CONSTANCE,PANKEY,333 Listeria DR,,WESTFIELD,CA,84123-4390
17069039,KAREN,KEELAN,8317 BARSTOW DR,,OXNARD,CA,50266-2244
9901043521,SHARI,JACKSON,5335 S EATON CT,,PLANO,TX,32216-3134
65021602,PATSY,FRANKLIN,553 CLEMATIS DR,,FENTON,MI,40223-6104
120001282,LESLEY,CANTON,5388 DANBURY DR,,COLORADO SPRINGS,CO,75035-6175
105005452,LAURA,GARCIA,35 JEFFERSON RD,,LITTLE ROCK,AR,85743-5493
6039565,KAREN,MEYER,5188 BRENHAM CT,,LAGUNA NIGUEL,CA,74857-8397
18016612,CARRIE,POSSTER,338 Listeria DR,,LOS ANGELES,TX,91364-1659
9937034249,LINDA,SEABERG,8735 BACARDI DR,,PLANO,TX,78258-7853
78001784,JEN,CARDENAS,568 ROBINSON RD,,FREEDOM,OK,46530-9177
9903035897,CHARLENE,HUDSON,13758 CARARD ST,,KINGWOOD,TX,92620-3846
44008796,DANA,GRAFF,5133 WHEATON DR,,WATERLOO,IL,32712-4004
40040372,GAIL,SAUCEDO,351 CIMARRON DR,,INDIALANTIC,FL,76028-6256
9907042516,JUNE,HEGEL,5738 MARINE AVE,,MCKINNEY,TX,80516-7599
114003010,ROBIN,CARPENTER,3337 N RILEY PL,,CARROLLTON,TX,78628-2503
47019109,DONNA,GRUVER,888 MARIGOLD DR,,LOUISVILLE,KY,30656-4605
19023892,SUSAN,ARNETT,5983 SE 35TH ST,,MOUNT PROSPECT,IL,77381-6270
111003774,AMY,CORIATY,58886 N 13RD ST,,BAYTOWN,TX,77304-9719
9905021069,MELISSA,JAMES,5386 COLLEGE DR,,GRAPEVINE,TX,43551-2134
9916115023,DEBBIE,MILLER,55155 CEDAR MTN,,OKLAHOMA CITY,OK,75052-4580
60010960,RALPH,MCNULTY,55858 N RIVIERA,,SOUTH WINDSOR,CT,72703-3086
9920008540,KATHY,WHALEN,599 W ROBERT CT,,WINDTHORST,TX,75707-5466
44011765,TERRI,ALTERMATT,9757 NESTLE AVE,,SAINT ANN,MO,77546-6087
107007556,BARBIE,WEBER,5371 FLORAL AVE,,LAKEWOOD,CO,75024-2246
122002464,ALISA,HINOJOS,1135 POMONA AVE,,RANCHO SANTA MARGARITA,CA,32909-5992
9914008611,SUSAN,GAINES,3358 E 556TH PL,,HOUSTON,TX,32210-8328
26025241,TRISH,LOUGHREY,3355 OLMSTED RD,,SUN LAKES,AZ,75442-0407
39038156,BRENDA,MELENDEZ,8537 HARSHAW DR,,ST AUGUSTINE,FL,76126-6408
9906041709,ROBIN,BALDWIN,55518 W 83TH PL,,ARLINGTON,TX,06108-1316
6038325,MAUREEN,KUCHARIK,336 Listeria DR,,JONESCHESTER,TX,07666-4308
9912006758,ASHLEY,YOUNG,6955 QUAIL PNES,,MONT BELVIEU,TX,48348-4385
2015235,KAREN,HERNANDEZ,311 Listeria ST,,WINDCREST,TX,75034-7791
124003513,KATHY,BEVOLO,17 OVERLOOK TER,,CELINA,TX,46256-9625
9918102108,BERTHA,GIANOS,5673 E AMBER DR,,SAN ANTONIO,TX,85013-1117
9945056356,LESLIE,NIERI,5318 CAPSTAN DR,,ROCKWALL,TX,76063-2855
9912005823,DEBBIE,WITHERSPOON,183 TAMARIND ST,,DEER PARK,TX,75166-1607
9917122546,VERONICA,MEDINA,5 BROOKFIELD CT,,YANCEY,TX,52641-2717
114000054,GLENNA,HALAC,311 Listeria ST,,WEST RICKYSIDE,AR,23226-1333
39031078,MELANIE ANN,CACIAGLIA,533 RIMFIELD DR,,JUPITER,FL,85248-6235
113000223,BETSEY,MOSES,3131 AUSTIN AVE,,MCALLEN,TX,93012-9266
9930005737,TINA,MUNOZ,5186 DAKOTA AVE,,ARLINGTON,TX,73542-2224
9914012802,ARIANA,WIBLIN,6 INNERWOODS PL,,BELLAIRE,TX,76034-7334
81000497,YAEL,WANNINGER,6883 LACOSTA DR,,BROOKFIELD,CT,76051-6802
110004573,PAT,ZUMAR,5658 RAMIREZ ST,,CROWLEY,TX,07652-5612
7014460,ALLAN,PAQUETTE,5371 PEARSON CT,,BELMONT,MA,37064-2610
9916109873,MARCY,EASTMAN,51688 CACHET DR,,EDMOND,OK,63123-6304
6039556,DINA,OSBORN,538 BROKEN SPUR,,SAN DIEGO,CA,43123-7905
26024735,NANCY,GERBER,556 WILDWOOD DR,,YUMA,AZ,37122-6302
114000048,DEBBIE,MCCURDY,186 Sinigang ST,,PHOENIX,TX,33463-9112
107008490,MARIAN,MILES,5587 AIMTREE PL,,HGHLNDS RANCH,CO,75601-3390
9937035909,OLIVIA,SANSOM,59 ROSEWATER PL,,GUNTER,TX,75044-4550
47019083,MERRILY,HILL,813 ROCK CASTLE,,MOUNT WASHINGTON,KY,78253-4666
9915064664,PAMELA,RODRIGUEZ,5116 MIRACLE LN,,ATLANTA,TX,28277-4243
61008462,JEANETTE,GERMANN,313 Listeria ST,,MOOREVIEW,TX,77484-9640
39031226,LEIGH ANN,SISSON,378 Listeria ST,,ELK GROVE VILLAGE,TX,60605-3635
9937019636,CHERYLANN,ROBY,356 Listeria WY,,MORALESTON,FL,91107-2407
51015132,STEVE,REEK,6113 TIPTON WAY,,WELLINGTON,FL,07432-1858
9943046724,MYRA,SHORE,378 Listeria ST,,WEST PALM BEACH,VI,78268-7739
103005539,LUELLA,DAVIS,5585 COASTAL DR,,AURORA,CO,11769-1600
106011518,JENNY,FORRESTER,583 HATTERAS DR,,MOUNT PLEASANT,TX,91206-2004
9937031462,DAWN,WARD,5838 NAGLEE AVE,,ALLEN,TX,07450-1923
54017456,ELLEN,SHERLOCK,1383 HOPKINS DR,,JOHNSTON,IA,06451-4921
106011040,TAMMIE,BENNING,835 SHERWOOD DR,,SHERMAN,TX,85658-4475
39039347,DIANE,MCDONALD,1189 TUSCON TRL,,OCEANSIDE,CA,77354-6486
9933011179,NICOLE,DOWDY,3133 MONETTE LN,,SPRING,TX,32751-3824
107006061,WANDA,MAXWELL,3385 NE 39TH ST,,DENVER,CO,76248-8340
78004288,MARCHETA,ROWAN,515 LABURNUM DR,,SILOAM SPRINGS,AR,80504-7368
126002008,MARGERY,MULHOLLAND,359 Listeria WY,,DALLAS,TX,80302-9430
39039680,ARLENE,GRAVES,335 LORRAINE DR,,PORT SAINT LUCIE,FL,34986-3440
24090311,ROSE MARIE,THOMASON,185 Sinigang ST,,DALLAS,TX,66223-2167
9914016508,SUZANNE,MORTON,5358 CULEBRA RD,,BELLAIRE,TX,06903-3338
54017268,CHERYLE,HART,51981 WICKER DR,,DES MOINES,IA,48393-1674
9934030964,CHRISTINA,BEUKE,111 Hillside WY,,WEST PALM BEACH,TX,76051-4508
4015590,BRIAN,ELSBERG,5558 WEXFORD CT,,TUCSON,AZ,95901-4312
9917116909,DEBORAH,HARRIS,58318 85TH PL W,,BROWNSVILLE,TX,48393-1701
12012752,ROGER,BRAUN,13 S FAIRWAY DR,,SNOHOMISH,WA,78227-4349
9916118367,BETTY,DILLARD,5935 OAKES BLVD,,ELK CITY,OK,75035-3994
115008385,SANDY,BERENT,181 IVY GLEN DR,,OKLAHOMA CITY,OK,33881-1453
9937026643,STEPHANIE,STAUBIN,5981 S LOOP 515,,FRISCO,TX,90291-2911
9942044392,CLAUDIA,MCCRORY,388 BRAZORIA DR,,PEARLAND,TX,93065-7309
112000165,LORRAINE,BURNICLE,1858 59TH AVE S,,SPRING,TX,46052-9301
9916125665,MARCIE,WILLIAMSON,33868 LYNDON ST,,PIEDMONT,OK,63628-3487
77002098,LYNN,SULICK,55 WATERFORD CT,,UPPER SADDLE RIVER,NJ,97132-6043
38031752,JOEL,ARROYO,3789 PARK OLIVO,,SHELBY TOWNSHIP,MI,73703-6916
9904039682,WHITNEY,NOUVEAU,53753 Brahms Dr,,CENTENNIAL,CO,77354-5971
111003801,NADINE,STENSING,533 NH ROUTE 15,,LA MIRADA,CA,77345-1229
15082425,VIRGINIA,NEUMANN,53 ENCHANTED CT,,WOODLAND HILLS,CA,77320-0228
75001007,SARALYNN,CLARK,5738 N DOVER LN,,HARRISON,AR,95358-9216
71009351,DONNA,MEER,177 Sinigang ST,,MORALESTON,AZ,75831-0462
9917108691,CYNTHIA,LEISCHNER,5858 CONKLIN ST,,SAN ANTONIO,TX,92562-5095
125000966,KAREN,CATHRO,5159 WABENA AVE,,KELLER,TX,77388-4037
72003292,JANIE,HUGHES,558 W LAUREL ST,,REDONDO BEACH,CA,85331-5101
103002734,JUDI,ANDERSON,515 MULBERRY LN,,CENTENNIAL,CO,91701-9201
6043716,LINDI,MOFFITT,5885 SE 13RD ST,,MISSION VIEJO,CA,77904-3029
65026115,MARY ELLEN,NITZSCHKE,9898 EAGLET WAY,,LIVONIA,MI,75022-8023
47017079,ELAINE,MILIDANTRI,393 MULBERRY DR,,LOUISVILLE,KY,73446-8526
54017069,PHYLLIS,EGAN,55833 N 65ST PL,,JOHNSTON,IA,77088-5519
9937025240,DONNA,HATCHEL,998 CAMPELLO ST,,PLANO,TX,06062-1184
9930027809,MICHELLE,MCLEAN,168 PADDOCK TRL,,DALLAS,TX,77381-4174
40050167,TAMI,BRAUN,35 HAMPSHIRE RD,,CANFIELD,OH,76179-0805
47018272,PETRA,JONES,3731 OCTOBER DR,,FLOYDS KNOBS,IN,80005-5236
5020738,TRACY,GALLANT,335 Listeria WY,,ELK GROVE VILLAGE,IA,78260-4805
55001953,GRACE,WHITEHILL,33 CRESTVIEW DR,,GOLDSBORO,NC,28557-4763
9922004235,LYDIA,TOMASELLI,553 JOHNSTON LN,,LITTLETON,CO,07652-3219
61010248,CAROL,GREGORY,57 CATAMOUNT LN,,BUCKSPORT,ME,50220-1302
18020507,MARTHA,GRAVES,335 Listeria ST,,ELK GROVE VILLAGE,TX,50266-4912
78002386,VELDA,HATFIELD,315 Listeria ST,,WEST RICKYSIDE,IA,75057-3886
114008387,LONNA,DOMANKENUYTTEN,5866 COLLEGE ST,,CANADIAN,TX,34991-6631
124004118,STEPHANI,LANIER,3385 E 513RD DR,,LAVON,TX,45840-7066
9919021333,AVA,MORENO,5568 KENDALL DR,,COLORADO SPGS,CO,76135-9574
53012723,GRACE,NIEMEYER,1886 HIBBARD ST,,PORTLAND,OR,91031-6850
85000080,DEBBIE,SCHROEDER,6555 BEL AIR DR,,HOLLSOPPLE,PA,77546-4567
9932038227,JANET,SHARP,9981 CACTUS VLY,,FENTON,MO,77354-1553
19024973,JANE,CAMPBELL,5685 JASMINE LN,,FLORENCE,SC,60089-2423
122002483,JOYCE AND DANIEL,HANSEN,687 N HOGAN AVE,,SAN ANTONIO,TX,50228-8411
27023270,WENDY,EGENBERGER,337 Listeria DR,,DALLAS,OK,20181-1429
66002021,BONNIE,MURPHY,113 N WILLOW ST,,RANCHO CUCAMONGA,CA,77083-2615
9911111830,MEGAN,KAPPIT,718 VIA COLINAS,,SPRINGTOWN,TX,77511-5113
27022198,KAREN,GIDDINGS,58953 SCENIC DR,,ARNOLD,MO,78006-1963
9943054071,JILL,ODONNELL,381 S HENRY AVE,,MONTGOMERY,TX,07458-3203
50019613,ALICE,ANDRADE,918 CARROLL AVE,,COLTS NECK,NJ,78249-4451
9914017342,SHIRLEY,GEDMAN,58 WOODHAVEN RD,,SUGAR LAND,TX,76063-0069
64008184,CAROL,JONES,5385 COASTAL DR,,NEEDHAM,MA,34983-3505
66002103,SHEILA,HANKINS,5758 TRINITY ST,,DULUTH,GA,77340-4934
105002314,JEANNE,LUBIN,197 Sinigang DR,,IRVING,AR,37122-9207
60010456,LYNN,CALMEYN,5565 MASTERS DR,,PLAINFIELD,CT,93117-2144
39034084,MICHELLE,RODRIGUEZ,83 W QUAYLE RUN,,PALM CITY,FL,32073-2604
570017789,CARRIE,SHOWS,337 Listeria WY,,JOPLIN,CO,97045-2865
111001872,JULIA,BLACKWELL,388 Sinigang DR,,WEST PALM BEACH,TX,75835-1209
9913065494,JEANNE,MCCOY,PSC 373 BOX 867,,HOUSTON,TX,91301-5386
12015993,ERIN,BROWN,1865 COTTLE AVE,,ISSAQUAH,WA,76107-3962
100000447,CHERYL,GALLEGOS,335 Listeria DR,,MORALESTON,NE,75604-1110
9915067732,LISA,BRANTLEY,338 Listeria ST,,SAN ANTONIO,TX,63123-5831
115006605,ELIZABETH,WATT,53315 MORLEY DR,,BEL AIRE,KS,92658-7458
9902014258,ELIZABETH,NICKLES,3389 SWANSON DR,,MURFREESBORO,TN,62260-1422
72003387,LANCE,ORFDAVIS,335 HIGHLAND DR,,BEVERLY HILLS,CA,77356-3207
9921012736,BETH,ADAME,5657 SALADO TRL,,FRANKLIN,MA,75137-2140
116002097,BERT,GIEGER,13717 BOGEY RDG,,SAN ANTONIO,TX,63069-1466
25024057,FRANCINE,THOMAS,3856 NW 67TH ST,,GREENACRES,FL,78155-3001
9932002397,CATHY,BAYSINGER,7883 E 588TH PL,,PROSPECT,KY,78253-5704
9905012021,KATHRYN,DELONG,3835 TUXHORN RD,,FLOWER MOUND,TX,43023-9523
28012437,SHERYL,KEATING,6381 JIMILYN ST,,FAIRBANKS,AK,65616-3713
40047650,BARBARA,RUTHERFORD,3835 NW 67TH ST,,RIVERVIEW,FL,75044-6128
123000723,BARBARA,EDGERTON,375 Listeria ST,,IRVING,AR,94555-2433
3023698,SANDRA,GUZMAN,55833 N 53TH PL,,LA HABRA,CA,75214-4540
12014574,JENNIFER,BURKHOLDER,361 OLD POST RD,,ARLINGTON,WA,78218-3441
52019438,KATHY,BAILEY,5387 BARBARA LN,,ALEXANDRIA,VA,80109-4573
83000004,CHRISTINE,DANIELS,5785 FREEDOM LN,,CORONA,CA,65672-5890
112001053,ANGELA,AVERY,88 CLUBHOUSE LN,,SPRING,TX,77546-7807
9917120123,LAUREN,BERRY,1918 HUBBARD ST,,SAN ANTONIO,TX,85023-5214
59011212,CHRISTINA,WEST,539 PARKSIDE DR,,RANCHO CUCAMONGA,CA,50219-7914
63008709,MARK,MURO,5315 DUBUQUE DR,,JACKSONVILLE,FL,47421-5010
9938017950,SARA,MCKECHNIE,15188 PRESTWICK,,AURORA,CO,78006-1850
106002034,AKIKO,CLARK,58553 W 83TH PL,,PLANO,TX,75231-7305
40052185,GRETCHEN,JOHNSTON,556 DEER RUN RD,,OCOEE,FL,93094-1234
62019501,CHARLOTTE,RICE,3778 SHELDON DR,,INDIANAPOLIS,IN,46941-9403
114000041,DANA,PHILLIPS,188 Hillside DR,,PHOENIX,CO,30022-7116
107005158,AMIE,HOLLAND,53535 IRWIN WAY,,LOVELAND,CO,73099-7958
54018289,DARCY,MYERS,73 WESTMEATH LN,,DAVENPORT,IA,34479-6824
18018206,ALISON,WALSTAD,515 HERITAGE DR,,INDIANAPOLIS,IN,62208-2200
9905015578,STEPHANIE,CARROLL,13 KNOLLWOOD DR,,KELLER,TX,76108-4346
53011551,ELVA HELENE,MILLER,1861 RADIUS CIR,,TUALATIN,OR,38501-3051
70002812,MICHELLE,BUGAYONG,553 HARRISON RD,,SEASIDE,OR,40245-4177
3022574,BRENDA,HRONAS,9858 COLFAX RDG,,BREA,CA,91352-1313
72006336,DEBBIE,ROSS,551 ROTHBURY LN,,SANTA MONICA,CA,92105-5916
18022816,ANGELA,LOCKARD,381 Listeria DR,,ALVARADOHAVEN,TX,80134-5482
77000102,CYNTHIA,ICHIRIU,386 Listeria WY,,ELK GROVE VILLAGE,TX,43157-0323
6044681,CAROL ANN,ALMAND,57816 W 67TH LN,,SAN CLEMENTE,CA,48168-3434
33016151,CYNDE,VALENZUELA,3719 W 571ND ST,,DULUTH,GA,75070-2793
45012363,SUSIE,GARZA,3938 BOLIVIA DR,,PALO ALTO,CA,76063-9109
18022512,CAROLYN,SAS,5581 E EVANS ST,,GREENWOOD,IN,33478-8560
9916117309,MARJORIE,WALTERS,56517 DEER CRST,,YUKON,OK,77320-9645
55012351,JENNIFER,MILLS,1638 E PRICE ST,,INDIANAPOLIS,IN,95667-6053
18020430,NIKKI,LASTER,118 Hillside WY,,SIERRA MADRE,TX,80306-0106
26025525,MELISSA,OLIVA,5368 MORNING DR,,PHOENIX,AZ,98671-7460
24091359,GINA,FYFFE,158 Hillside WY,,IRVING,FL,92677-4046
18022095,JUNG,OLSHAN,338 Listeria DR,,WEST PALM BEACH,TX,80241-2109
6043860,ANGELA,COWAN,8111 WINECUP HL,,IRVINE,CA,78245-1229
83001383,SARA,MORENO,358 MATTHEWS ST,,NAPLES,FL,80132-2205
58012216,SANDY,BAUMANN,631 WIDENER CIR,,MAUMEE,OH,75076-1633
18018582,ELLEN,FOSTER,559 W STATE AVE,,NEW PALESTINE,IN,77089-4431
11017338,JOYCE,OLIVER,363 BAYBERRY DR,,SAN JOSE,CA,07054-3412
9919007854,JEAN,ZENNER,661 W FOREST DR,,BAYTOWN,TX,42141-1100
101001741,HEATHER,BOZARTH,5813 CHATEAU PL,,CHESTER,IL,76126-1705
82000250,DEBBIE,STIGGLEMAN,5588 CHINOOK ST,,NORCO,CA,78257-1128
7016498,CHRIS,BURNS,385 Listeria ST,,ALVARADOHAVEN,TX,85340-8356
120002322,DORINDA,EDGREN,3856 CLEARY AVE,,COLORADO SPRINGS,CO,75052-4350
9906037830,SANDY,DENNEY,1319 WABASSO DR,,ARLINGTON,TX,27278-7881
59013517,VIRGINIA,IVEY,618 ROCHELLE DR,,RANCHO CUCAMONGA,CA,76008-3997
53012347,PRISCILLA,MAIER,51356 MAIDEN LN,,MERIDIAN,ID,48331-5896
77002461,HELEN,WILKER,1118 COMPTON DR,,CRESSKILL,NJ,46229-1850
65023202,SUSAN,COCKRELL,8887 OAKDALE DR,,NORTHVILLE,MI,06076-3012
9921010397,SUE,MANNING,3855 W 71ND TER,,COLORADO SPRINGS,CO,90260-1617
40051183,ROSEMARY,SHIRLEY,33163 N 71ND PL,,SAINT CLOUD,FL,77015-3492
61009604,MORGAN,BURNS,9918 DETROIT ST,,SIMSBURY,CT,33919-2742
61009189,BESS,WHITSON,356 Listeria ST,,ALVARADOHAVEN,TX,21666-2701
9942047733,COLLEEN,BROWN,5386 JACKSON RD,,LEAGUE CITY,TX,78028-4006
18020811,JANET,GRANT,58558 SHADYGLEN,,INDIANAPOLIS,IN,92835-2724
106006944,KAREN,MCMAHAN,5753 TEE BOX CT,,MCKINNEY,TX,80916-5509
9942053215,GLENDA,GRAY,5987 WEXFORD PL,,PEARLAND,TX,73034-7913
9905021891,GLENDA,WIDES,6365 RAYLENE CT,,TUCSON,AZ,91016-7956
77004114,JENNIFER,WRIGHT,9656 W ROSS AVE,,WESTWOOD,NJ,37013-1675
55015975,DANA,MULDER,55563 BAIRD AVE,,SARASOTA,FL,48167-9177
1021735,IRENE,PICERNO,8383 OAKMONT DR,,SCOTTSDALE,AZ,37922-5588
103001224,LISA,EDDINS,3886 BUFFALO ST,,NOVATO,CA,75019-4176
107007026,JACQUELYN,LAUTH,687 HERITAGE DR,,LITTLETON,CO,75002-4465
60011956,CASEY,SQUIRES,56358 KINZIE ST,,ENFIELD,CT,80108-3464
9936005549,DEBORAH,SANDERS,5333 COLTON CRK,,WILMINGTON,NC,77571-7221
39039917,CAROL,BROWN,15631 CLOVER LN,,STUART,FL,78249-2504
26023326,PHYLLIS,CROWDER,358 CHINOOK CIR,,CAMARILLO,CA,32073-6103
115007462,REBECCA,SPRAGINS,173 Sinigang WY,,MARTINCHESTER,TX,85255-4624
4015256,MANDY,LATORRE,398 Listeria DR,,MOOREVIEW,MI,76051-3857
44010449,PATRICIA,PENA,393 Listeria DR,,MARTINCHESTER,IN,80301-6056
27022584,AMBER,COCHENOUR,353 Listeria WY,,MARTINCHESTER,VT,06070-1230
9901046507,CATHERINE,NILAND,9516 AQUA VERDE,,KELLER,TX,79556-1204
123002676,COLLEEN,WIDNER,7393 NORFOLK PL,,NATALIA,TX,32024-6321
60010190,COLLETTE,DIAZ,338 Listeria DR,,SIERRA MADRE,CA,73099-3820
32013842,VICKI,EDWARDS,15971 DUNDEE DR,,WATERVILLE,OH,76028-2570
18020124,WILLIAM,KLAPESKY,5539 CALLE RYAN,,CARMEL,IN,46151-7957
83001139,CINDY,BETZ,3883 S KIRK WAY,,ALVA,FL,77995-5317
28011448,CATHY,HYSELL,385 ASHWOOD WAY,,W BOUNTIFUL,UT,06040-4317
116001513,COLLEEN,KRAMER,138 PULITZER RD,,SELMA,TX,53576-8601
110000520,BRIGITTE,HAMMER,618 S YARROW ST,,FORT WORTH,TX,33458-4079
9022756,ANGIE,CRANMER,388 Listeria WY,,WEST RICKYSIDE,IA,95621-7357
33020044,BETSY,DEGARSO,653 KENWOOD AVE,,DULUTH,GA,77056-2107
122002295,LISA,ALLEN,58 WEST LAKE LN,,SAN ANTONIO,TX,92127-2522
58011254,DEBORAH,GREEN,868 W STREET RD,,FINDLAY,OH,76060-0335
63008849,KEETA,FRANK,5985 E IRON AVE,,SAINT JOHNS,FL,46033-1981
60010633,THOMAS,PHILIPS,368 Listeria ST,,SAN ANTONIO,TX,48160-0027
64006959,SUZETTE,VIGIL,6869 E UNION RD,,WAYLAND,MA,80129-5436
114000055,HEIDI,MCNEESE,385 Listeria WY,,LOS ANGELES,TX,37212-4306
9939023199,KIM,JONES,88 CRESTLINE DR,,CRANDALL,TX,80226-0121
61007904,ALMA,DUEEASE,53 HOLLYMEAD DR,,WEST SIMSBURY,CT,73130-5309
9944002367,JAMIE,LUTGEN,5568 LIBRARY LN,,LAKE JACKSON,TX,92705-6982
124003828,SHERRY,TATMAN,1788 ROSLYN TRL,,GREENVILLE,TX,34787-5576
39039793,DAWN,SAWYER,3356 COLLARD RD,,PORT SAINT LUCIE,FL,32751-4214
111000300,SARAH,JANSEN,133 LONGVIEW DR,,EDNA,TX,78256-1648
9923007588,DEBRA,GRANT,1 WHITTEMORE LN,,HONDO,TX,75067-8144
106006028,JENNIFER,FRYE,5377 FM 3556 RD,,COPPELL,TX,73099-7937
60012884,SHANNON,HORNER,656 PRIMROSE CT,,LOS ANGELES,CA,37214-3130
9943046511,CAROL,HILDRETH,568 LAKESHORE S,,SPRING,TX,01106-1322
65025611,KAY,LOCKE,53853 RINCON RD,,YPSILANTI,MI,78252-1703
9930024874,PATTI,PATRICK,551 MAGNOLIA DR,,KATY,TX,81507-1143
9923010290,LORI,BOBADILLA,853 CALLE PLUMA,,HELOTES,TX,76689-2738
9933004145,JEAN,HANNAH,1535 DAVISTA DR,,SPRING,TX,75230-2853
19027448,ARLENE,DUKES,9583 W MIAMI ST,,ROCHELLE,IL,73118-8419
113001436,CANDICE,DAVIDSON,515 SE 16TH AVE,,HUMBLE,TX,76180-5517
19029093,BETSY,BARKIN,5883 SW 95TH ST,,ROLLING MEADOWS,IL,85048-4208
83001046,ASHLEY,STEPHAN,1383 SW 91ND ST,,FORT MYERS,FL,77598-2186
9936014544,KERI,THEYEL,6359 KINLOCK ST,,ARLINGTON,TX,76006-4010
75000925,DOLORES,ELAM,3788 PRESTON RD,,WHEAT RIDGE,CO,46975-2409
56005413,PAMELA,RHODES,3553 ASHLAND DR,,BOSTON,MA,74743-3639
9933030069,KATHRYN,WILDEROTTER,3 HILLSCREST RD,,SPRING,TX,76034-1011
121002801,DIANE,ORRELL,5159 PALMAS RDG,,LAKEWOOD,CO,95714-0256
116001862,JODY,FARRAR,183 DILWORTH ST,,SAN ANTONIO,TX,76049-5586
27017566,KRISTA,ROBKE,3385 ASSYRIA RD,,WATERLOO,IL,80127-3584
65023950,KATHERINE,MCCRANIE,577 NORWOOD AVE,,SAINT CLAIR SHORES,MI,79707-2600
77002040,RACHEL,GALIANA,185 Sinigang ST,,WESTFIELD,TX,06374-0263
9917120771,MELINDA,SMITH,8811 LOUISE AVE,,SAN ANTONIO,TX,75166-1230
11019290,PHYLLIS,KLAGES,58531 FLINT AVE,,FRESNO,CA,30024-5415
6047907,KELLY,CATES,369 Listeria ST,,SAN ANTONIO,TX,77521-1766
55015528,AMY,LANE,7957 MCKAMY DR,,MARLTON,NJ,90277-3902
999001637,LORETTA,OMALLEY,5639 DEPUTY DR,,KELLER,TX,78222-3730
58011115,ANDREA,HAMMER,65 NW 86TH AVE,,TOLEDO,OH,77573-2668
39041117,HEATHER,KALIN,817 ASHFORD CT,,JUPITER,FL,78006-6546
40043490,LISA,LLEWELLYN,3913 S GOLD RD,,LONGWOOD,FL,98032-7015
47018614,ANN MARIE,HOOVER,5557 WARREN DR,,SIMPSONVILLE,KY,73142-5003
9942044957,BETSY,DOOREY,3855 TRIWAY LN,,PEARLAND,TX,76092-5850
61007683,REBECCA,TREJO,9198 MARLIN DR,,SIMSBURY,CT,76116-3302
6043865,ALLISON,SMITH,86 PINNACLE RD,,SAN CLEMENTE,CA,42051-9451
58012193,KIM,DEANGELO,5535 SUNSET DR,,VALIER,MT,80503-8800
103005541,RHONDA,CHOATE,57 HIGHLAND ST,,PARKER,CO,73139-8302
105003242,LESA,HAGER,5561 QUEENSWAY,,ARLINGTON,TX,50266-1596
9937027822,JILL,REJCEK,9551 BONAIR DR,,EDMOND,OK,80241-3059
71002539,CONNIE,SCHULZ,557 RAINBOW DR,,FILLMORE,CA,01085-1446
71004055,GERALDINE,ALWINE,3375 BRYANT ST,,MOORPARK,CA,90025-4157
67006078,GAYLENE,NORMAN,5538 CONWAY CT,,SANTA ROSA VALLEY,CA,95661-7770
9917119462,DIXIE,BROSEY,188 MONTANT DR,,MIDLAND,TX,93065-7367
25028601,JULIE,SUSEMIHL,985 PURCELL DR,,WELLINGTON,FL,53593-8307
103003916,TRACEY,SMITH,1885 SONORA ST,,BREMERTON,WA,50009-1591
122001933,ROBIN,YATOMI,13787 MEGAN ST,,FLOWER MOUND,TX,88210-2535
9916098815,ELIZABETH,LAUZON,8315 MERION DR,,OKLAHOMA CITY,OK,80921-2698
40041191,SARAH,FENSLER,758 MAYFAIR DR,,ORLANDO,FL,78201-5941
9938020190,MARION,JOINES,65 GAMWELL AVE,,GOLDEN,CO,80503-2207
113001908,TONI,DURAN,1863 TALBOT DR,,COLLEGE STA,TX,38305-8742
9911003939,LING,GARZA,586 WYNWOOD DR,,DENTON,TX,80128-4967
9935018693,JANET,ODONNELL,5351 LAMORE DR,,KELLER,TX,73159-6762
25022472,CARRIE,KAO,3556 VIA DOLCE,,BOYNTON BEACH,FL,80120-2735
50016592,TERRY,POLLAK,6611 KRAUSE DR,,BRIDGEWATER,NJ,33408-5622
71009532,BRANDI,SAKELAKOS,9815 S IRIS CT,,SIMI VALLEY,CA,91301-1435
106002762,HOLLY,DELVECCHIO,116 FREEMAN DR,,VALLEY VIEW,TX,07095-1802
25025663,GLYNDA,URRUNAGA,6187 ASHTON CT,,ROYAL PALM BEACH,FL,78028-3058
9945046970,DIANE,COUSIN,58135 LASSO DR,,IRVING,TX,78248-1679
54014816,STEPHANIE,WEEKS,5551 S ODEN DR,,BONITA SPGS,FL,76227-2620
9916124136,JOAN,INWOOD,5895 CROCUS LN,,EDMOND,OK,85209-2253
9919008362,SHANNA,SCARBOROUGH,58991 VILLA ST,,KINGWOOD,TX,63025-4007
60010816,ROSANNE,KAPLAN,681 COYOTE TRL,,SOUTH WINDSOR,CT,46711-1007
9945046507,LEONA,WESTMORELAND,568 SUNDOWN DR,,MIDLOTHIAN,TX,19904-1555
47015736,LINDA,ROBERTS,1385 MILLER CT,,LOUISVILLE,KY,47250-7618
9933025217,SHEILA,DAILEY,355 S 11ND AVE,,SPRING,TX,72714-6333
63005034,WENDY,DAVIS,3981 HARLAN DR,,WOODBRIDGE,VA,80906-7657
120000214,JEFF,NEWLOVE,5389 COSMOS CT,,COLORADO SPRINGS,CO,93060-1619
9907004874,JONI,JOHNSON,3818 E 58TH ST,,FLOWER MOUND,TX,32225-1027
64008548,ANN,BERRY,558 HANNUM AVE,,LUCERNE,CA,06516-1508
120003100,SUZANNE,PHILLIPS,353 HICKORY ST,,COLORADO SPRINGS,CO,48380-3348
106012200,LESIA,GARCIA,7335 OSWEGO DR,,FLOWER MOUND,TX,85044-5527
63007317,JILL,ANDRIES,363 CYPRESS RD,,JACKSONVILLE,FL,80021-6497
9945045143,JEAN,HOOGENBOOM,1535 VICARA CT,,DALLAS,TX,75032-9166
66004801,MELISSA,TREVATHAN,555 CYPRESS CV,,SANTA ANA,CA,77388-2756
32013778,COURTNEY,MERRIWETHER,8987 GREEN TEE,,MARION,IN,78255-3458
112000930,HEIDI,THOMASSON,3685 OXFORD RD,,HOUSTON,TX,91401-5751
64010595,BARBARA,DALE,3857 MONICA LN,,WOBURN,MA,77372-0427
110003028,AMY,THURSTON,355 FAIRWAY CT,,BURLESON,TX,66224-3923
47020373,ANN,HATCHER,51513 FLORA DR,,LOUISVILLE,KY,33913-6924
9936006940,BRANDIE,COMBS,3359 VENETO DR,,KENNEDALE,TX,76036-6400
70002955,HOPE,ALGER,17 CHESTNUT DR,,TACOMA,WA,48083-4473
47018486,ROSEMARIE,WHEELER,5851 SPAIN AVE,,LOUISVILLE,KY,43081-1475
111000374,MARK,BARDWELL,195 CONCORD RD,,BAY CITY,TX,43558-1064
47020009,CINDY,BAYER,1886 TERRA TRL,,PLEASUREVILLE,KY,80127-2923
44010684,VANESSA,WEICKS,13635 SETH CIR,,SAINT LOUIS,MO,30097-1706
39034656,VALARIE,MAIBACH,3838 S NOMA RD,,PALM BEACH GARDENS,FL,77450-7549
3028144,LYNDA,CHESANEK,3553 TEMPLE HL,,BROOKINGS,OR,75087-2350
26024832,VICTORIA,ALFANO,5883 WALKER DR,,PHOENIX,AZ,98082-1856
9912004045,HEATHER,NUGENT,188 SUNRISE CT,,HOUSTON,TX,80920-8056
125002813,MARCI,BUYSSE,1889 PALMER DR,,SOUTHLAKE,TX,80126-7874
115003479,HERLINA,KNAPP,5658 TUCKER LN,,NIXA,MO,21230-5418
49015592,SUZIE,RHEINER,6738 W 87TH PL,,DEER PARK,TX,22032-2040
10019953,JOAN,GURNIK,55685 MAIZE CT,,WINOOSKI,VT,95126-1932
60009231,BETTY,SHERMAN,7385 MEADOW VW,,NEWINGTON,CT,33305-1951
9930033145,NORMA,HOVIND,335 SUNRISE LN,,CROCKETT,TX,46902-6301
25026401,GABRIELLA,GRAY,8983 CRAVEN RD,,WEST PALM BEACH,FL,76063-5138
47018249,DEBBY,HUNT,5888 W MAIN ST,,LOUISVILLE,KY,85742-9428
106008721,JULIEANN,DAVIS,6113 WALMER ST,,MCKINNEY,TX,77059-5555
9908009583,LACEY,ROMANELLI,5713 S LIMA ST,,BROOMFIELD,CO,77388-8930
3026147,MICHELLE,GILMER,7938 W 71ND PL,,YORBA LINDA,CA,07649-2106
9901041123,SALLY,PRICE,557 E PLATT DR,,PARIS,TX,76904-4082
9908009818,TERRI,MILLER,59 ROSEWOOD DR,,ALLEN,TX,40245-8464
74003014,LISA,KWARTOWITZ,3887 N 13TH ST,,PEMBROKE PINES,FL,91302-1734
77000710,DOTTIE,CORLEY,7878 STANZA ST,,WESTWOOD,NJ,06019-3021
25025490,TERRY,SCHNITZIUS,15581 BAUTISTA,,BOCA RATON,FL,89011-0106
105001577,JESSIE,KENNERLY,598 HOOPER AVE,,BURLESON,TX,60950-1037
12013308,LINDA,CLAUSSEN,51858 SHARK LN,,REDMOND,WA,06410-3759
116002037,MELODIE,FOX,517 REENIE WAY,,BOERNE,TX,40245-4660
21235114904,JESSICA,KNIGHT,83589 KEY PASS,,JONESCHESTER,MT,62874
25029167,WHITNEY,MORANTES,583 BINHAM HTS,,BOYNTON BEACH,FL,84062-4305
71006058,JONI,APPELL,3115 MAPLE AVE,,SIMI VALLEY,CA,76065-0312
160020049,SUSAN,PANACCIONE,1355 SIRIUS ST,,TRACY,CA,80908-4798
9912055050,KANDY,SANABRIA,15 PHILLIP CIR,,EL LAGO,TX,32579-1602
122001602,JOYCE,LAROSE,3119 COLONY RD,,MCALLEN,TX,30062-8139
9934022276,DEBBIE,BARNES,316 W LAMAR RD,,NACOGDOCHES,TX,76028-2375
19026207,SUSAN,RICHARDSON,376 NE 88TH RD,,PROSPECT HEIGHTS,IL,46236-9051
10018684,LOUISE,SUTER,5918 W 55TH ST,,FEDERAL WAY,WA,73012-6832
9925000755,TINA,YANO,39 FORSGATE CT,,SAN ANTONIO,TX,78733-4212
9921010569,JILL,HRIVNAK,1888 FAWN HOLW,,COLORADO SPRINGS,CO,63382-2116
40043756,CYNTHIA,WARDELL,556 DICKSON ST,,APOPKA,FL,75104-6947
26019688,KATHY,NEWKHAM,36988 CARLA CT,,MESA,AZ,01747-1111
9933002533,ERVIN,MARTELLINO,7955 W 83RD ST,,CONROE,TX,78023-4452
9902010674,VICKIE,RADFORD,918 HEBERLE DR,,MURFREESBORO,TN,94070-2918
126001577,DEBRA,CLINTON,158 FOSSIL RDG,,STEVENSVILLE,MD,33417-3115
9906037398,CYNTHIA,HARRIS,583 WEBSTER CT,,MANSFIELD,TX,30097-2489
9941012428,STEPHANIE,RIBEIRO,738 E ACOMA DR,,ROCKWALL,TX,47537-6200
123003885,ROBERT,GAMMON,53855 VALNA DR,,UVALDE,TX,76109-1829
14017064,IRMA,JOHNSTON,1589 HIGHWAY N,,BAKERSFIELD,CA,92807-2904
121004004,LINDA,BURDG,355 TERRACE DR,,DENVER,CO,21921-7217
9942053295,TIFFANY,DENBOW,385 LINCOLN ST,,HOUSTON,TX,06019-2151
59013096,ABBIE,ZAMORA,6371 LANNIE RD,,LA VERNE,CA,81005-4037
26024270,JACKIE,BOCHYNSKI,7987 ASHTON DR,,CASA GRANDE,AZ,78248-2329
9942042689,MANDY,MALONEY,8 BIRD SONG LN,,STURGIS,SD,80919-2505
63006236,HOWARD,LAWRENCE,1811 ALPINE CT,,PONTE VEDRA BEACH,FL,27253-8508
26024010,LIZ,ANDREWS,5618 MYRTLE DR,,CASA GRANDE,AZ,77598-2647
4013352,KIM,MARKOVICH,558 OAKMONT DR,,TUCSON,AZ,77650-1275
63008551,MARILYN,WYMAN,7155 VENOSA PL,,ST AUGUSTINE,FL,80921-3727
39038274,STEPHANIE,TANNER,3558 BRYSON LN,,MANHASSET,NY,77586-5907
5026946,KAREN,PARKER,759 LEAFLET LN,,FAIR OAKS,CA,07070-2814
65026139,KAY,TOMAS,376 KILDARE CT,,WIXOM,MI,73106-7202
9933002834,MELISSA,HOVENDEN,5518 CAPRI WAY,,SHREVEPORT,LA,75089-7462
54017602,JORDAN,MERLIN,988 HASSELL RD,,DES MOINES,IA,88008-9336
9933027750,TRUDY,SIMPSON,5187 CARSON RD,,HUMBLE,TX,85211-1253
9923006819,GRETCHEN,GARDEA,1733 FERDINAND,,BOERNE,TX,46032-7039
9938022580,JAUNICE,MCCOY,558 CLINTON ST,,NEDERLAND,CO,26508-4467
9945048894,ANNMARIE,BEAN,7655 RANDUE CT,,DALLAS,TX,17408-1511
9930014252,RHONDA,KERNER,877 EMERSON ST,,WAXAHACHIE,TX,75070-9039
109001779,CINDY,LINDER,8735 CENTER RD,,FAIRBANK,IA,80027-3200
9904043815,MARY JANE,FENLEY,5138 EOLUS AVE,,GREENWOOD VILLAGE,CO,75116-4018
9919002662,TAMARA,ODONNELL,655 SWEETBRUSH,,HUMBLE,TX,92808-1519
114000592,ASHLEY,LUETHY,3555 W MAIN ST,,MESQUITE,TX,75051-3743
58008313,CATHY,SHAW,6861 LESLIE ST,,TOLEDO,OH,76210-7223
9902013365,CAROL,BAKER,3835 S AMES ST,,ISLE OF PALMS,SC,78247-3307
18017692,BARBARA,HART,3758 CHIARA DR,,BLOOMINGTON,IN,76132-5326
106009592,LAURA,CHEN,5935 YEAGER DR,,ERIE,PA,78028-2744
45012432,ALLISON,GRAHAM,1835 EAGLE CIR,,BURLINGAME,CA,60201-2232
115001728,SHERRIE,WILLIAMSON,6383 GRAHAM PT,,EDMOND,OK,76262-6717
9939159913,EVE,GOODMAN,3578 FM 563 RD,,FORT SMITH,AR,92307-3524
114000810,DAWN,FREY,65 S FLOWER ST,,OMAHA,NE,33458-3740
9938021626,PAT,MARSIGLIA,5836 CRAIL WAY,,LOVELAND,CO,92860-1961
9934031975,STEPHANIE,WRIGHT,3 HAWTHORNE DR,,AURORA,CO,12542-5813
21017280,CONNIE,GONZALES,55838 N 7TH DR,,CINCINNATI,OH,74868-3267
570019067,DONNA,MERRIOTT,5815 CENTER ST,,POUND RIDGE,NY,92705-6732
6048491,NANCY,MARTIN,351 LANDING LN,,CHULA VISTA,CA,75229-5228
116002785,KELLY,SORET,56335 TUDOR DR,,SAN ANTONIO,TX,43055-8052
25029506,CAROLYN,MUSGROVE,3838 MIRO DR S,,WEST PALM BEACH,FL,95054-1391
9934001728,MARCY,TIJERINA,9 INWOOD CROWN,,AURORA,CO,73070-8582
115001875,ALISON,CHURCHILL,5815 CLARK TRL,,WHEELER,TX,33876-8300
9902014125,JANICE,DONAT,586 SADIA TRCE,,ASHLAND CITY,TN,76002-3613
44008771,DANA,SCOTT,1375 BRYDEN RD,,SAINT LOUIS,MO,78015-4873
9935021152,JUDY,REEVES,1586 ZAMBIA DR,,N RICHLND HLS,TX,80233-1658
9934035320,PAMELA,FRANSEN,1653 SHADOW LK,,CENTENNIAL,CO,70816-6197
9938007295,JILL,VAUGHAN,956 W IOWA AVE,,ARVADA,CO,90035-4306
9934013340,DWAYNE,LAMBEK,387 N PALM AVE,,ELIZABETH,CO,01460-6237
39039927,JULIE,SMITH,1518 SE 3TH ST,,HOPKINTON,MA,06281-3003
9930004605,JILL,NELSON,3519 SPERRY ST,,MCKINNEY,TX,77515-3642
9934000572,TAMMY,WHEELAND,8518 BANYAN ST,,CENTENNIAL,CO,75442-5070
115003644,JANA,WAMBLES,5189 W MAIN ST,,WEATHERFORD,OK,19707-1016
9938014500,ANGIE,SCARBOROUGH,383 STEPHEN RD,,CARBONDALE,CO,75024-4560
9028619,JOIE,RIZZUTO,881 HOLLAND DR,,CAVE CREEK,AZ,06105-4202
111000712,MICHELE,CAIRNS,3533 MURPHY DR,,CLUTE,TX,48331-3783
54014557,KIMBERLY,WETRICH,5638 FISHER RD,,KNOXVILLE,IA,73023-2225
45011279,JEANNE,COCKERHAM,688 W PARR AVE,,LOS ALTOS,CA,85361-8415
9943054174,CARLA,ROARK,8858 SUTTON DR,,CONROE,TX,80920-1606
24091897,CLAUDIA,HINOJOSA,7798 SANTOS RD,,NEWBERG,OR,80918-7996
56009464,WANDA,FAULHABER,53555 OLDEN CT,,HANOVER,MA,78641-2942
39038452,MARION,MARTINEZ,5 DESCOMBES DR,,W SPRINGFIELD,MA,20120-6005
103001628,ANA,HAYES,336 ARIZONA LN,,NORTH CANTON,OH,22124-2609
39040098,JILL,GLIDDEN,1571 SIROCO LN,,STUART,FL,92887-3731
115006745,CONNIE,LAFRANO,58355 TROUT RD,,BETHANY,OK,77876-0300
103005203,TERRY,HERMANN,35 LONGVUE AVE,,ALAMOSA,CO,77514-2181
44010388,KIMBERLY,DIEMER,5153 E 3RD AVE,,SAINT CHARLES,MO,84065-5330
9935004211,AILENE,CURL,359 SILVER BIT,,COLLEYVILLE,TX,33472-8123
1027381,DIANNA,HALVERSON,3681 SHAW BLVD,,HUNTINGTON BEACH,CA,78573-1900
101001060,PHYLLIS,ANDERSON,363 CROCKET ST,,NASHVILLE,TN,77227-7759
11019098,AMY,TRUSHENSKI,5358 BRYSON LN,,SUNNYVALE,CA,67052-8274
31015532,MELISSA,GILBERT,356 DUNSTER CT,,RALEIGH,NC,77536-4760
31018359,DEBBIE,EDMONDSON,6135 DEXTER DR,,RALEIGH,NC,98005-3607
9907043568,LEE,CHAMPION,117 CATTAIL CT,,MCKINNEY,TX,46254-1077
19025313,DRINDA,ESTRADA,559 SUFFOLK DR,,DARIEN,CT,80015-2340
120001802,JACQUE,SICINSKI,188 BANBURY LN,,MONUMENT,CO,76109-3215
999001253,TRUDY,MILLING,8753 WILDON PL,,MANSFIELD,TX,80004-1135
65022952,BRANDI,SMITH,3778 ELMORA ST,,JACKSON,MI,80126-7681
77000136,NANETTE,TOTILAS,583 WINDSOR RD,,CRESSKILL,NJ,65737-9237
39036152,KRISTIE,FEDJE,35 PROSPECT DR,,PALM BEACH GARDENS,FL,78232-1114
107001929,MARSHA,NEMANICK,335 SAWTELL RD,,BROOMFIELD,CO,46072-9017
60013776,LISA,TAYLOR,6558 FANNIN DR,,ARLINGTON,MA,30076-5012
9904040920,LESLIE,ABLES,55 WESTELM CIR,,LITTLETON,CO,33410-6387
58011113,ROBERT,GARCIA,5833 INMAN CIR,,STRYKER,OH,76017-4641
72006635,SHEILA,FISH,3713 ELMORA ST,,LYNNWOOD,WA,93063-1224
31017101,MICHELE,LANGAN,38 MONTEREY DR,,GREENVILLE,NC,78249-3725
105005134,CATHY,HALL,83 LIVE OAK LN,,CEDAR HILL,TX,32708-3447
32013787,TAMMY,PARTRIDGE,15955 RUBY RUN,,MARKLE,IN,75034-0012
18019063,ADRIENNE,DEANGELO,3816 DEXHAM RD,,CARMEL,IN,92821-5045
101002428,PAT,STUMPO,385 HUNTERS LN,,MURFREESBORO,TN,77373-9234
102003863,MICHAEL,RICHARDS,5193 MOHAVE DR,,CONROE,TX,78209-2750
9916107977,DEBRA,LOGAN,518 STAYNER DR,,NEWCASTLE,OK,78230-4606
101002291,MELINDA,YOUNG,8855 TAYLOR DR,,CLARKSVILLE,TN,48390-2207
9930009175,LINDA,CLAY,1859 MORLEY ST,,ARLINGTON,TX,76108-6934
45010886,VIOLET,GIGANDET,8387 ARISTOTLE,,PLACERVILLE,CA,98516-6306
125000298,MARLA,DUSTIN,88 CUYAHOGA RD,,MILTON,FL,43566-1096
9930032718,CHERYL,ALLEN,5989 YORK BLVD,,SACHSE,TX,76180-8456
58011281,KELLY,PRICE,9533 BRONCO DR,,ST PETE BEACH,FL,77381-5112
3025049,TRACY,SWINEHART,813 NUECES TRL,,LAGUNA HILLS,CA,78042-8541
115005077,LISA,SINGLETON,19356 OHARE CT,,EDMOND,OK,80601-3352
78002383,MICHAEL,DOBOSIEWICZ,7588 HINTON DR,,KNOXVILLE,TN,07656-2336
9932035802,MELISSA,HILL,685 E GRAND ST,,JACKSON,TN,85382-3456
9937040866,JUDY,HERR,355 HATLEN AVE,,CARROLLTON,TX,80134-7584
65025320,LINDA,VIGIL,885 NW 31ND ST,,SOUTH LYON,MI,73172-1060
104002289,JOHN,JONES,1557 STONE OAK,,ARLINGTON,TX,45504-2341
9923006801,ADA,MACDONALD,33555 PAMPA CT,,SAN ANTONIO,TX,77059-4000
106012299,RASHEL,THOMPSON,568 GRAND BLVD,,DALLAS,TX,76016-3921
9919005345,DEANA,HOLLOWAY,51989 DOVER RD,,PALM DESERT,CA,50266-5788
53011305,GINA,BRENNAN,51 HERITAGE DR,,TIGARD,OR,33401-6225
9933021411,CHERIE,LARAMIE,5358 BEXLEY ST,,KINGWOOD,TX,73044-9244
9935017328,LILLIAN,LABRIE,3333 RIVER WAY,,SOUTHLAKE,TX,77356-8834
64010392,LISA,HOPSON,6185 HAINES RD,,LONGWOOD,FL,95843-5366
64010126,MELISSA,MILLER,3689 PETIT AVE,,WESTON,MA,76087-9169
21235114905,SHAWN,MALONE,91955 GINA RUN,,WEST RICKYSIDE,RI,45653
77003349,MARILYN,MULLEN,51357 RIDGE DR,,ALLENDALE,NJ,73072-2209
9917130486,JESSIE,MOSES,655 WHITNEY DR,,SAN ANTONIO,TX,91108-2815
44011208,MARI JANE,BOSMA,71 FRANKLIN ST,,YORK,PA,72903-5120
9921012276,JOSEE,GOLDSMITH,198 WALTON WAY,,GREELEY,CO,05848-0021
106004098,JANISE,MILLS,3588 GRAND AVE,,ROWLETT,TX,81507-1724
44011026,KAY,SMITH,17 FOXGLOVE LN,,DANIEL ISLAND,SC,28791-3553
22018317,ERICA,MELTON,15781 LONGWOOD,,SAINT CLAIRSVILLE,OH,91505-2429
9942044326,HELEN,HAYES,113 ABILENE RD,,PASADENA,TX,80112-1570
27022100,AMY,DOBBS,5533 WILMOT RD,,MENLO PARK,CA,95120-1732
105004931,DEBBIE,JOHNSTON,1555 ELSIE AVE,,MIDLOTHIAN,TX,75070-9313
77003251,KELLEY,MONTGOMERY,781 SEILING ST,,HACKENSACK,NJ,78006-5712
18018588,JOY,PENDLETON,5811 S ROBB ST,,KOKOMO,IN,91367-1718
63010015,STEVE,DELANEY,1683 FRANKS DR,,JACKSONVILLE,FL,76036-3656
999002783,KATHY,QUINTON,5581 BRAZOS DR,,CHATTANOOGA,TN,92057-7319
115001623,STACY,PERRY,995 ANDOVER PL,,KANOSH,UT,32789-5546
60013268,LISA,VALENCIA,837 FRANCE AVE,,SOUTH WINDSOR,CT,01876-4821
39038025,CINDY,WILL,5385 DANISH DR,,PALM CITY,FL,01906-2413
22017677,ANDREA,BROWN,3388 LOFTUS CT,,COLUMBUS,OH,03269-2209
40051797,MARY,MEYER,738 COQUINA CT,,APOPKA,FL,75006-2645
60012256,MARION,TYLER,581 AUDUBON LN,,EAST WINDSOR,CT,87113-2909
9906032340,ANGELA,POE,3388 CAMDEN DR,,ARLINGTON,TX,91301-4034
122002212,BETH,WRIGHT,6635 MIDWAY RD,,SAN JOSE,CA,85248-0008
63009794,DENISE,ALSTON,53 VON ELM AVE,,SAINT JOHNS,FL,76092-5945
40041357,DEBBIE,GAY,355 WARWICK ST,,KISSIMMEE,FL,28714-9017
122003276,CLARICE,BRADSHAW,339 BAYSIDE DR,,SAN ANTONIO,TX,80027-0431
22019887,ERICA,THOMAS,7655 WOLLER PL,,COLUMBUS,OH,77069-1015
33017569,DOROTHY,DUSENBERRY,17 MOATWOOD CT,,FLOWERY BR,GA,11720-4421
122003074,JOANNE,DUNN,518 BARECKY DR,,SAN ANTONIO,TX,77573-4358
105004669,KAREN,LEON,3515 SHORES CT,,ARLINGTON,TX,91306-3304
120005976,BRIAN,WOOD,3319 BURNET DR,,COLORADO SPRINGS,CO,76034-2904
9908005448,SYBIL,KINSLOW,358 SHERMAN ST,,BROOMFIELD,CO,03287-4117
9935007601,LINDA,LOMG,8835 PACTON DR,,HOBOKEN,NJ,80163-1444
9907017134,CALLIE,GUYMON,983 WARBLER CT,,PLANO,TX,91342-3758
9937023839,LYNNE,GRAHAM,35 DEERWOOD RD,,DELRAY BEACH,FL,22201-1216
9904043935,MELANIE,TAUS,5381 OXFORD PL,,AURORA,CO,91786-5856
9907011031,URSULA,DUTCHER,9735 KELTON DR,,PLANO,TX,91701-5466
112001418,STEVE,LEMASTER,5355 OSGOOD RD,,HUNTSVILLE,TX,50129-2608
9942050186,SUSAN,BECHTEL,3915 ALTHEA DR,,LEAGUE CITY,TX,91801-2484
9943045439,LORI,PASCHAL,3731 SCENIC DR,,COLLEYVILLE,TX,50322-2503
9935016243,CAROLYN,WALLER,3818 LAUREL ST,,HELENA,AL,77382-5725
58011801,MICHELLE,ANDERSON,5555 MARSH AVE,,MAUMEE,OH,78076-4203
70002288,JILL,DUDLEY,6775 PLAZA VIA,,SCAPPOOSE,OR,43416-9808
1022816,ANGELA,MULLER,3838 JOY LN SW,,S LAKE TAHOE,CA,76001-5657
66005746,SUZI,CANTWELL,5663 DECKER RD,,TUSTIN,CA,49331-8952
17071697,KAREN,GROW,11337 ROAD 183,,MINNEAPOLIS,MN,78148-1253
65021774,JESSICA,LEWIS,3115 S CAMP CT,,LIVONIA,MI,73013-5635
9917133374,EILEEN,CASS,6363 MULLIN ST,,SAN ANTONIO,TX,75404-8745
33016397,SALLY,DUDLEY,51 HERITAGE RD,,DULUTH,GA,85298-5300
9911007905,MELANIE,PHIPPS,551 SANFORD ST,,MELISSA,TX,80237-1543
70002266,DONNA,LAZAGA,7855 DELYNN ST,,HILLSBORO,OR,91311-7309
9944004212,ROBIN,HEREDIA,11 DAY LILY PL,,HOUSTON,TX,78240-2873
9930023646,WENDY,SIMPSON,558 VIA VICINI,,COPPELL,TX,76063-5198
9923010835,MARTHA,CURTIS,393 HOLLAND RD,,SAN ANTONIO,TX,73521-1508
22019411,MISTY,REVARD,56 PLEASANT ST,,BLACKLICK,OH,33467-1936
9937003207,MICHELLE,MCGEE,1813 PUENTE ST,,HUGO,OK,98038-6878
32013273,POLLY,WELLS,55567 QUAIL LN,,FORT WAYNE,IN,46038-1925
76002725,KATHY,TROKSA,5 NORBERTA WAY,,SAN FRANCISCO,CA,92211-4506
25029692,JEANNIE,BOOKWALTER,5 COLONIAL CIR,,LOXAHATCHEE,FL,80128-3962
44009622,SHARON,RUHM,15533 LONG TRL,,SAINT PETERS,MO,33018-6248
61010185,LUPE,DICKERSON,5385 WINONA CT,,EAST HARTFORD,CT,75080-5117
40050156,CONNIE,SMITH,6869 VIOLET PL,,RICKMAN,TN,78233-3510
9906032834,DONNELL,WILLIAMS,816 W CAROB DR,,MANSFIELD,TX,29928-3119
25028819,PAULA,VARGYAS,5663 HATTON CT,,WEST PALM BEACH,FL,80454-0893
9935014949,TERESA,ANDERSON,1753 E 16TH ST,,KELLER,TX,93065-7674
115007730,MICHELLE,OHLHEISER,3955 AURORA ST,,OKLAHOMA CITY,OK,75033-7910
39034933,ANN,BARKLEY,55 FLORENCE ST,,RIVIERA BEACH,FL,06078-1233
122000476,LAMBERTHA,LORMAND,5857 E ECHO LN,,SAN ANTONIO,TX,77573-4495
25025314,DONNA,RAFIQ,535 DETROIT ST,,DAWSONVILLE,GA,85226-4509
72005329,JANIE,SCHEELER,588 CARAWAY LN,,SAN LEANDRO,CA,46714-1261
40046566,MARYBETH,LENTON,515 RODGERS RD,,SEAGOVILLE,TX,38201-2147
125002667,LESLEY,TURNBOW,58 VIA ENTRADA,,SOUTHLAKE,TX,32828-8713
60013218,KELLI,CARMOSINO,55519 181ND ST,,MERIDEN,CT,76180-7840
18018741,PEGGY,MAUCH,6851 PECAN CIR,,LAS VEGAS,NV,53072-2271
9916102640,CAROL,DEBONE,7838 TORREY ST,,OKLAHOMA CITY,OK,37367-8035
53013720,SUSAN,APPLETON,7737 HENLEY DR,,LAKE OSWEGO,OR,80238-2878
9945045354,JUNE,TORRES,365 THORPE AVE,,GARLAND,TX,75431-0374
9923009512,VICKIE,FOTE,3885 WEEMS WAY,,SAN ANTONIO,TX,07649-1820
106008284,LINDA,HIRST,11 BEEBRUSH PL,,GRAND PRAIRIE,TX,46804-8711
3024810,VALERIE,COLLINS,89 FOX HILL RD,,WHITTIER,CA,54956-2966
124004151,DEBBIE,MADDUX,5186 LAS POSAS,,FARMERSVILLE,TX,76067-8275
9933011630,DANA,DALTON,11188 CHUBB RD,,SPRING,TX,33449-5817
74004081,BERNA,ISAACSON,36836 PERRY CT,,SUMMERFIELD,FL,18087-0207
9907010666,KIMBERLY,WADE,5353 RACHEL CT,,FORT WORTH,TX,74538-3430
64009643,APRIL,BOALES,57597 BROWN RD,,SHREWSBURY,MA,92057-7814
54016328,CHRISTINE,WHEELER,3387 MICHEL CT,,JEFFERSON,IA,27532-0634
54018387,KELLY,DALESSIO,53388 BELLA LN,,WEST DES MOINES,IA,75078-9100
9943057978,BONNIE,MARTINEZ,5538 BARBER LN,,SPRING,TX,90041-2331
71004512,MARIA,JULIAN,5183 BRAZOS CT,,ALISO VIEJO,CA,98004-8375
60010236,DANETTE,HAYES,785 53TH ST NE,,GLASTONBURY,CT,32224-8600
101000002,LORI,BAKER,15 RABBITS RUN,,GUNTERSVILLE,AL,76065-6607
9902008812,HEATHER,DODGE,6553 S ZENO CT,,ANTIOCH,TN,72756-2000
65021088,SHIRLEY,CHASE,3886 SAVELL DR,,FARMINGTON HILLS,MI,37205-1315
9943039581,KAREN,DEJOY,7358 BROOKPORT,,SPRING,TX,80401-9363
83001409,AMBER,HUSS,171 SEDONA WAY,,CAPE CORAL,FL,97038-7344
9912006287,LINDA,BROWNELL,3988 ACKLIN DR,,Houston,TX,67846-1822
60012406,JENNIFER,KOKOCINSKI,53 STANDISH DR,,GLASTONBURY,CT,78261-3092
9937006954,SOPHIA,TUMINSKY,5933 RIVER WAY,,FRISCO,TX,80111-4145
9918099387,AMIE,PATTON,7538 JULYNN RD,,HORIZON CITY,TX,76904-4912
9918102713,LINDA,MEGINNIS,1116 7 OAKS DR,,EL PASO,TX,37069-8419
9915003509,SARA,WEBSTER,557 TRINITY DR,,TERRELL,TX,01106-1119
114008032,RICHARD,PAYNE,7338 W 81ND ST,,DALLAS,TX,92691-1240
78002525,KELLY,FRASER,698 JERSEY AVE,,ANKENY,IA,77505-4163
77005659,KAY,YEANOPLOS,3395 ZEPHYR CT,,MILWAUKEE,WI,80004-2444
9903000139,JODI,BROER,5155 EAGLE RDG,,SPRING,TX,78332-3748
116001887,JONI,OLESZCZUK,33 PONDSIDE DR,,KERRVILLE,TX,75089-4199
28013110,LISA,TANOUYE,955 NW 53TH ST,,LAKE PLACID,FL,72736-9479
101002457,LORI,HOOD,638 HOLLAND ST,,RIDGETOP,TN,79761-1531
39039806,JACKIE,WALKER,3571 MAYER AVE,,PALM CITY,FL,77042-1312
9936005680,GENE,JAMES,58 E SIENNA PL,,MANSFIELD,TX,23111-5639
40042532,KEN,GALLARDO,683 E NOVA AVE,,HILLIARD,OH,77581-5865
24091894,LAURIE,SHIRLEY,363 CLARKE AVE,,MONTEREY PARK,CA,34953-5315
68005816,NATALIE,AHUJA,5358 CENTER ST,,REDLANDS,CA,77356-5437
63004619,CHRIS,SCOTT,353 E TEXAS ST,,JACKSONVILLE BEACH,FL,77304-1080
120001248,CAROL,NORUZZADEHGHUCHANI,6657 REDBUD DR,,COLORADO SPRINGS,CO,77514-2181
50020823,PATRICIA,LIBERA,35 GALLERIA DR,,BETHLEHEM,PA,78253-9213
58012148,TAMI,BOUMA,8668 MERLIN DR,,BOWLING GREEN,OH,76028-6588
38031762,DANIELLE,GREENE,7935 FALCON ST,,FRASER,MI,78148-1253
77002554,KATHY,WEST,1889 CENTER ST,,NORTH HALEDON,NJ,85258-1113
54017856,KAREN,ELMORE,5359 SONOMA CT,,SIOUX RAPIDS,IA,76244-5774
106007549,JODI,LOWRY,588 E MILAM ST,,PROSPER,TX,76126-2231
24091525,JOHN,CHURCH,1665 ROGUE WAY,,PASADENA,CA,77511-5030
7017806,MARY,TATUM,15 BRIDLE PATH,,LAGUNA BEACH,CA,73170-3627
118003754,LUCILLE,MCBRIDE,1856 BLANCO LN,,BEAUMONT,TX,98027-8990
9907006832,MARTHA,ZEESMAN,5883 E JADE DR,,LITTLE ELM,TX,75025-6072
9907005758,IRENE,WOHLFORD,5 BLACKMAN TER,,PLANO,TX,75043-2739
106009726,NICHOLE,LEWALLEN,9886 TOUCAN LN,,MCKINNEY,TX,78108-3743
63004878,ROSEMARIE,MCMILLAN,8789 WEDDEL ST,,BROOKSVILLE,FL,91754-5524
58010589,ELIZABETH,VINING,5111 HAZARD ST,,TOLEDO,OH,80233-6124
124003487,MARIAN,FLOWERS,5335 NE 5ST ST,,ROWLETT,TX,91320-6712
123004315,JOELLE,HAYNIE,1155 DALLAS DR,,BOERNE,TX,77371-2547
105005269,SUSAN,GARCIA,3885 W 55th St,,IRVING,TX,80504-5921
40052211,LINDA,BARNES,658 COLLIER RD,,LONGWOOD,FL,75002-7587
77000613,JESSICA,BRAJKOVICH,55 PIPPIN DR W,,EMERSON,NJ,91024-2368
113001015,JOAN,HOFFMEYER,5755 INGRAM PL,,HOUSTON,TX,33076-3960
9930017440,ELSA,SCUDERI,688 PHYLLIS CT,,LITTLE ROCK,AR,75287-4415
64011066,CHELSEA,MIKE,3563 ARDEN AVE,,FRANKLIN,MA,77058-4225
9937001431,JILL,MCKINLEY,33 MARLBORO ST,,PROSPER,TX,75035-6047
44010788,MONICA,SWINDELL,58566 OHIO AVE,,SAINT PETERS,MO,98374-1524
9916107349,MONICA,MCMANUS,7599 MERLIN CT,,MAGNOLIA,TX,37221-3522
107004668,NANCY,NORTONGARCIA,58883 AGORA PL,,VISTA,CA,65809-3536
19025534,ROGER,ILICH,537 MAYNARD RD,,SCHAUMBURG,IL,97520-3543
19028593,BECKY,RAUSCH,3553 MEDINA DR,,LAKE ZURICH,IL,91306-2339
31018594,TERRI,COURIER,318 WINSLOW DR,,SELDEN,NY,33458-6683
61010361,JANICE,RAINS,6687 HALITE PL,,AVON,CT,06098-1963
126000845,CINDY,ORR,63 FOUNDERS RD,,CARROLLTON,TX,73071-2160
25024895,LORI,WATSON,8357 REGIS WAY,,WEST PALM BEACH,FL,90045-2646
25029201,BRENDA,SHACKELFORD,55868 MARK CIR,,LAKE WORTH,FL,11235-4645
6038105,JENNIFER,MCKINNEY,788 BRYSON WAY,,LADERA RANCH,CA,94114-3146
25026985,MICHELLE,ALLAN,5885 MANUEL DR,,BOYNTON BEACH,FL,20136-2500
123002589,NICOLE,ROSE,3631 FULTON RD,,KERRVILLE,TX,76476-0214
9916114145,SHAMS,LAYTON,331 EDWARDS DR,,OKLAHOMA CITY,OK,85395-8925
54017155,CAITLIN,JONES,3585 NW 1ND ST,,STORY CITY,IA,75078-0322
999002238,CINDY,GUMMIN,8688 PALMER CT,,SANTA MARIA,CA,46226-1348
18016837,GRACE,WIEHN,378 CORNELL ST,,BROWNSBURG,IN,61615-7503
65021164,LYNN,BALL,1885 BUTLER DR,,NOVI,MI,78207-4602
9936019734,CORI,SWAN,3333 ATOLL AVE,,ARLINGTON,TX,90504-5713
67007066,GERRY,CORNEJO,7315 W 85TH ST,,AGOURA HILLS,CA,78504-1626
116001846,JULIE,BARNER,785 S IDAHO ST,,SAN ANTONIO,TX,98125-3535
63005603,WENDY,MILLER,39 AVONDALE CV,,PONTE VEDRA BEACH,FL,50021-3722
118004082,PAT,ALLISON,6131 GILMER ML,,SAN ANTONIO,TX,80004-3031
12016441,CLAUDIA,MADISON,5155 SW 5ST PL,,BELLEVUE,WA,85282-4489
63010864,MONICA,CHERNYHA,31755 LEONA ST,,SAINT SIMONS ISLAND,GA,93030-4790
5027343,DONNA,ROY,6811 WOOD PASS,,ROCKLIN,CA,06001-4036
9937015717,MARYBETH,HENSCHEL,9611 FERN CRST,,CARROLLTON,TX,91361-4321
9912004670,NANCY,MAZARIEGOS,5-15 CYRIL AVE,,HOUSTON,TX,60102-6093
60013021,NANCY,WILSON,58 WILSHIRE RD,,ELLINGTON,CT,33418-3754
9917132570,DIANE,KILLINGER,7 MAGELLAN AVE,,SAN ANTONIO,TX,98103-7539
39039455,THOMAS,FELDES,673 CASCADE DR,,WEST PALM BEACH,FL,01545-2050
61007899,KAREN,DWELLE,3588 BARTON RD,,WEATOGUE,CT,78042-8541
7016691,NATALIE,UMENTUM,7358 VARNA AVE,,NEWPORT BEACH,CA,77651-5315
9936017716,DEBBIE,FLYNN,518 HARVARD ST,,ARLINGTON,TX,63130-3707
115003522,DOUG,HAYES,6157 JENNIE DR,,GENTRYVILLE,IN,80130-8013
120002183,NOEL,KING,35 S TAYLOR ST,,COLORADO SPGS,CO,85233-8755
83000426,HOLLY,MCCARTY,58 MANAKIKI DR,,CAPE CORAL,FL,80227-2514
9915067317,KRISTINA,TINDALL,5838 MONROE DR,,LEES SUMMIT,MO,32903-4758
9907011759,KIM,TAYLOR,5815 GOLIAD DR,,LAKELAND,FL,80920-3005
9901046395,JULIA,SMITH,1853 FULLER RD,,DALLAS,TX,06002-3496
18018775,JEAN,MCCARTHY,5 CHALAMONT CT,,FORT MYERS,FL,78258-4938
9908006124,JACKLYN,GRANT,5886 GALENA DR,,PEMBROKE PINES,FL,76017-1643
9902009017,TONI,HERRINGTON,11586 YUKON LN,,KNOXVILLE,TN,76133-3380
106009102,CHRIS,OZYMY,5617 AZALEA LN,,FLOWER MOUND,TX,00824-0348
116002735,VANESSA,WARSHAW,5165 3RD ST NE,,SAN ANTONIO,TX,78251-1422
9933006143,JULI,DEAN,53 DEEPWOOD RD,,SPRING,TX,91761-6849
9910151113,MAXINE,BUNCH,367 THORPE AVE,,HENRICO,VA,77546-3659
71006010,SHIRLEY,GRANGER,788 S ALDER DR,,SIMI VALLEY,CA,93247-9593
114008132,ALICA,LEONBRUNO,156 VIA ITHACA,,DALLAS,TX,85234-1306
25028410,DONNA,KEITH,5887 LINDA AVE,,STUART,FL,98059-7320
9930020805,EVELYN,BRISKIN,8188 FM 539 RD,,LONGVIEW,TX,68901-7716
42016934,JANIE,BROWN,387 BLOSSOM LN,,DEER PARK,IL,75248-3547
9942049509,LYNN,MARTINEZ,5658 N 58TH ST,,SAN ANTONIO,TX,76137-2927
9914012129,KATHY,KUNSBERG,55 HAMILTON LN,,HOUSTON,TX,07457-1632
124003338,NANCY,GRAVES,3838 DELANO CT,,WYLIE,TX,71913-8976
9916127821,AMY,FLORES,151 BURNETT DR,,OKLAHOMA CITY,OK,75243-8034
125000867,ELSA,WHITE,753 LAKEWAY DR,,COLUMBIA,MO,75165-6149
71008451,BRIAN D,PEDRI,159 SCANTIC RD,,CANYON COUNTRY,CA,91766-4724
9917108845,JENNIFER,TREVINO,958 KNIGHT CIR,,SAN ANTONIO,TX,91384-3799
115002337,RAYMOND,MCPHERSON,557 KEMPER AVE,,PENN YAN,NY,32315-7100
33019930,TERRY,FROST,59315 LEAL CIR,,SUWANEE,GA,43843-9702
120005225,KAREN,SMITH,1989 JOANNA DR,,PARKER,CO,75409-5275
100000493,FLORENCE,LUNING,931 JASMINE ST,,SAINT JAMES,NY,06033-3843
72006484,GAIL,BONN,1135 E RUBY LN,,WILMINGTON,NC,75034-6640
9917139905,PAM,MAZIASZ,95 OVERSHOT DR,,KIRKSVILLE,MO,81507-9541
9934016689,JAN,LEDET,59688 LUSK AVE,,GREENWOOD VILLAGE,CO,97225-6770
22020218,SHANNON,PETTENGILL,7578 BAILEY LN,,HILLIARD,OH,78148-3489
9933029283,CHRISTI,SINQUEFIELD,1358 STONER RD,,SAN MATEO,CA,77382-4502
61006510,SUSIE,GARCIA,3338 CIELO TRL,,NEW HARTFORD,CT,80918-2441
82001372,JULIE,NOVAK,715 SIMMONS RD,,CORONA,CA,97007-8971
40051251,JEANETTE,ADAMS,617 VILLAGE LN,,Tamarac,FL,80124-2946
9917135712,LAUREN,ROTH,383 BROCTON ST,,SPRING BRANCH,TX,91789-0910
39041784,DANA,BECKER,5556 N EAST ST,,GOLDEN,CO,44236-4623
9917118195,ANNMARIE,HULSEY,988 TUXEDO AVE,,SAN ANTONIO,TX,91344-1816
9937037116,ANNE,CHONTOS,8883 N 59TH ST,,FRISCO,TX,77546-6166
40049598,BONNIE,ATKINSON,389 COLLEGE ST,,MILWAUKEE,WI,80125-7951
122003767,NANCY,MAUCK,5683 TEXAS TRL,,SAN ANTONIO,TX,33410-2441
107007438,TAMMY,BECK,5581 HILTON DR,,ERIE,CO,75024-7338
55010711,BARBARA,DAYS,333 BAYWOOD ST,,NORTHBRIDGE,MA,92688-3878
19028470,KATIE,BANDIMERE,1585 W 55TH PL,,ROSELLE,IL,91301-2488
6040806,BARBARA,JOHNEN,5857 GOLIAD DR,,LAGUNA NIGUEL,CA,76226-6664
104002116,KIMBERLY,MURANO,519 STREET F31,,GRANBURY,TX,32256-9123
60013228,DEANIE,HAWLEY,553 S RIVER RD,,ELLINGTON,CT,98685-5162
32012964,JENNIFER,NEVERETT,557 RAMPART LN,,FORT WAYNE,IN,80012-1564
28014399,RON,HAGER,9633 SUNSET DR,,DRAPER,UT,85226-2163
28013603,JENNIFER,STURMAN NADDAU,5387 LOUISE ST,,HAVERHILL,FL,33907-7858
120002079,TAMMY,HUNTER,57 CRYSTAL CIR,,COLORADO SPRINGS,CO,40299-3467
33017757,CYNDI,HYMAN,3685 DUMOND PL,,ALPHARETTA,GA,76182-7356
106007122,CYNTHIA,FASOL,5338 56TH SQ W,,PLANO,TX,78028-9313
9922000385,MOLLY,HILL,19 ASHCROFT RD,,LAKEWOOD,CO,06033-3840
39039215,MARIANNE,MEIER,7771 COFFEE RD,,NAPLES,FL,76162-5432
110004195,CHRISTI,RAVENOLA,5885 W DREW ST,,MIDLAND,TX,63131-2147
9943055542,CAROLYN,BARRIGA,5815 5ST ST NW,,CYPRESS,TX,33413-2042
3025861,PAT,NICODEMUS,5913 LAYTON ST,,DIAMOND BAR,CA,80212-7211
72006917,JANICE,WILLIAMS,1595 N FORK DR,,REDONDO BEACH,CA,06032-3017
6048876,ROXANNE,SHELBURNE,1878 ATOKA TRL,,SAN DIEGO,CA,48334-3101
9933011114,MARTHA,STEELE,17 BENTWOOD LN,,SPRING,TX,80904-1100
18022918,LYN,LEDDY,6683 TIGER PAW,,ALEXANDRIA,IN,76182-7822
9907008194,VICKI,WILCOX,185 E BRYAN ST,,CORINTH,TX,03087-1134
17068976,DARBIE,ROSENBERG,6313 AMBER OAK,,THOUSAND OAKS,CA,85310-5723
61007034,JANET,CHAPMAN,5561 GRAHAM ST,,WINSTED,CT,75601-3745
44011242,SYLVIA,ENGLISH,513 LEADER CIR,,BALLWIN,MO,72650-1244
64006725,BRENDA,LUKEHART,151 GRIDLEY ST,,LAWSONVILLE,NC,95051-7149
9904039232,NORMA,BOGAN,3985 S 33TH PL,,PARKER,CO,93065-7053
9917133106,LAURA,MONTES,389 ADDISON CT,,SAN ANTONIO,TX,76092-8589
9933024396,SHARI,BRAIWICK,551 STEPHEN ST,,MAGNOLIA,TX,97070-8879
9903037224,KRISTI,MAYFIELD,5383 RICKER ST,,CONROE,TX,32714-5814
9937024142,MILLIE,MICHALKE,5787 E 33TH ST,,SUMNER,TX,20882-2221
78003252,STACIE,ZUCKERMAN,7819 LITTLE RD,,BONNE TERRE,MO,46064-8648
53013260,MARGARET,MONDA,5151 S 31ND ST,,PORTLAND,OR,06021-3608
9940018850,SABINA,FUQUA,7918 TENNIS LN,,SLIDELL,LA,32257-8032
58011404,DOROTHY,STRANGE,183 PARKWAY DR,,TOLEDO,OH,80121-2000
24088800,JANIS,MCMILLON,5386 MICAH WAY,,RCH CUCAMONGA,CA,89703-9442
2014071,RENA,TORRES,99 SUNSET BLVD,,SHERMAN OAKS,CA,80525-5505
116002522,BETSY,EARNEST,5168 AHTENA DR,,SAN ANTONIO,TX,46835-1830
27021421,CLAIRE,LOPEZ,5583 E KIRK ST,,FAIRVIEW HEIGHTS,IL,80108-3432
9904039018,MONICA,TRAN,931 GEHRIG AVE,,WADDELL,AZ,07506-1316
9923005842,KAREN,LEONARD,788 BURBANK ST,,SIMSBURY,CT,37027-6126
9923003886,COURTNEY,BROKAW,5585 W 8TH AVE,,SAN ANTONIO,TX,78681-2328
72001483,ANNA,DARWISH,3583 PEONY WAY,,CULVER CITY,CA,43551-2589
9943051028,MARIAN,FLOYD,5357 SADLER RD,,MONTGOMERY,TX,77070-4111
71007394,KATHY,NICKELS,881 BANBURY CT,,SIMI VALLEY,CA,77378-2420
9906038394,CATHLEEN,MCCUDDEN,538 WORTHAM RD,,CROWLEY,TX,33426-7941
106004872,DEBBIE,BURKE,6333 HANNA AVE,,FARMINGTON,NM,77373-7201
3023669,SHERI,WRIGHT,8355 DUOMO CIR,,NATICK,MA,63385-6337
61009912,MAUREEN,BROWN,1833 W 99TH ST,,UNIONVILLE,CT,78250-3154
124001835,MARGARET,RHODES,333 CARROLL ST,,WYLIE,TX,76177-8523
9904043093,MARIE,VILLARREAL,5853 ADONIS DR,,HIGHLANDS RANCH,CO,65203-5102
9937003701,BARBARA,ECKART,5565 ANGELA RD,,ROMEO,MI,32218-1157
14017197,PATRICIA,WILLIAMS,5581 CANTON ST,,GILROY,CA,98077-8260
9935022048,LARRY,DOVERS,9788 MINTON DR,,SOUTHLAKE,TX,33414-8988
9935024525,KIM,HAYNES,35 TACONIC AVE,,ARVADA,CO,48430-2545
30010138,DIANNE,HARRIS,3333 W MAIN ST,,MOXEE,WA,50023-9152
113000264,DANIELLE,NICHOLS,359 NE 18TH ST,,SUGAR LAND,TX,77429-7212
9935010337,LORI,LIKENS,8315 S QUAY CT,,FORT WORTH,TX,80138-3820
9907005982,ROBBIE,MARSH,55888 MIRO CIR,,ALLEN,TX,98513-6344
9932040774,TRACY,WOOLDRIDGE,583 HARVARD DR,,FRANKLIN,TN,92887-4727
107008442,JENNIFER,CARO,5185 TRALEE LN,,LONGMONT,CO,60010-9353
9930034499,KEN,VOGT,6317 W 75TH DR,,CASTLE ROCK,CO,92672-3706
9026856,LORI,WONG,3653 CASTLE RD,,DEERFIELD,IL,77040-6086
103005343,ROBIN,ULERY,558 FALCON TRL,,AURORA,CO,72712-4479
123004274,VALERIE,STOUGH,11511 ROMAR ST,,GRANTS PASS,OR,48451-8902
125002448,MARY,ABREGO,3 TAMARISK CIR,,SOUTHLAKE,TX,73120-4470
9917118100,MARY,CURTIN,169 TOPSIDE RD,,SAN ANTONIO,TX,78003-4097
116000116,JANET,CHURCH,5558 RADNOR RD,,SAN ANTONIO,TX,49082-9548
9904048069,PATTI,WOOD,1318 S 53TH ST,,HGHLNDS RANCH,CO,85213-5542
106011219,JOHN,SHIELDS-TODD,1639 KADOTA ST,,LEES SUMMIT,MO,07446-2326
55014435,DELORES,BRADLEY,1986 NE 3TH ST,,ORLANDO,FL,33908-6191
66005606,GAIL,KRALY,5383 SW 5TH ST,,KAYSVILLE,UT,77380-3930
77004178,MARY,DAWSON,857 N AVENUE J,,TEANECK,NJ,27530-5532
106001936,NANCY,ALDEN,3836 OREGON RD,,FRISCO,TX,76645-1603
9902015230,LORALEE,RIZO,56815 CONGO LN,,MABANK,TX,94062-1831
45011022,ELIZABETH,TRUMBLY,351 POMEROY PL,,FREMONT,CA,73099-7958
23047035,LUANN,WATSON,58163 WAYNE RD,,TEMPLE TERRACE,FL,91380-3385
9934019554,MARY,HENNE,5355 SANSON DR,,GREENWOOD VILLAGE,CO,72712-8064
9916109477,CONNIE,WIEMEYER,311 E BEECH DR,,MILL CREEK,WA,77642-7320
17072055,SHEILA,LEIGH,615 NE 71ND ST,,WESTLAKE VILLAGE,CA,75092-6968
9917117701,BOB,COHEN,355 55TH ST NE,,STILLWATER,OK,46052-1845
9902013964,KRISTA,PENNINGTON,1886 LARCO WAY,,CARMEL,IN,07463-1223
60010975,ALISA,FLESHER,1815 CUTTER DR,,FEEDING HILLS,MA,77581-6179
107004004,TARA,JONES,55913 BUDAPEST,,ARVADA,CO,06033-3242
107002206,RONDA,SLAYDEN,PSC 5 BOX 5567,,BROOMFIELD,CO,46220-5440
9917135302,ANA,THOMAS,186 PHOENIX DR,,LAREDO,TX,32082-3965
9020451,CAROLYN,GILDE,538 LINCOLN ST,,GLENDALE,AZ,82609-4624
3025381,CAROL,CHRISE,596 WILLOW AVE,,FULLERTON,CA,72632-9109
103002706,CHRISTINE,SOWARD,53316 S 3TH DR,,PARKER,CO,33418-6832
115008640,LINDA,JONES,3886 BROOKE ST,,PIEDMONT,OK,80634-9664
72006554,EMILIE,THOMPSON,1198 WATER WAY,,LOS ANGELES,CA,20136-3068
103000674,VERONICA,ALBRIGHT,58995 E LOW PL,,CENTENNIAL,CO,50323-0646
121003011,JULIE,BROWN,58636 588TH ST,,GOLDEN,CO,50138-8851
104002125,MICHELLE,RUTLEDGE,33 HOFFMANN RD,,ARLINGTON,TX,80104-5351
58010138,STANLEY,CLAYTON,15 RICHARDS RD,,NEW RIEGEL,OH,77077-3866
52020892,DARCI,GLINSMANN,558 ASHFORD DR,,WILLIAMSBURG,VA,80021-5603
122001813,DARLA,ORR,33 MESCAL LN W,,SAN ANTONIO,TX,72758-8812
14016202,CECILIA,ZWIEP,5389 MAXON TER,,LOUISVILLE,KY,90210-1019
18020286,RANDY,PARSONS,3385 CAPRA WAY,,JACKSONVILLE,IL,76116-1123
59015071,LINDA,VANOVERBORG,5638 MEDWAY DR,,RANCHO CUCAMONGA,CA,75033-7929
105006104,TRACI,CROCKETT,9955 MILL PATH,,BURLESON,TX,94583-0753
9933018970,BRENDA,DALGLEISH,35 WINDSONG DR,,MONTGOMERY,TX,01532-1447
21020004,DAVID,POOLE,5688 ALBION LN,,MAYSVILLE,KY,23220-6519
63010134,DEBBIE,BLYTHE,337 PERKINS RD,,CHATTANOOGA,TN,96349-0009
107000585,SUSAN,PETERS,3585 VERNON DR,,BOULDER,CO,33414-6376
9943052308,SHERYL,HERNANDEZ,51 BLUEBIRD RD,,SPRING,TX,27519-5505
65026098,ANDI,BRAID,35 FIRESIDE DR,,WIXOM,MI,32256-7193
123000948,AMY,LASHER,158 WOLFLY AVE,,SCHERTZ,TX,78230-2609
9917136741,JAN,PENSE,5677 VENICE LN,,ALICE,TX,93312-9405
103004535,JACQUELINE,KARM,755 N 183TH ST,,AURORA,CO,63129-6413
115007732,PAT,DECICCO,58885 S 5ST ST,,TULSA,OK,93004-4860
9917117859,LISA,IRWIN,383 PAGODA OAK,,SAN ANTONIO,TX,18974-3125
118004633,JUDY,QUINN,165 BURWICK RD,,SPRING,TX,33410-5105
4014770,STEVEN,BARKER,1368 STELLA DR,,TUCSON,AZ,80112-1430
40041982,ANN,ELMORE,8875 W OHIO PL,,MAITLAND,FL,48843-8406
61008591,GINA,BAUGHN,1156 E MAIN ST,,GRANBY,CT,63303-1332
25029481,HELEN,WATSON,8357 REGIS WAY,,WEST PALM BEACH,FL,90045-2646
40041349,LYDIA,PETERS,553 SEDONA WAY,,ORLANDO,FL,43076-9671
40040644,PAUL,CRAWFORD,17181 JARDINES,,ROCKLEDGE,FL,43551-2139
64009496,JUNE,JONES,359 55TH AVE N,,LITTLETON,MA,77546-4797
72003378,KAYE,BEAUDREAU,551 MOSHER WAY,,LOS ANGELES,CA,77573-4771
121003783,MALLORY,BOWLES,3731 MIDDLE BR,,DENVER,CO,80013-4073
49016614,SUSAN,GONZALEZ,587 JARDIN VIS,,MOORESVILLE,NC,85260-7262
40049536,LISA,ACOSTA,5833 ORTEGA ST,,APOPKA,FL,75013-3010
10020243,PAM,GLEESON,651 SW 58TH ST,,PEORIA,AZ,34731-5913
9942050747,JUDY,RICKABAUGH,58387 LEE BLVD,,BAYTOWN,TX,73099-3162
67005447,LEIGHTON,CULP,8 GOLDEN ASTER,,REISTERSTOWN,MD,43551-5406
101003614,STACEY,BURNETT,9569 SHARYN DR,,NASHVILLE,TN,43950-1042
75001539,SUSAN,VINCENT,518 DUNAWAY RD,,MURRYSVILLE,PA,90292-5282
56008379,CATHY,HARDIN,17 WILLMORE RD,,SHARON,MA,01028-2662
9943048827,KAREN,FELIX,7585 FINZEL RD,APT 100APT 703,BATON ROUGE,LA,80525-5529
105004882,HELEN,BELL,536 MCCARTY DR,,MANSFIELD,TX,22003-2243
58011978,DOREEN,MUZYKA,5885 NW 3RD ST,,BOWLING GREEN,OH,76065-5555
122003429,JEAN,KRESHEK,7555 W 95ST ST,,SAN ANTONIO,TX,33326-2363
9938024262,DOROTHY,HILLMAN,885 WOODS LOOP,,BROOMFIELD,CO,50021-5300
9942046109,KARLEE,TURNER,5668 HURON TRL,,LEAGUE CITY,TX,93063-7428
78001296,LORI,MEES,5353 N 13RD ST,,AUGUSTA,KS,91767-1963
39040507,ROXANE,MUELLER,513 WAXWOOD DR,,WELLINGTON,FL,32771-3697
65026025,JOYCE,EPTING,783 E KNOLL CT,,BRIGHTON,MI,79928-7206
52019545,SUSAN,BIRCH,15 PROSPECT ST,,CENTREVILLE,VA,28785-8202
30012311,PAT,SKINNER,5865 S 5TH AVE,,ASHLAND,MA,33418-3536
9902010853,TAMMY,HARRELL,118 E COWAN DR,,NASHVILLE,TN,91301-1608
9907018079,SARA,CARROTHERES,556 W SHORE RD,,SALT LAKE CTY,UT,77494-6366
13016602,SHARON,SMITH,1683 ELLIOT ST,,ERIE,PA,32822-9433
120003896,BROOKE,OBRIEN,7538 AVIARA DR,,BROCKPORT,NY,61282-2735
105007319,CARMEN,WHISENANT,5583 CHIRON ST,,ARLINGTON,TX,30705-8014
110004225,JULIE,CONNORS,116 GEDDINGTON,,TOLAR,TX,77505-5495
9933012554,DAWN MARIE,RAMSEY,6383 BARSKY CT,,SPRING,TX,46239-7776
9937034357,CHARO,ROY,5356 PUEBLO CT,,KELLER,TX,74133-2637
9933021504,DAWN,HENDERSON,5585 SACHSE RD,,SPRING,TX,83440-4380
58011536,MITCHELL,KIERNAN,8783 N MAY AVE,,ROSSFORD,OH,15025-1411
54015194,JANE,LAWSON,737 HOOVER AVE,,BONDURANT,IA,76034-8810
9932003373,TERESA A,HAMMOND,3736 SCENIC DR,,SPRINGFIELD,TN,81632-6052
55012549,STEPHANIE,MENKHOFF,5585 SONORA CT,,CHARLOTTE,NC,91362-1179
105004928,MARIANA,BLEKE,3851 ALCOVE LN,,WAXAHACHIE,TX,07458-1807
9941105619,KATHY,JENSEN,5966 OGRADY DR,,FORT WORTH,TX,94539-3012
26022624,NANCY,ROBERSON,57955 HIGH AVE,,GILBERT,AZ,77581-1604
9907009426,YENNY,EDWARDS,5887 AVIGON CT,,PLANO,TX,98008-4049
6045658,ALICE,HUNGATE,8518 W 56TH PL,,DANA POINT,CA,73151-9548
122002068,MARY,MURPHY,5 WATERVIEW PL,,SAN ANTONIO,TX,33036-3126
9916103238,PAT,MANUS,558 35st Ave N,,OKLAHOMA CITY,OK,50131-1237
66005555,CONNIE,GARCIA,6638 HANNAH CV,,IRVINE,CA,77092-2323
54014931,JO,GALAN,5858 TARTON LN,,VAN METER,IA,32837-7107
110001950,DORI,STROM,1616 JESSEE DR,,MINERAL WELLS,TX,93021-5017
112000620,JESSICA,ZIMA,3565 OMEGA AVE,,SPRING,TX,66208-3161
3028094,ANGEL,COAKLEY,5857 ALAQUA DR,,STOCKTON,CA,73080-4473
34016426,EVA,SHELLHORN,1189 S FM 5538,,THE WOODLANDS,TX,30290-2933
9910156202,JAYNE,GREEHEY,9115 DELANO CT,,BEEVILLE,TX,43616-4224
120002220,SUMMER,BROOKS,318 LINCOLN DR,,MONUMENT,CO,33410-3266
39040450,ELLEN,SHARPLESS,188 PHOENIX DR,,HYANNIS,MA,76053-6369
114006315,DYAN,WALKER,7381 SEIDEL RD,,MESQUITE,TX,77227-7759
104006042,DAWN,LAMKE,9835 SIERRA DR,,WILLOW PARK,TX,80121-3169
107005816,PAM,KRAFT,53 PRESCOTT ST,,ARVADA,CO,76248-2727
61007166,PEGGY,COLE,731 MATTHEW PL,,TORRINGTON,CT,46038-4444
6047267,JAMES,DUDEK,551 RETREAT PL,,SANTA ANA,CA,33458-7725
54014460,REBECCA,OLVERA,1389 SW 8TH ST,,COLUMBIA,MO,92694-0950
22020516,KRISTI,WEBB,59633 E IDA DR,,NEWARK,OH,78619-8052
72005811,,HANSEN,51573 ASTOR PL,,PLAYA VISTA,CA,78249-4852
24086896,FRANCES,NAKAMURA,56953 LORNE ST,,ALHAMBRA,CA,77382-2672
9916123909,JILL,ALEXANDER,55385 PENA WAY,,JUSTIN,TX,37076-4420
107006888,JAIME,LONG,3638 ARALIA CT,,ENGLEWOOD,CO,93454-1438
106009011,JUANITA,AMEZQUITA,5558 W CLAY ST,,ALLEN,TX,75006-6112
9917111080,LISA,TASH,185 WIEGERT RD,,SAN ANTONIO,TX,73099-3109
160022531,CINDY,GARDNER,5613 E LONG PL,,NEW PRT RCHY,FL,76087-3866
105004797,MARY,SIEGEL,93 HILL TOP RD,,WINDHAM,NH,82009-2260
9934021710,DIANA,TOUPS,3789 LAUREL LN,,AURORA,CO,80439-4935
61008947,APRIL,HUNT,3885 NILES WAY,,NORTH GRANBY,CT,92106-2012
9930008905,MELANIE,MEHLMAN,55835 GRAPE CT,,PLANO,TX,78213-2643
9912002620,BEVERLY,WENZEL,3559 MAPLE AVE,,LEAGUE CITY,TX,76016-4109
22016803,WENDY,FAVIER,8953 POCONO DR,,NEW ALBANY,OH,78266-2356
59010614,VALERIE,FRANKE,1365 MEDINA DR,,RANCHO CUCAMONGA,CA,91789-1621
9945052358,BARBARA,WELCH,5653 WILMER DR,,CORSICANA,TX,46342-5346
65025406,HELEN,JOHNSON,5658 BURNEY LN,,EAST LANSING,MI,80020-1658
9919000718,CHRISTINE,CONDELLO,13 FRANKLIN ST,,MISSOURI CITY,TX,75028-7508
59009071,MARY,CAIN,919 ELFWOOD CT,,UPLAND,CA,48317-3334
106009053,DINA,ROBERSON,5358 S ROME ST,,WHITESBORO,TX,75070-7499
69004250,IRENE,CINTAS,18795 YEATS SQ,,WINTERVILLE,NC,75633-2370
54018206,SHEILA,HALE,7513 SONORA ST,,ANKENY,IA,80602-8076
52021250,TAMMY,TSAGARIS,738 MCCLURE CT,,CLIFTON,VA,75915-5043
3028374,LORI,BRANDT,8 WORCESTER CT,,WALNUT,CA,33413-3003
112000130,LUCY,RINEBOLD,16517 JULES CT,,HOUSTON,TX,91413-1131
52016278,MARGOT,ALEXANDER,9965 ELMADA LN,,ROCKVILLE,MD,80549-2235
10017891,ANGIE,AILLESBAHN,151 DURANGO DR,,TOLLESON,AZ,66223-2957
9917117830,KAREN,BENNETT,35 TALLWOOD DR,,BOERNE,TX,77536-4247
107003986,LACEY,DOKES,788 CHAUCER CT,,ENGLEWOOD,CO,06032-3049
75001103,VARA FLETCHER,BRUNO,558 Shorely Dr,,ARKADELPHIA,AR,11746-5810
9940014416,TRACY,HART,13659 MARKS RD,,SPRING,TX,75032-7206
9913062096,SHARON,PERRY,11 SUNNINGDALE,,NAVASOTA,TX,80112-1910
45012276,MICHELLE,WILLIS,5555 OLIVER RD,,SPICEWOOD,TX,97223-7325
21235114903,JESSICA,KNIGHT,83589 KEY PASS,,JONESCHESTER,MT,62874
9943052845,LAURA,KRAMER,555 FAIRWAY DR,,BRENHAM,TX,33467-7207
52016794,PATSY,SIMPKINS,8518 LOWERY LN,,CENTREVILLE,VA,01776-2320
11018412,SHANNON,BURTON,518 SPRINGS CV,,SUNNYVALE,CA,96915-1218
106006041,LESLEY,LYONS,785 DOGWOOD ST,,ALLEN,TX,76249-0363
9917117861,SHELLY,MASON,5631 ANCHOR PL,,SAN ANTONIO,TX,77043-1326
1021493,HELEN,SAULS,8 TANNER WOODS,,FOUNTAIN VALLEY,CA,06410-1872
44012020,TARA,LARKIN,9351 S PASS RD,,SAINT LOUIS,MO,20850-5968
40048816,KHRISTINE,MILANO,157 BARBARA DR,,ORLANDO,FL,33414-4036
54014037,PEG,BIANCO,55156 DOTY AVE,,ANKENY,IA,73034-7354
107001613,LISA,HAIN,388 HARWOOD RD,,BROOMFIELD,CO,46236-8926
67004435,DIANE,DAVIS,7658 BLAIN WAY,,WESTLAKE VILLAGE,CA,78201-5907
999002852,CHARLENE,JORDAN,167 CULVIEW CT,,SOUTHLAKE,TX,78254-5616
9937014746,ROBERT,MUNOZ,885 TERRACE CT,,FRISCO,TX,78254-5543
22021648,IRINA,MCCOOK,351 NW 39TH ST,,PICKERINGTON,OH,78006-7216
40050948,PATRICIA,BARTON,8385 JASON AVE,,MERRITT IS,FL,50312-3868
60011416,ALICIA,STUART,3586 WARING ST,,ELLINGTON,CT,45177-2544
116003469,MICHELLE,NEWTON,5833 ALBERT ST,,SAN ANTONIO,TX,07470-5705
111002013,MICHELLE,GOTTHARDT,5185 BOLLE CIR,,LEAGUE CITY,TX,73012-0645
9932041368,DAWN,FIGLIOMENI,8 CHRISTAMON W,,PADUCAH,KY,85032-3453
54017820,MARY,LOMBARDI,5355 EAGLE BND,,FLORIS,IA,33404-4667
18021801,TERRI,SATTERFIELD,315 NW 38TH ST,,COATESVILLE,IN,33185-4921
61007199,TIFFANY,ANTLER,5833 LOCUST ST,,SIMSBURY,CT,93063-2831
59014234,KITTY,DARVILLE,5857 NW 6TH ST,,SAN JACINTO,CA,33436-7241
9917118089,ANDREA,ANDERSON,57 LINCOLN AVE,,SAN ANTONIO,TX,76116-9334
9934023981,CAROL,ROSE,3956 RODENE ST,,ENGLEWOOD,CO,76763837
18021151,BECKY,MAGNI,5385 SURREY CT,,CORONA,CA,77339-4905
5026412,MICKEY,SHOEMAN,5638 WESLOW CT,,ORANGEVALE,CA,12077-3237
9919012899,KATHE,ZOCK,559 CLAYTON ST,,KINGWOOD,TX,46280-1021
54018309,BRENDA,JONES,51368 W 1ND DR,,JEFFERSON,IA,76262-8205
59012041,PRISCILLA,FOURZAN,7369 SPRING DR,,RIALTO,CA,34987-1903
77002346,CATHRYN,CLEMENTS,588 MOZART WAY,,TEANECK,NJ,95747-8616
9933019279,CARYL,MORRISSEY,918 DRIVER CIR,,SPRING,TX,92656-2988
22018716,MICHELE,OBRYANT,5519 BORDER LN,,DAYTON,OH,11779-4833
39039712,NANCY,CASTILLO,7757 VICKY AVE,,GROSSE POINTE,MI,07670-1520
10020225,NICKE,BERGMAN,6976 KEECH WAY,,PEORIA,AZ,29615-4994
5025205,MICHELENE,DURRANCE,5553 SALVIA CT,,LINCOLN,CA,77384-3241
9921012344,DIANNE,STEELE,788 N MAPLE ST,,COLORADO SPRINGS,CO,75033-3838
9933008755,TRUDY,RICHARDS,9853 NW 5ST CT,,MONTGOMERY,TX,80924-2000
102000154,CLAUDIE,WILKOFF,985 HIGHWAY DD,,CYPRESS,TX,63011-5517
5026886,PATSY,EDWARDS,3359 OXHILL RD,,RENO,NV,44720-9507
9906034095,CONNIE,CLEMENTE,5311 W BRAY CT,,LITTLE ELM,TX,78104-1474
9917138746,CARMEN,RUFF,333 SUSSEX AVE,,GODDARD,KS,76065-7016
54016482,CONNIE,GRUBBS,3581 DAMSEL CT,,HAMPTON,IA,80127-2963
3024750,SARAH,BURT,318 REMBERT CT,,LA MIRADA,CA,50323-2224
40051532,KALI,BOYLE,19 DELANO PARK,,ORLANDO,FL,07607-2030
9917117230,DEBRA,JONES,55588 KAREN DR,,SAN ANTONIO,TX,43502-9394
3025364,LYDIA,KUPFERNAGEL,6355 GOALBY DR,,WHITTIER,CA,77306-5658
9943042187,TONJA,OWEN,1589 KEMPER DR,,CYPRESS,TX,75159-5434
40039311,CLAUDIA,FOX,3811 CHAPEL CT,,MINNEOLA,FL,80109-3635
62018343,DAWN,THOMAS,6 ELIZABETH ST,,ROSWELL,GA,94304-2402
70000462,CHERI,MYRICK,5518 HIDDEN CT,,HILLSBORO,OR,98684-0732
63010850,ROXY,SOKOL,58 PERSHING ST,,JACKSONVILLE,FL,75033-0233
116003370,CARLA,TORRES,6715 ALCOVE LN,,SCHERTZ,TX,36532-1243
71007600,PAM,BIENFAIT,7185 MILTON LN,,SUN VALLEY,CA,92618-3914
47016392,SUSAN,SALEH,583 VINCENT DR,,MADISON,IN,92677-9330
9936028646,RUTH,FAHLSING,5656 WALLA AVE,,MIDLOTHIAN,TX,95127-4442
3023620,MICHELLE,OCONNELL,53877 CEDAR LN,,WALNUT,CA,90291-5625
9919007671,SUSAN,CARTER,751 S LOBIT ST,,BAYTOWN,TX,20109-3324
33019151,SHARON,HAMMOND,58376 MATEO CT,,ALPHARETTA,GA,33935-0604
60010148,BRIDGETT,SMILEY,7615 PLAID CIR,,BOLTON,CT,32607-3256
27018377,JAN,WOOLSEY,5388 GEYSER CT,,SAINT CHARLES,MO,48161-0360
5027072,JUDIE,GONZALES,8559 FERRIS DR,,CITRUS HEIGHTS,CA,75495-1759
9923007928,CAMELLIA,DAVIS,113 OAKWOOD ST,,SAN ANTONIO,TX,75028-7609
116003342,AMY,TAYLOR,3 PINEHILL WAY,,FLORESVILLE,TX,77356-8119
53013970,GAIL,EDMISTEN,568 NE 33RD CT,,PORTLAND,OR,75041-5103
54016369,SANDRA,PATE,5553 SPERRY DR,,JOHNSTON,IA,73118-1010
78001309,HANNA,PALANCA,5 FAIRCHILD RD,,BOKOSHE,OK,06029-3633
120004975,MICHELLE,YOUNG,5156 KNAPPS CT,,ROUND ROCK,TX,76028-1643
9914014501,JEANNE,JACKSON,1533 RADNOR CT,,FRIENDSWOOD,TX,93063-1091
9942050859,CHRISTIE,MCCRACKEN,5835 W 36TH ST,,FRIENDSWOOD,TX,80232-7087
77003959,SANDY,SHORT,3365 CIELO TRL,,EMERSON,NJ,51442-1135
9935024769,KARIN,MARRERO,1359 DAPHNE PL,,SOUTHLAKE,TX,37146-7000
60011327,TOM,ACOSTA,135 CARGILE LN,,WEST SIMSBURY,CT,80016-2308
115001987,DENISE,BARBIERI,58819 BEACH ST,,OKLAHOMA CITY,OK,91364-4858
53013082,ANNA,RICHTER,3589 RANKIN RD,,PORTLAND,OR,77055-4114
78002916,JUDY,HOLSCLAW,5588 CANTON CT,,BRANSON,MO,93065-6772
115001331,LEANNE,HERNANDEZ,773 JOSEPH CIR,,NORMAN,OK,77384-3828
18017918,KAM,CRAWFORD,7567 CHANEY CT,,CARMEL,IN,37043-6738
9919005388,KELLIE,BLACKWELL,3385 JAMES WAY,,SWEETWATER,TX,78526-4207
77000912,SHEILA,FARROW,1983 MERCER LN,,RIVER EDGE,NJ,97229-6278
9923004918,BERNADETTE,RAMIREZ,973 AUDUBON PL,,HELOTES,TX,75951-3404
9020836,RITA,MARION,559 VINCENT DR,,CAVE CREEK,AZ,45872-1348
9932039122,DONNA,DAWSON,33 COVENTRY LN,,HERMITAGE,TN,76065-0312
9917140191,BARBARA,SMITH,518 N ROSS AVE,,NEW BRAUNFELS,TX,75025-3831
9944001503,KIM,MCGRATH,359 DAVIS ST N,,FRISCO,TX,91311-5525
9941011870,JANET,SCIACCA,5955 FLINT OAK,,TOWSON,MD,33408-3805
58011067,ERIN,HANSSON,8386 HUDSON DR,,TOLEDO,OH,12545-1537
44009977,EILEEN,SALINAS,593 AUGUSTA DR,,SAINT LOUIS,MO,83651-8333
9941104796,CHERI,PERRINO,3555 BLOOMDALE,,BEDFORD,TX,98513-8913
9934007408,LISA,RADATZ,7311 ROYAL CIR,,TUCSON,AZ,77478-4433
9919017221,SCARLETT,FULCHER,586 E FRONT ST,,LAKE MARY,FL,77373-3131
9942046931,LESLEY,HRABAL,185 ALABAMA RD,,LA PORTE,TX,75114-4408
9917139287,KERRI,FLETCHER,3781 SPRING LN,,CAROLINA,PR,78028-4005
9912007273,COLLEEN,HENDRYX,7985 ANCHOR ST,,PEARLAND,TX,98003-4104
40038618,AMY,CHAMBERS,198 PEARSON LN,,LONGWOOD,FL,32256-2879
63011700,LISA,BRACKNEY,1558 WICKES RD,,NORTHBOROUGH,MA,07624-2605
31018022,LACORA,DAVIES,3757 RAVEN RUN,,HOLLY SPRINGS,NC,01749-1516
9938016773,LORI,PARISH,3353 MERCER ST,,ARVADA,CO,46952-8574
9936023023,JOAN,HUEGERICH,738 W GLEN WAY,,KERRVILLE,TX,80403-7774
40040910,LUCIANA,KELLEY,5815 N 75ST ST,,HOLLISTON,MA,78204-2413
110003570,KEN,GARRISON,3557 CONRAD DR,,AZLE,TX,49829-9407
121002857,GILIT,RILES,3889 ANGELA DR,,GOLDEN,CO,75002-8641
9933003482,XIAO,BURGESS,51 WESTWOOD DR,,HOUSTON,TX,43465-1225
9942044215,GARY,BRYANT,3356 QUAIL TRL,,LEAGUE CITY,TX,80917-4422
9945059957,LESLIE,HEEKIN,5713 DECKER DR,,ITALY,TX,91360-1750
107000061,PATI,KILGORE,3558 FLORAL DR,,FORT COLLINS,CO,34990-4247
9917129106,LISA,HARRISON,1633 INDIGO DR,,GLADEWATER,TX,33991-2806
75000611,KIM,FRACTOR,858 MANZANO DR,,BENTONVILLE,AR,32226-2049
22019841,DEBBIE,HOUGHTON,385 NW 53TH ST,,WESTERVILLE,OH,48197-2825
112000993,JACKIE,MCCOY,551 S EVANS ST,,SPRING,TX,33437-6609
38036516,JILL,LOCEY,115 ORCHARD PT,,STERLING HEIGHTS,MI,76028-8433
65025532,PENNY,BREIDENBACH,5858 5TH AVE N,,SAINT JOSEPH,MI,77007-1144
77000337,CHRISTINE,WOLFE,7178 VENOSA PL,,PEORIA,IL,75150-7713
21016992,KATHY,FOX,138 CALLE LUNA,,LAKE WORTH,FL,92656-2671
9930033147,LYN,PEDERSEN,5787 ALMOND DR,,VENICE,FL,79604-9999
9937037759,SHARON,DEPRISCO,85 NEWPORT AVE,,MCKINNEY,TX,80232-6178
40043152,CLAUDIA,RICHEY,333 CATTLE RUN,,VALPARAISO,IN,32709-9406
58010508,LAURIE,VOGT,515 DEWEY BLVD,,BOWLING GREEN,OH,07508-2809
49015466,STEPHANIE,CASTILLA,1358 TRACE OAK,,CHARLOTTE,NC,77523-8319
11019954,DANIELLE,KAISER,5885 WALKER RD,,FREMONT,CA,60177-1921
18021705,MIRIAM,MOHLMAN,537 TRUDELL DR,,CHAMPAIGN,IL,75034-0012
71006666,KELLY,MARTIN,558 CLAYTON ST,,MOORPARK,CA,77083-7203
9937017304,SUSAN,GLEASON,686 WHITNEY CT,,PONTE VEDRA,FL,85248-5507
104004938,STUART,PREPCHUK,6856 N 77TH LN,,ARLINGTON,TX,77015-5039
61007130,LORI,MIRRA,319 NE 18TH PL,,AVON,CT,77382-5604
115008324,CHARLOTTE,MACK,553 OXYARD WAY,,OKLAHOMA CITY,OK,15935-6606
61010389,MARTHA,BEARD,3883 RONSON LN,,ROCKY HILL,CT,76013-1717
9940148499,JOHN,GARZA,55 BAYBERRY LN,,SAINT LOUIS,MO,78254-6197
9934033019,KATHERINE,HOUSTON,5531 ARIANA RD,,CENTENNIAL,CO,35811-1602
123000753,JAN,MCLEASTER,1185 JENKEE DR,,CROSSROADS,TX,37087-4245
123003238,PAMELA,O HARA,9736 WYLAND CT,,SAN ANTONIO,TX,92880-3928
106007839,VICTORIA,GARZA,5583 SUNSET ST,,KATY,TX,46259-6791
9923003749,TONYA,CROOK,5885 S 68TH ST,,CIBOLO,TX,90703-7339
58008141,GAEL,DONG,3585 LAREDO DR,,MASON,OH,77523-8369
6045512,LAURA,HEMMIG,717 E AGAVE PL,,SAN DIEGO,CA,76039-2210
9945057453,JANIE,RYAN,885 S PEARL ST,,PLANO,TX,33408-2259
65020365,PAMELA,VANO,8156 APOLLO DR,,BRIGHTON,MI,33912-1472
3027649,BARBARA,JOCZ,6375 W HILL LN,,LA MIRADA,CA,94592-1176
9932040387,STACY,CALEY,5783 LAUREL CT,,NASHVILLE,TN,77227-2464
110006413,BIENVENIDA,NICHOLS,58 ORSINGER HL,,FORT WORTH,TX,80004-2194
52020905,SHANNON,CONIGLIO,5188 SHARPS CT,,HERNDON,VA,29909-6141
25024634,AMANDA,KEENE,3855 WINDY WAY,,LOXAHATCHEE,FL,77327-8846
9935011072,SANDY,HOUSTON,63 WARFIELD DR,,GRAPEVINE,TX,07621-2436
2014900,JEAN,CARLISLE,558 LA VIEW RD,,BEVERLY HILLS,CA,48150-2613
85000360,TANIS,BURGIN,5538 HARBOR DR,,FORT WALTON BEACH,FL,94087-3803
9917113286,LATANYA,SANDERS,5181 S 58TH ST,,SAN ANTONIO,TX,90094-2135
9912000651,KATIE,LENTZ,813 JUDIWAY ST,,HOUSTON,TX,77056-6235
110002288,SHERRY,MAN,9138 CANTER DR,,FORNEY,TX,06074-3859
40046332,ELIZABETH,HUGHES,6333 SEAMAN RD,,ALVA,FL,93035-1805
9021529,KIM,BRANDVOLD,56 BARBARA AVE,,PHOENIX,AZ,75013-5341
23046037,SARA,TORRES,58315 SARAH ST,,LAND O LAKES,FL,29579-6444
58009548,CATHY,SMEDICK,8871 E 39TH PL,,TOLEDO,OH,76132-2019
9943056585,STEPHANIE,RITENOUR,6869 W UTAH LN,,EATON,OH,01907-1924
116001864,MARJORIE,MOSSBARGER,3886 S FORK DR,,SAN ANTONIO,TX,73717-2922
70000337,YVONNE,BAUGH,7888 W 75ST ST,,FOREST GROVE,OR,48144-9570
9910155548,MEGAN,FRYMAN,6185 FANNIN DR,,MANDEVILLE,LA,91750-1330
66003889,DELEE,RAUSCH,5856 NAYLOR ST,,NEWPORT BEACH,CA,77393-2333
59014311,ANN,SKINNER,1556 CALAIS DR,,UPLAND,CA,78130-8800
15080989,ANGELA,BUCK,588 SKYVIEW DR,,SIMI VALLEY,CA,78861-0261
9916098433,JOANN,LEBLANC,553 BAYLOR AVE,,EDMOND,OK,46076-9608
106011898,HANNAH,LANDGRAF,13 RIDGELEY ST,,ARGYLE,TX,85749-9334
78000954,ERIN,TOWNSEND,5357 SADLER RD,,BRANSON,MO,94044-3659
60011781,KAREN,FOSTER,31 FRANCIS AVE,,THOMPSON,CT,72704-9342
72005405,ADRIAN,TURNER,15 VIA JACOBEA,,LAWNDALE,CA,75218-4490
104005345,SUSAN,WILLIAMS,9635 S 37TH PL,,BEDFORD,TX,91604-5603
26022827,MELISSA,TULLO,53311 NOLAN DR,,ALBUQUERQUE,NM,80301-3651
999003325,DEB,LANDRUM,8 BEECHWOOD RD,,WESTLAKE,TX,77459-6578
9904049641,JANIS,IRUEGAS,5781 CUTTER LN,,DENVER,CO,06001-3255
68006521,SANDY,PRIETO,11615 FRIAR ST,,CARDIFF BY THE SEA,CA,76179-9136
120005628,JENNIFER,LATHAM,385 SW 53TH ST,,COLORADO SPRINGS,CO,74883-3525
58010312,LYNN,ODESKY,1355 WHALER CT,,SWANTON,OH,95648-8245
9923010217,TOMMY,JOHNSON,73 SUMMERSTONE,,HENDERSON,NV,77006-6317
19025044,DIANE,MASON,357 W WATER ST,,ELGIN,IL,50265-6247
114001498,CHERLYNN,MARSHALL,3589 QUEENS DR,,GARLAND,TX,78234-1090
2015398,CINDY,GOLDEN,18688 HARDY DR,,SHERMAN OAKS,CA,75901-8872
9921000488,MARIE,WINTERS,5633 SW 3RD ST,,COLORADO SPRINGS,CO,21204-3609
39041585,NANCY,BAKER,15 CALLAHAN LN,,JUPITER,FL,77041-6599
63008425,LORI,GARRISON,595 TOPEKA AVE,,RIVIERA BEACH,FL,77089-4326
9941014728,NORMA,RICHTER,3875 CLOVER DR,,CROWLEY,TX,77025-2523
9920003978,LINDA,CHADWICK,67 LAVANDER RD,,HOUSTON,TX,06095-3729
50017954,LISA,BLIZZARD,5335 CASSON CT,,LENOX,MA,73099-9073
9936026916,ANN,BURLEY,618 QUARTZ WAY,,FORT WORTH,TX,75035-7128
9915003100,HARRYETTA,KARANASTASIS,5519 PENROD CT,,AUSTIN,TX,80005-4232
123004026,KAYLA,JASSO,1385 ADRIAN ST,,VISTA,CA,77433-3497
106008113,ANNE,WEILER,5388 BOUNDS LN,,FRISCO,TX,76244-8630
11021018,FRANCES,MISTRY,5983 CAMDEN CT,,SAN JOSE,CA,11784-1272
9943052709,KEVIN,BAILEY,33 WILLWAY AVE,,HOUSTON,TX,14420-1443
47019902,SUE,THOMAS,5358 CROCUS CT,,LOUISVILLE,KY,76116-6533
61009114,CHARLOTTE,CARTER,385 W SHORE DR,,AMHERST,NH,06903-4123
9941013995,ARIANA,RINI,51853 HEARN RD,,CASTLE PINES,CO,77546-7856
9933005698,DONNA,MEDWID,783 HEATHER DR,,MONTGOMERY,TX,78260-7812
9934020204,DARLA,FURREY,6537 W 81ND ST,,AURORA,CO,75206-8234
106010191,ARLENE,GONZALEZ,319 BRISTOL LN,,MCKINNEY,TX,76034-4862
9922001736,JANICE,SKAGGS,559 REGALIA CT,,DENVER,CO,50585-0151
9934031053,SHARON,BENNETT,5518 ROGERS ST,,PARKER,CO,94938-0089
44009421,CHRISTINA,ARROWOOD,51838 ROSE AVE,,CHESTERFIELD,MO,92673-2719
9942051622,KRISTINA,MOSTER,1753 KATIE TRL,,DALLAS,TX,06268-1526
9908009401,SHANNON,SOMERVILLE,9855 SCENIC DR,,BRIGHTON,CO,80109-3507
33018988,SHANE,SMITH,5555 LAMPLIGHT,,MARIETTA,GA,80133-1547
22019815,LOIS,FOSTER,1181 SHADY VIS,,MIAMISBURG,OH,75019-5398
9940019514,CAROLE,LEFEMINE,6535 JAFFEE CT,,LEAGUE CITY,TX,37138-1992
26024782,JEANINE,GOFF,1885 LIVSEY DR,,PHOENIX,AZ,06405-5912
106001556,VIRGINIA,MORITZ,913 HAMPTON PL,,SHERMAN,TX,46805-3541
9938014313,MARLA,BURT,3768 S POPE RD,,LAKEWOOD,CO,32233-4408
9934012908,CYNTHIA,KREUTZMAN,3885 CLOVER LN,,PARKER,CO,80112-6052
25027172,DIANE,ZOLMAN,35886 TANOA RD,,BROOKLYN,NY,67026-9203
19026513,MELINDA,ORTEGA,3585 USHANT CT,,SAINT LOUIS,MO,90638-3021
106000717,RAUL,COLEMAN,553 NEEDHAM ST,,MCKINNEY,TX,78231-2249
123003924,KATHERINE,SHEPHERD,151 OLIVERA LN,,FLORESVILLE,TX,33541-9122
22018087,LIZ,FINK,1378 LORAIN RD,,POWELL,OH,06119-1208
13017989,KAREN,JOHNSON,187 ENCINA AVE,,KNOXVILLE,TN,92691-1008
83000021,SANDRA,KUCERA,69 DELEGADO CT,,BONITA SPRINGS,FL,75454-2514
60013016,CATHLEEN,SCHARFFENBERG,915 CROWDER DR,,FARMINGTON,CT,28713-9331
33018664,DEBORAH,NELSON,165 RANGELY DR,,ALPHARETTA,GA,77096-4009
122002736,KAREN,COGAN,5318 FRENCH RD,,SAN ANGELO,TX,80130-8860
27021282,HEIDI,MCCOLLUM,93 PANORAMA DR,,HOLLYWOOD,FL,06111-5616
107006410,CINDY,BOWERS,186 TRAVOIS RD,,LONGMONT,CO,33458-8736
105001148,MARY,KOSKI,5318 ALPINE LN,,DESOTO,TX,78254-6072
9934003370,LINDA,CLAPP,613 OSBORNE DR,,COLORADO SPRINGS,CO,78253-5339
101002775,BEVERLY,COURNOYER,15885 FLECK RD,,ROCKVALE,TN,77304-1159
55007709,KELLY,CORNISH,17575 KATHY CT,,SARASOTA,FL,94568-7488
9933027457,JANET,WIDMAN,63 HILLSIDE RD,,ORLANDO,FL,80112-5983
9930029294,CYNTHIA,STEVES,355 E TODD TER,,STILLWATER,OK,34990-5679
9914017151,PAM,HARSHMAN,55 WINDING WAY,,HOUSTON,TX,75033-3149
9923004046,MELINDA,DAY,5383 HOBART ST,,SAN ANTONIO,TX,79549-4043
108000222,SHARON,PURGARIC,51 PONDSIDE DR,,NORMAN,OK,01701-3669
112000334,LAURIE,PORTER,6638 VIVIAN ST,,CROSBY,TX,07052-3681
44009424,PATRICIA,ELLIOTT,336 N SCOTT RD,,PACIFIC,MO,03301-8642
60009068,ANDREA,WESTLUND,319 COLLINS ST,,MANCHESTER,CT,46268-4285
9934028287,LOUISE,DAVIS,589 OAKWOOD DR,,COLORADO SPRINGS,CO,06052-1012
40039861,TERI,MICHALCZYK,168 HALDALE DR,,CASSELBERRY,FL,92648-6702
9914016929,DEBBIE,PORTO,15 OLD STOW RD,,HOUSTON,TX,75125-2837
9907007105,MELINDA,ODEN,175 N RIDGE RD,,FRISCO,TX,76001-7824
6042144,CINDY,KING,957 S 513TH ST,,MISSION VIEJO,CA,32259-1917
21235114906,SHAWN,MALONE,91955 GINA RUN,,WEST RICKYSIDE,RI,45653
40041899,MICHELLE,MALDONADO,1156 COOLEY PL,,MORGANTOWN,WV,06095-1662
9923002662,SHANNA,WAGNER,655 SE 6TH TER,,WHITE PLAINS,MD,62298-2900
9942042312,GINA,VOLTMANN,8858 ELDEN AVE,,LEAGUE CITY,TX,92679-3744
64007444,KAYE,BADAL,6388 LUTHER RD,,WALTHAM,MA,75025-3959
3027461,JANIE,MCKINNEY,3851 SENECA DR,,CHINO,CA,75023-6407
25028980,KAY,BROWN,5565 CREEK WAY,,JUPITER,FL,80918-2341
9933009459,LAUREN,SMITH,5717 BOGART DR,,CONROE,TX,46032-4462
9937040091,MICHELLE,MESTAS,1375 E PARK CT,,MURPHY,TX,77089-2198
6043503,SANDRA,CERCEK,187 PALANI CIR,,Redondo Beach,CA,85119-5469
106012358,MARCIE,VALENTINE,1357 S LAKE DR,,FRISCO,TX,80134-3018
9937031608,DEBBRA,TUCKER,3615 HELENE CT,,SPRING,TX,43560-8971
18019795,KIM,BARTHOLOMEW,7 WINDRIDGE ST,,BLOOMINGTON,IN,76248-8472
120002146,OLIVIA,ELROD,3 POND VIEW CT,,EL PASO,TX,80304-1328
9911007367,ELLIN,MILLYARD,55 FIELDING RD,,BURLESON,TX,92660-3931
9933030603,KIM,CAYWOOD,3785 BISCAY DR,,SPRING,TX,75034-6656
9904045959,VICKI,MINNICH,55 FOXTAIL CIR,,DENVER,CO,06001-4547
27018533,TIJEN,WIENER,33 ROSEMARY LN,,OWENSBORO,KY,77802-5363
33018144,CHARLOTTE,FONVILLE,3889 BRILLANTE,,ALPHARETTA,GA,07011-3216
9941010778,EVELYN,HEIM,58 ARBOLADO CT,,BURLESON,TX,78253-6279
63009947,JOLYNN,WILLIAMSON,575 DEZENZO LN,,FLEMING ISLAND,FL,06016-1711
6041736,CORLAN,HAWORTH,958 S MARK CIR,,SAN CLEMENTE,CA,06118-3567
69002548,MICHELLE,MCKNIGHT,589 REDONDO LN,,COLLEYVILLE,TX,60067-7369
120005789,LINDA,YALLALY,55 HARTFORD CT,,COLORADO SPRINGS,CO,80027-9594
105004840,MARTHA,MCDONALD,819 HICKORY ST,,KELLER,TX,30346-4214
18020300,SALLY,MCNEESE,1855 TRANQUILO,,INDIANAPOLIS,IN,78248-1742
24086911,MAUREEN,ZEFF,676 LA LOMA RD,,LOS ANGELES,CA,75486-0095
40040118,SHERRY,GASTAUER,3588 LESLIE DR,,GAINESVILLE,FL,78249-2056
60010893,MARY,MCFERREN,7553 CASITA DR,,VERNON ROCKVILLE,CT,65714-8706
38036636,SHELLI,CASSIDA,9883 QUAIL CIR,,GARDEN CITY,MI,78550-9008
9917114879,MARILYN,FROST,5536 VIA PAVON,,ODESSA,TX,50701-4941
121003001,DANETTE,LIEPE,358 SHAWNEE DR,,COLORADO SPRINGS,CO,80104-7927
9919003919,DANA,RANDALL,85 CENTRAL AVE,,KATY,TX,32726-7140
27022842,CATHERINE,WEINRICK,937 MCALPIN RD,,DURANGO,CO,75495-1893
9917117995,BETSY,ABBOTT,1753 W 83RD ST,,BOERNE,TX,75052-3167
72001460,ELAINE,DEWITT,55 LAKEWOOD LN,,GLENDORA,CA,75703-5750
111001245,DIANE,ROEHRIG,51 CARMELO RD,,ANAHUAC,TX,65810-1565
61009366,KAREN,PHILLIPS,35-83 MOSS RD,,GRANBY,CT,37801-9504
9941014498,ARLEEN,BUTTS,555 MERROW RD,,BENBROOK,TX,75006-4844
9913060580,TAMI,MCCORD,5639 MARIE DR,,SPRING,TX,75002-5454
114003537,NANCY,OBRIEN,3535 KATIE LN,,Dallas,TX,81632-4209
52021299,ALICIA,WALLACE,155 FULTON ST,,ROANOKE,VA,75052-4343
9903032908,DANA,BRYCE,15 WARREN AVE,,SPRING,TX,75075-8566
9935027483,DOLORES,DRESSER,3 CAMPBELL RD,,FORT WORTH,TX,80227-2888
9932038601,JENNIFER,ESPINOZA,556 LATIGO LN,,FAIRVIEW,TN,75082-2722
121002394,ELAINE,LARUE,PO BOX 593775,,LAKEWOOD,CO,34714-8910
38038891,THERESA,STEADMAN,15935 HOPI LN,,FENTON,MI,80007-7874
52016195,KATHY,TABET,363 ALISA AVE,,GOLDVEIN,VA,85737-8606
9945060324,CHRISTY,BOULAIS,573 HARLEY DR,,GREENVILLE,TX,01073-9442
9901039868,CLAIR,MCKINNEL,687 SEAWAY DR,,ARLINGTON,TX,72631-5311
9905015392,KYLA,MATTHEWS,588 SECKAR RD,,FORT WORTH,TX,33455-7923
9908006442,VICTORIA,ECKARDT,53718 N FM 36,,LONGMONT,CO,97138-4810
9923005136,KATHY,BURNLEY,535 WATERWOOD,,MCALLEN,TX,92625-2080
58011770,SUE,WALTERS,PO BOX 965885,,BOWLING GREEN,OH,06001-4111
3028647,MARIA,RUDISILL,3579 DANNY DR,,FULLERTON,CA,61114-5533
9921010573,JOYCE,MUSGRAVE,58858 WEBB LN,,MONUMENT,CO,47334-9354
9934014716,SUSAN,WATTS,653 CHURCH ST,,HGHLNDS RANCH,CO,95120-5808
9933020367,LOIS,LUEPNITZ,5681 BEALL ST,,CONROE,TX,76476-0214
52019166,LISA,RICE,5588 APPLE DR,,CLIFTON,VA,27006-7014
9904049244,CHRISTI,SMITH,6951 ANDRE DR,,CASTLE ROCK,CO,77705-4635
18020299,CHRISTIE,SNELLGROVE,5835 ARROW LN,,MOORESVILLE,IN,55304-2575
9923006303,KATHY,DAVISSON,63 WEBSTER RD,,BOERNE,TX,97006-7777
31015862,MARLENE,CHAPMAN,5153 CINDY LN,,CARY,NC,76179-3052
25026220,BERNADETTE,KISHNER,66 HEWITT AVE,,LAKE WORTH,FL,92877-0134
9903001519,RENEE,SMITH,55 MEDFORD ST,,SPRING,TX,76051-6287
63010084,JESSIE,SHUEY,55815 VOSE ST,,FLEMING ISLAND,FL,95020-6318
9923000681,ALLISON,CARLIN,PO BOX 318535,,BOERNE,TX,80138-8706
53011781,COURTNEY,HOWARD,88 ATWATER RD,,GRANTS PASS,OR,77386-2873
115008320,MARTHA,WHITEHEART,PO BOX 358535,,STILLWATER,OK,80003-3970
83000759,JUDY,ZACHARY,538 SUNRAY CT,,N FT MYERS,FL,76210-1721
2013250,TRISH,SALERNO,53 TOBACCO RD,,BEVERLY HILLS,CA,75209-3121
107007507,SHERYL,SHERLING,781 LUPINE DR,,BAILEY,CO,73047-0041
75001331,CAROL A,STOCKTON,316 HARSEN RD,,ROGERS,AR,79604-9999
40043135,RYAN,GUNN,658 RILEY AVE,,MARIETTA,GA,91780-3143
9935007415,DIANA,MORGAN,7585 AVERY RD,,GARLAND,TX,62959-7639
107004328,KATIE,GARCIA,5858 WELCH ST,,NIWOT,CO,30062-8719
9912005405,VERONICA,FELT,3785 HOBBS RD,,SANTA FE,TX,76065-8704
18019943,LEIGH,ADKINS,885 JOLIET PL,,CARMEL,IN,80232-5803
9936028899,JOANNE,HIGGINS,539 BERGEN ST,,WAXAHACHIE,TX,92024-5526
25029355,ALICIA,ATTEBERY,3886 QUITA CT,,BELLE GLADE,FL,46818-9696
7014392,EVA,DENISON,8565 UTAH AVE,,COSTA MESA,CA,76248-8444
114004518,JANINE,KLINE,586 DAISY AVE,,LITTLE ELM,TX,52748-2519
11020983,KATHLEEN,YESNER,16 TEANECK RD,,SANTA CLARA,CA,80015-7518
39031229,LANA,DASILVA,1985 556TH ST,,MARLBORO,NY,80128-5479
26021084,CATHY,WURTH,1898 BOGIE DR,,CHANDLER,AZ,01748-2100
2015195,MICHELLE,GARCIA,11855 HALE RD,,TOLUCA LAKE,CA,60126-3476
9916108976,PENNI,PEDERSON,PO BOX 368963,,OKLAHOMA CITY,OK,75052-2528
15081703,SHERRYL,KAUFMAN,18 REGENCY LN,,VAN NUYS,CA,77040-2823
9922003716,PAM,LAUPER,553 E 19TH ST,,LITTLETON,CO,77879-3344
118002627,LEE,DEHAAN,558 FOREST PL,,HOUSTON,TX,75703-9284
102003392,LORRAINE,BRADY,556 LOOMIS ST,,MONTGOMERY,TX,77573-1769
60013620,TRACY,SCHAAF,57386 LULL ST,,WETHERSFIELD,CT,80015-3029
124004473,RHONDA,MOONEY,185 BREED AVE,,HUMBLE,TX,75023-3600
54017123,LINDA,SCHOENEBERG,5186 S 3TH ST,,GRIMES,IA,73120-6002
40044350,CONNIE,ESCOBAR,PO BOX 531333,,MELBOURNE,FL,32082-4393
71003323,CAROLINE,ELY,589 N MILL ST,,SIMI VALLEY,CA,94025-2025
9907011222,JANET,SMITH,585 MACHEN DR,,SARATOGA,CA,77340-2146
40047209,TROY,MCCOURTNEY,357 VIA PRESA,,PEMBROKE PINES,FL,07661-1239
40043544,AUDREY,RODNEY,385 59TH ST N,,OKATIE,SC,33467-8746
71003406,SUNITA,CASABURO,58 DAILEY CIR,,SIMI VALLEY,CA,50023-9106
101003590,KATHERINE,FLORES,53583 MORO CT,,HERMITAGE,TN,91320-3570
9932040491,DONNA,PALMER,5513 BREAM DR,,NASHVILLE,TN,76248-4051
22021438,KYM,MOWERS,559 LUMBER ST,,HILLIARD,OH,94061-3711
58009927,JOYCE,SPRINGER,385 COLONY DR,,WALBRIDGE,OH,78232-4245
9923001512,JENNIFER,DUGAN,5819 JASON ST,,SAN ANTONIO,TX,80005-4776
52017328,JANICE,GONZALEZ,6683 RALLY RD,,CENTREVILLE,VA,85743-8355
47018366,KATHY,EDMUNDSON,853 VALLEY CT,,GOSHEN,KY,75068-2255
40050201,LAURA,ORTEGA,39 CLINTON ST,,ROCKLEDGE,FL,32750-3977
25027426,DEAN,MITCHELL,5356 PECOS DR,,WEST PALM BEACH,FL,90720-3971
70002888,DONNA,SPIEGEL,PO BOX 635333,,BEAVERTON,OR,79912-4883
17071422,KATE,COLLINS,5115 STONE LN,,CALABASAS,CA,33418-4642
9936019951,CRISTINA,VIA,18858 GLEN CV,,ARLINGTON,TX,75019-3248
77003169,LINDA,HORN,535 LAUREL ST,,PARAMUS,NJ,77025-3605
9911006639,JUDY,WATSON,8836 LYNCH LN,,COMMERCE TWP,MI,92373-6525
60012688,JENNIFER,STARK,3868 DRAKE CT,,MANCHESTER,CT,01075-2322
9903000404,LAURA,AGUILAR,19 ROBERTS RD,,SPRING,TX,73044-8773
121003010,PATSY,SAUER,753 TACOMA DR,,LAKEWOOD,CO,76542-1864
106011792,CLARISSA,DAWSON,13816 SONOITA,,FRISCO,TX,60089-7715
107005399,PHYLLIS,FITZGERALD,673 S YORK ST,,BROOMFIELD,CO,92078-4143
9915063899,KAREN,LAWLER,35 S MEADE ST,,SACHSE,TX,33414-8976
9914017136,SHARON,HALLOCK,538 TIMBER LN,,HOUSTON,TX,73170-5754
9904046543,JULIE,HAILEY,PO BOX 155513,,LITTLETON,CO,43026-1031
9911005130,CINDY,HOWARD,511 E DIAZ ST,,BENBROOK,TX,33410-2265
47017579,HARVEY,AMOROSSO,9538 FUREY RD,,TAYLORSVILLE,KY,31088-1182
9917109185,KIMBERLY,STORTI,389 N 58TH ST,,SAN ANTONIO,TX,98466-2936
9922003360,SHARI,HIBLER,1689 RANCH RD,,PALM SPRINGS,CA,92336-4557
78003615,CARLA,BURCH,PO BOX 165533,,KANSAS CITY,MO,75023-1012
53012519,DARCEY,FLORES,55581 PALM DR,,PORTLAND,OR,93405-7878
51010972,AMY,WISHTISCHIN,18 SIMPSON DR,,ROCKWALL,TX,07628-1915
22019666,CAROL,BEVANS,6 WESTGATE LN,,WARNER ROBINS,GA,80104-5245
9936014682,LAURAN,COOK,716 ASTER TRL,,ARLINGTON,TX,92021-1318
103005842,ALLISON,KING,61A INWOOD RD,,SEDALIA,CO,43081-8667
63006010,ALEX,GENTRY,1519 MANGO CT,,PONTE VEDRA BEACH,FL,33475-0375
32011532,MI,MYERS,189 HARBOR DR,,BLUFFTON,IN,32259-7276
3028267,LINDA,CICHOWITZ,1788 HELEN LN,,YORBA LINDA,CA,48356-1615
9933002232,MACY,FRIED,718 ALBERT ST,,CONROE,TX,77384-3365
8007961,KRISTY,ELLINGTON,535 9TH ST SW,,APO,AE,40067-7645
9904041414,RANDY,YOUNG,9958 OMENA CT,,ENGLEWOOD,CO,98324-1113
9916123632,MADELINE,MOLLOY,77 CRICKET RD,,OKLAHOMA CITY,OK,01760-4017
115001978,KATHY,BACH,7878 ULTRA DR,,EDMOND,OK,92692-1558
78002587,LAURIE,MITCHELL,386 FRETTE DR,,JANESVILLE,WI,47201-8671
51014199,KAREN,JACKSON,PO BOX 539558,,METAIRIE,LA,95648-2984
17071661,KELLY,VANNATTA,118 PAMELA DR,,WESTLAKE VILLAGE,CA,43615-2214
32012108,JENNIFER,KUKOL,15 BALDWIN RD,,MISHAWAKA,IN,48161-9762
17071212,ANITA,BROWN,5651 OBARA CT,,NEWBURY PARK,CA,80833-9722
24091372,BARBARA,HART,5813 ANSON DR,,ENCINITAS,CA,91304-6101
9919015334,HEIDI,JOHNSON,358 DARTON DR,,HUNTSVILLE,TX,43537-8962
103000844,SUSAN,WICKSTANDT,3818 BASIL DR,,CASTLE ROCK,CO,46268-3210
7016642,MALINDA,GRUBER,58 COLONY WAY,,SAN CLEMENTE,CA,92234-1449
9934001480,YOLANDA,JANETZKE,15186 SKYE DR,,SEDALIA,CO,62285-3651
122003656,KATHERINE,MOORE,9387 STARK RD,,SAN ANTONIO,TX,33411-5165
66003231,CHERI,MCCORD,585 ORANGE LN,,LAGUNA HILLS,CA,78221-5367
9943056030,TRACEY,AUFSEESER,83 SMALLEY RD,,HUMBLE,TX,78624-4114
18018574,HELEN,CHANCELLOR,5151 ESSEX DR,,FAIRMOUNT,IN,18925-1256
9932037368,JIMI,DEW,519 SATINWOOD,,BRENTWOOD,TN,78227-4347
9020475,SUSAN,MYERS,PO BOX 555587,,PHOENIX,AZ,75015-5107
9934036295,ANGELA,SCHUCHART,1515 ASPEN DR,,RICHMOND,VA,6117
18017436,DOMENIQUE,MEYERS,153 W DEB CIR,,ANDERSON,IN,75081-3006
19028829,NATALIE,BISSANI,7987 RASOR DR,,SCHAUMBURG,IL,78231-1912
4012273,KRISTA,REIGHARD,365 TAPPAN RD,,RANCHO PALOS VERDES,CA,19344-9727
9916112459,CARMEN,BELK,683 TURTLE HL,,OKLAHOMA CITY,OK,90045-2748
9934029142,LAURA,FERGUSON,PO BOX 855383,,CASTLE ROCK,CO,33076-1918
9937003919,ELIZABETH,PFEIFER,853 FATHOM CT,,CARROLLTON,TX,77386-3970
63005507,MARA,GARLAND,5851 AYRSHIRE,,BLUFFTON,SC,80007-7664
45010141,MARY,ADCOCK,1185 MOSS AVE,,SAN FRANCISCO,CA,85139-6816
9935018338,LILA,GORDY,518 W 38TH ST,,BENTONVILLE,AR,42001-5395
9918102690,PAM,WILEY,1367 WOLF RUN,,KERRVILLE,TX,46077-1806
39035905,AMBER,ROSS,5388 W 1ND ST,,WEST PALM BEACH,FL,80919-3839
120004358,MELISSA,PROST,5785 N OAK DR,,ROUND ROCK,TX,60004-4564
64006505,MARISSA,GARRETT,586 TARTAN ST,,PASADENA,MD,76051-7332
116001810,MELANIE OR BRIAN,GREGORY,8 WESTLAKE DR,,SEGUIN,TX,75146-5926
70002171,CONNI,GEARHART,5315 REGAL CT,,PORTLAND,OR,76092-2618
9911000570,ROSE,STEVENS,5619 TABOR CT,,BLOSSOM,TX,76034-5698
9933004993,BETH,COFFEY,3855 AVENUE X,,NEW BRAUNFELS,TX,77505-4339
24085661,KATHRINE,FEHR,515 QUAIL RUN,,LA CANADA FLINTRIDGE,CA,92620-1873
9923010677,NIKKI,BOAT,56 BIGWOOD LN,,COMFORT,TX,77386-3398
75001307,MELISSA,STOKES,363 NAVAJO LN,,ROGERS,AR,76264-2785
39038394,MARY,DERRA,33 SKYLARK ST,,PALM BEACH GARDENS,FL,76950-0117
9938022047,DEBBIE,GARRISON,93 WEBSTER RD,,LONGMONT,CO,80027-8331
44009858,ALICE,DEKONING,3338 S FM 188,,SAINT LOUIS,MO,95648-2823
25023831,LYNN,SCHROTENBOER,355 GORDEN DR,,BEVERLY,MA,37212-3609
115000511,ANNA,DEITZ,187 SHEFFIELD,,OKLAHOMA CITY,OK,73120-8032
6042182,LORI,LEWIS,63 WICKHAM DR,,SPRING VALLEY,CA,77479-5809
59015040,PAMELA,VANWIERINGEN,1 ELLRIDGE PL,,RANCHO CUCAMONGA,CA,46062-8357
66001746,SANDY,REYES,358 RUSTIC DR,,IRVINE,CA,78130-6635
58011610,MICHAEL,DESJARDINS,1361 STONE RD,,FAYETTE,OH,77356-5233
47020190,LISA,BALLEW,6835 PALM AVE,,SEYMOUR,TN,74902-3313
9933028714,ANGELA,DUCK,5 FRANKLIN CT,,HUNTSVILLE,TX,75098-6592
23042601,TIFFANY,MARTIN,58 NIBLICK LN,,DANA POINT,CA,32003-7783
9907042314,STACEY,FRANCESE,3 ROBBINS CIR,,LAFAYETTE,LA,73127-3020
9910153902,DAWN,HEIL,989 S 16TH ST,,IUKA,MS,06441-4443
9911112121,GLENDA,FALL,5735 RIVER RD,,SPRINGTOWN,TX,34974-5710
105005120,ROSE,LEARNED,17 DRESDEN PL,,CLEBURNE,TX,80920-7027
9917112159,ANNIE,PERRONE,5189 RANCH CT,,SAN ANTONIO,TX,75230-2839
9907014804,FRANCINE,JORDAN,7553 JAOUL PT,,MCKINNEY,TX,76066-3831
9917135904,ANGELA,CROFT,35 STONE XING,,FORT WORTH,TX,77382-1215
9936016324,PENNY,INGLE,88713 TEAL RD,,MANSFIELD,TX,78043-4239
103005505,SHELLEY,GREEN,118 GARNER DR,,HIGHLANDS RANCH,CO,85377-2102
55009850,NACHAELE,PEREIRA,1163 RIVER RD,,EAST AURORA,NY,91304-5445
78002501,BARBIE,BLAKE,588 MORRIS CT,,SPRINGFIELD,MO,73114-3546
9916117676,HUGH,GOLDSTEIN,6583 ZANG CIR,,EDMOND,OK,90024-6038
61007537,CHRISTINE,EASON,99 HUDSON AVE,,WESTFIELD,MA,07463-2205
111003963,BARBARA,HUBBARD,1388 RIVER RD,,LA PORTE,TX,45342-2639
107003594,MICHELE,MIDDLETON,783 LILAC AVE,,ROANOKE,TX,77205-0326
120000152,DONNA,VOGTNILSEN,18 ROCKLYN DR,,COLORADO SPGS,CO,76433-0110
33017676,SUSANNE,BLAKE,13 SCOTT LOOP,,TUCKER,GA,37087-3502
22020058,KRISTINA,MITCHELL,35 MIDLOTHIAN,,PROCTORVILLE,OH,78023-4470
103003958,RAINA,PIA,1158 36TH AVE,,PARKER,CO,92024-3046
9917131888,NANCY,MEL,19 SPRUCE AVE,,SAN ANTONIO,TX,98625-9781
52019555,PATRICIA,MARTIN,387 LAXTON CT,,OAKTON,VA,91605-4008
120005512,WENDY,GRANNAN,5387 DORAL CT,,COLORADO SPRINGS,CO,76092-5944
9916102047,CARLY,JORDAN,1389 SETON ST,,ALTUS,OK,06237-1127
45011369,CHRISTINA,BRISTOL,7 DEMOLINO DR,,WILLIAMSBURG,VA,93011-0112
39039072,CINDY,LOMBARDI,5756 BAKER DR,,PARKLAND,FL,76088-8731
115005605,LEIGH,KIDD,581 DANCER LN,,OKLAHOMA CITY,OK,34209-4843
9913061776,LYNNE,WRIGHT,958 AMANDA DR,,BEAUMONT,TX,77346-1767
54015857,LEAH,BOSS,1333 SABLE DR,,WEST DES MOINES,IA,34997-7905
6042657,JUNE,SCOTT,388 GENIAL CT,,TRABUCO CANYON,CA,44202-9000
52018975,PAULINE,BEAVERS,PO BOX 868155,,HERNDON,VA,79529-0156
52022393,TAMMY,KAMINER,531 VERNON ST,,DALLAS,TX,94123-3039
9919016915,DEBBIE,OTTO,5339 ASHER DR,,SEALY,TX,33449-8621
18020503,CECILIA,SMITH,3655 LUPIN PL,,INDIANAPOLIS,IN,75201-5202
9905020536,KATHLEEN,GLASS,5353 DOYAL DR,,SOUTHLAKE,TX,37830-3925
58012252,NETA,DAILEY,3855 LOCKE CT,,FINDLAY,OH,80439-7965
74000745,CHARLSEY,CAMPOS,381 S BASS ST,,MONROE,MI,01545-2336
110001019,LAURIE,TILLMAN,585 TURNER RD,,CLEBURNE,TX,95076-2917
9934033961,MOIRA,HENDON,3985 AVENUE A,,LONGMONT,CO,76087-5324
59009278,JAN,DEATON,556 BOISE WAY,,DOUGLASVILLE,GA,84107-7548
22020928,KRISTI,LOPEZ,155 WALNUT ST,,BALTIMORE,OH,02643-1088
115002596,TINA,BAMBER,185 LOVELY ST,,EDMOND,OK,80113-7113
60011864,KATHRYN,SVOREC,516 ADOBE CIR,,SPRINGFIELD,MA,46278-1587
107007317,DENISE,LEMIEUX,99 PARSONS DR,,ERIE,CO,77007-5863
71003346,DEEPA,COPELAND,68 ROLLING LN,,MOORPARK,CA,33467-7759
60010234,SHERRI,WASMAN,1158 W 5588 S,,LONGMEADOW,MA,76092-7304
9923006656,MARCIA,SMITH,369 REMINGTON,,TULSA,OK,46819-2314
9945058611,PAM,MAURY,378 ANGLER DR,,ROYSE CITY,TX,43119-8315
63004269,MARIANNE,MCCONNELL,5385 KISOR DR,,PALM COAST,FL,76248-5739
35019731,SHARON,SHERRICK,6633 PIKES LN,,BOLINGBROOK,IL,72034-8265
9915071077,BRYAN,LINDELL,6888 MOORE CT,,DALLAS,TX,75189-3483
31018477,LINDA,BRADLEY,889 MELODY LN,,ROPER,NC,52411-7701
115001248,GAYE,LAGUARDIA,5685 VILLA CT,,YUKON,OK,43616-2213
106010743,ARLESS,NELSON,931 AUSTIN CT,,POTTSBORO,TX,33063-2247
9935004145,LINDA,MONDAY,16 KAUFMAN DR,,ROANOKE,TX,02127-4347
61010107,CHARLENE,SMITH,5538 LARCH CT,,MERIDEN,CT,95035-2950
68002446,TERRI,CRAVENS,1115 SUMAC DR,,SAN DIEGO,CA,75025-6091
106011910,MARY,JOHNSON,58 LEONARD ST,,FLOWER MOUND,TX,80133-1481
9945063023,NANCY,WHITE,13756 SURF CV,,HASKELL,TX,77573-3909
103006051,KATHLEEN,STUECKER,3185 LAGG AVE,,COLORADO SPRINGS,CO,50131-8733
30010984,LESLIE,HILLYARD,1651 3RD ST N,,SHORELINE,WA,80134-3519
46020337,LARA,EMERICH,385 APACHE LN,,FRAMINGHAM,MA,43119-8025
44010148,MELODY,BURNS,887 ROSINE ST,,CHESTERFIELD,MO,75201-5968
9934031369,ANN,POLK,889 ASHLEY DR,,BROOMFIELD,CO,85308-2614
104001130,GLENDA,SCALISE,1897 BRICE CT,,FORT WORTH,TX,30097-1730
14016387,TERESA,MITCHELL,88 CAJEPUT DR,,ALGONQUIN,IL,74804-1811
120000872,SHAWNA,HOROWITZ,155 TAYLOR DR,,WARWICK,RI,80920-4809
9923001090,EDNA,SKIDMORE,16 OLD OAK CT,,BIXBY,OK,78064-1504
19025047,CONNIE,ADAMSKI,6375 TULIP LN,,ELK GROVE VILLAGE,IL,75230-4148
58011694,SIDNEY,BECK,3555 GROVE RD,,WALBRIDGE,OH,76060-2850
104005058,MICHELLE,THORNTON,53696 BOYD LN,,FORT WORTH,TX,30004-8095
15079398,TOM,HENRY,1833 HUBER DR,,CHATSWORTH,CA,92705-2641
9933028951,MARGUARITE,MITCHELL,6756 HILLS DR,,NEW CANEY,TX,77356-0433
125000219,MARGUERITE,WILLIAMS,653 FABER AVE,,SAN ANGELO,TX,77532-6339
18021186,ANN,ADNSON,197 BENTON RD,,CARMEL,IN,75044-2005
65021307,SHARON,HINSON,583 HAZEL AVE,,WIXOM,MI,92646-4913
44009264,MICHELLE,WARD,8577 MOORE RD,,GLENCOE,MO,33411-6148
9919023152,TERRI,PETERSEN,988 SATURN DR,,ORLANDO,FL,73116-1812
9917126382,VICKIE,SWANSON,5583 N 5ST ST,,SPRINGHILL,LA,92691-4425
9932007533,DORIS,GOFF,539 S PARK DR,,NASHVILLE,TN,92646-2645
63008512,ANGIE,HUNT,5855 S JAY CT,,SOUTHPORT,NC,76063-3811
61006688,MARIVEL,SANDEFUR,133 E GRIM LN,,MONROE,CT,46143-8772
111003715,MELANIE,FLYNN,185 YAGER AVE,,GALVESTON,TX,65802-5853
9926000160,JULIA,HUNTLEY,556 HOLLIE DR,,WYLIE,TX,85023-3582
26024112,DEBORAH,MCARTHUR,17 WINDHAM DR,,CHANDLER,AZ,78249-1443
9941016064,TRISHA,WITTER,PO BOX 538733,,SOUTHLAKE,TX,77433-4639
104000331,JANE,DRAKE,PO BOX 335898,,BEDFORD,TX,73034-8447
6046084,KATHRYN,CHRISTAKIS,3813 MARCH DR,,MODESTO,CA,85719-5622
19029695,BARBRA,WILLARD,155 JULIAN ST,,ORFORDVILLE,WI,77505-4229
115007417,PAIGE,EWALD,55561 ROCK RD,,OKLAHOMA CITY,OK,77407-1975
120002887,ANN,HILL,6135 DRAKE ST,,COLORADO SPRINGS,CO,76049-4154
9938006453,DARLENE,NICHOLS,PO BOX 538886,,MONUMENT,CO,77062-2136
106007899,LORI,HANNA,6385 AHNEE DR,,OKLAHOMA CITY,OK,32312-1309
9909168377,SHERYL,STEPPIG,883 TIMBER LN,,PASADENA,TX,76626-0011
9906037595,CYNTHIA,NORRIS,7953 RASOR DR,,CEDAR HILL,TX,73023-2225
60011655,DEBBIE,ADAMSON,5988 MESA AVE,,EAST LONGMEADOW,MA,77426-6260
9911000400,JOANNE,BAKER,553 INDIAN PT,,HUDSON OAKS,TX,48381-3020
9937035118,COLLEEN,HALE,3 TALLWOOD LN,,RICHARDSON,TX,93063-6304
18018934,MARIA,CRABTREE,PO BOX 135588,,CENTRALIA,MO,75126-5312
9937009287,LAURIE,ALANIZ,5573 DAILY CT,,PLANO,TX,97062-7115
11016282,DONALD,SWANSON,338 CHERRY ST,,RENO,NV,90045-2311
9933003440,ANGIE,AKERS,5335 HALEY LN,,SPRING,TX,77957-2419
24087838,KAY ELLEN,MARKER,738 S PINE ST,,PASADENA,CA,82435-9749
116000718,BEVERLY,FREEMAN,3551 MAPLE ST,,FLORESVILLE,TX,48323-3114
19029647,GLORIA,KENNY,1575 SIMMS ST,,ARLINGTON HEIGHTS,IL,80920-1417
124003839,DEE DEE,MCCLELLAND,8585 FLINT RD,,SELMA,TX,77479-6323
65020862,NATALIE,BLADES,531 N SPENCER,,LIVONIA,MI,48178-8829
9936014804,KANDACE,FARRELL,1755 538TH ST,,ARLINGTON,TX,78023-3669
9933020350,ELIZABETH,WRIGHT,5538 W FM 875,,MONTGOMERY,TX,01108-3151
9919018565,MARILYN,COLE,536 NORTH AVE,,HOUSTON,TX,30549-7909
78001758,CHERYL,RIPE,6338 WIER WAY,,KANSAS CITY,MO,77342-1086
9945050794,WANDA,HEBERT,5537 EAGLE VW,,COLLEGE STA,TX,98311-8231
25027141,KATIE,SCHWARTZ,PO BOX 758935,,WELLINGTON,FL,77521-9300
53013957,CATHY,ALDER,3838 HILL CIR,,BEND,OR,75653-0653
9945050860,CARMEN,DOMURAT,3919 TAMMY LN,,DALLAS,TX,32205-9446
9934025971,DENISE,PINTO,555 ESTATE DR,,AURORA,CO,77379-3067
54012634,BARBARA,STEVENS,583 OCONEE CT,,FORT DODGE,IA,37062-2817
61007543,MARIE,DELAGARZA,3163 SERRA RD,,WEST HARTFORD,CT,80015-2175
55016169,CAMILLE,ZEMPEL,56 PARROTT ST,,LAKE VIEW,NY,85254-2362
116000289,MARIBEL,FOWLER,5368 38TH AVE,,KERRVILLE,TX,76226-2549
52018656,KATHRYN,RUSSELL,19 MANSION ST,,CENTREVILLE,VA,43017-8463
9905019547,ANN,BEST,3979 CAMPO RD,,BURLESON,TX,34669-2823
107007543,KIMBERLY,FORRESTER,58 WALNUT CIR,,BOULDER,CO,76051-5666
9923006742,CAROLYN,CATHEY,58 BALLANTREE,,SAN ANTONIO,TX,77581-6154
9917133404,ADRIANA,STRICKLIN,383 BRYN MDWS,,LAREDO,TX,80918-4136
68003756,TINA,KRATOCHVIL,5737 FOARD DR,,POWAY,CA,77429-2483
124001634,DEE DEE,FRISH,5677 DAISY ST,,GARLAND,TX,33411-2925
116000892,MARY,BUTLER,6963 BEECH CT,,NEW BRAUNFELS,TX,06770-1929
9904043925,DONNA,JUNG,1387 WELCH ST,,HIGHLANDS RANCH,CO,27574-8603
65021597,RUTH,MARZULLO,PO BOX 935133,,Novi,MI,75034-0758
9941016439,TINA,BEATY,58 SULFUR CYN,,FORT WORTH,TX,01776-2320
61009834,DARLENE,HARRISON,158 POSEY AVE,,WEST SIMSBURY,CT,06078-1994
9925001562,KATHIE,WHERRYHARRIS,5973 BROADWAY,,BOERNE,TX,77040-2525
77000754,JEANNETTE,MAHAN,1683 CEDAR DR,,RAMSEY,NJ,77382-3903
9908008698,KAREN,CRAIG,9B REGGIE WAY,,BROOMFIELD,CO,78249-2335
106010016,KIM,FAULK,51 MICHAEL DR,,CARROLLTON,TX,73008-4430
63010155,SUSAN,KELLY,1713 PAGE AVE,,FORT MYERS,FL,78006-8089
123003081,MICHELLE,MORGAN,5333 BEECH DR,,SAN ANTONIO,TX,43551-8825
119003566,DONNA,CLAYOWENS,5857 BERYL ST,,LAKEWAY,TX,78006-7817
120000035,SARAH,YOUNG,5117 HOLLY ST,,COLORADO SPGS,CO,76162-5432
18019821,CAROL,TUCKER,9655 CRABB RD,,CARMEL,IN,47714-1606
60013031,JULIE,MADSEN,577 AUBURN RD,,VERNON ROCKVILLE,CT,98642-9803
116002285,LAURA,BOSCH,1317 E 8TH ST,,SAN ANTONIO,TX,43616-4142
9923010792,CORI,RAIN,785 WENDEL PL,,SAN ANTONIO,TX,80210-3133
9902012487,CONNIE,LANDRY,55 RAEBURN LN,,PRINCETON,KY,76065-5909
9907000544,SHIRLEY,STORRER,581 PITNEY DR,,TOOL,TX,93023-3442
102003294,SILVIA,BELT,3688 KNOLL DR,,MONTGOMERY,TX,46928-1657
9945052274,TRACY,DUENAS,3 CASA RIO DR,,ROANOKE,TX,80501-8630
67005729,CHRISTINA,HOCHMAN,858 S 36TH ST,,OREM,UT,37214-3978
9923007365,TRACI,MARCH,5338 BOOTH ST,,MCALLEN,TX,75165-6909
9937031270,JUNE,CUEVAS,536 DRAKE AVE,,GRAPEVINE,TX,34987-2429
66003608,RHONDA,QUIGLEY,PO BOX 738376,,IRVINE,CA,77385-3688
115008478,VALERIE,JOHNSON,1335 BRAUN DR,,ARCADIA,OK,73007-0396
9915001922,FRANCES,DETCHON,5135 POORE RD,,MOUNT PLEASANT,TX,76135-1420
123003866,RHONDA,SIDEREWICZ,PO BOX 138887,,HELOTES,TX,45214-1911
105006708,CHRISTINE,HATT,31 JOHNSON PL,,WATAUGA,TX,86406-6241
9917117130,MARTINA,LAPPE,355 DELANO ST,,BULVERDE,TX,80013-9420
18017764,SUE,THOMAS,5388 E 7TH ST,,SYCAMORE,IL,28411-9265
9906035603,CATHIE,FOLKERTS,6813 ROYAL PT,,MANSFIELD,TX,10804-4118
106012562,DAWN,OSBORNE,789 MACON AVE,,DALLAS,TX,77355-4695
56007227,ALLISON,OZANUS,338 3RD AVE S,,HOPEDALE,MA,58201-5932
19025906,SUZANNE,HARGRAVES,957 JEANIE DR,,GARLAND,TX,75093-7440
9934020214,LYNN,WHITLEY,5856 DORAL CT,,SPRING,TX,78229-2150
105006805,JUDY,ROMO,385 S MAIN ST,,HEWITT,TX,80109-6609
9917112236,MARGARET,SWISHER,6 BAY COVE DR,,SPRING BRANCH,TX,78023-4130
110005456,DEVIN,POWERS,93 GEORGE AVE,,FORT WORTH,TX,77845-4161
2015715,DIANA,TOVAR,953 GRANT AVE,,CANOGA PARK,CA,77019-6121
71008466,MAUREEN,DUDREY,5883 VILLA DR,,SIMI VALLEY,CA,80908-2836
25027711,KAYLEIGH,GILLEN,1 FOXWORTH CT,,FORT PIERCE,FL,11218-1935
70001792,DIANE,GARFIELD,3913 568TH ST,,KALAMA,WA,46106-9763
107005712,LORI,LANTIER,5381 TATUM DR,,ARVADA,CO,75013-5387
112002821,JEAN,KOHLER,65 TWINING ST,,SPRING,TX,80234-2560
108003014,MARY,EGAN,PO BOX 168515,,OWASSO,OK,95062-1122
9937041901,JOANNE JOHN,WALTER,58358 WINSTON,,MARIETTA,GA,85259-4911
72004547,SUSAN,SCHMIDT,5613 15ST AVE,,MARINA DEL REY,CA,33477-7372
45012064,MARSHA,HARRIS,55 CAWSTON DR,,MOUNTAIN VIEW,CA,77346-1295
9904049289,DOMINIC,NAVARRO,5875 CRAIG RD,,DENVER,CO,06033-1701
71008832,MICHAEL,AIKEN,5881 ASCOT CT,,SIMI VALLEY,CA,80528-7225
9935017310,AB,CROSBY,9313 BOWEN DR,,MANSFIELD,TX,95139-1249
17072164,CHRISTI,LEE,5753 CISCO DR,,THOUSAND OAKS,CA,72758-8030
58010317,RHONDALYN,FULCHER,555 DETRIE DR,,SYLVANIA,OH,97123-9432
9937009823,SANDRA,ERBE,363 PIERCY DR,,PILOT POINT,TX,50323-2201
123000022,LINDA,COMLEY,PO BOX 535653,,SAN ANTONIO,TX,76227-3829
9904043837,DAWN,WHITE,11851 MAE CIR,,LAKE BLUFF,IL,54301-2709
18022742,ROMA,COCHRUM,5658 DRAKE DR,,WINDFALL,IN,76116-8148
9937011623,KAREN,KAPE,6 FORDWAY EXT,,FRISCO,TX,48375-4237
58011989,DENISE,POWERS,PO BOX 368813,,WHITEHOUSE,OH,34787-5016
570012827,KIM,HARPER,989 RIO LINDO,,APOPKA,FL,76248-7314
113001243,LISA,NORTH,73 GILBERT RD,,PEARLAND,TX,60004-4209
999002669,LAURA,MEADE,53 SANTA CRUZ,,SOUTHLAKE,TX,32224-9626
54015874,LAURA,DESTEFANO,681 HANSEN PL,,ANKENY,IA,75050-7067
39031763,NICOLE,PULLIN,587 ROLLER CT,,NEW ALBANY,OH,80222-7245
83000556,JAN,DANLEY,335 E PARK ST,,TENANTS HARBOR,ME,06615-7809
60010273,MELISSA,HAMILTON,31 GARLAND DR,,NEWINGTON,CT,80906-6714
9919021952,KAREN,CONRADY,1655 N ALMOND,,BEAUMONT,TX,33458-5553
79000354,MARGERT,HAKES,5837 TALON RD,,BOYNTON BEACH,FL,50525-1733
570016975,PAT,FLETCHER,58538 FM 5878,,NORWALK,CT,92835-1245
44011238,BEVERLY,MONTEVIDONI,3735 UPHAM ST,,FARMINGTON,MO,91343-1909
18018743,BEVERLY,BORCHERDING,PO BOX 711895,,INDIANAPOLIS,IN,92691-1819
43024388,EILEEN,EVERED,16 JACKSON CT,,ERIE,PA,78041-1984
61007484,JILL,BRUNETTE,89 CLAYTON DR,,AVON,CT,77304-5069
9936029776,ELAINE,STEELE,1556 538TH ST,,ARLINGTON,TX,33467-6993
27020531,LUZ,MCDANIEL,537 EUREKA ST,,BUFORD,GA,75150-5759
60011321,MONICA,SOLOMON,988 NEWTON LN,,MANCHESTER,CT,80126-8052
6048207,DIANE,CASANELLI,5115 BATES CT,,SAN JUAN CAPO,CA,90638-4018
39038778,MARY,JOHNSON,363 CHAPEL RD,,PALM BEACH GARDENS,FL,78045-2024
19028618,CHERYL,ROSS,157 E MAIN ST,,CHESTERFIELD,MO,33957-2805
67003607,PATRICIA,REID,PO BOX 555833,,VENTURA,CA,34761-8971
9933022847,MARY,VALDEZ,6 COTONEASTER,,KINGWOOD,TX,77077-4211
120003265,CHRIS,STEFFY,58 W DOVER DR,,GOLDEN,CO,79371-0337
65020157,JULIE,YOCUM,1811 LUKER DR,,PLYMOUTH,MI,92677-8878
74003645,JUDY ANN,SPILLE,138 LOVELL ST,,ST PETERSBURG,FL,77388-2005
4013488,RENEA,MUSCARELLA,56 TOCCI PATH,,SIERRA VISTA,AZ,91701-2630
112002825,GAIL,WILLIAMS,511 HOLTON DR,,SPRING,TX,76017-3719
9937038110,PAULA,BUSCHMAN,358 W MAIN ST,,MIDLOTHIAN,TX,30022-3103
63007436,CHRISTINE,CUNNINGHAM,388 GINGER CT,,SAINT AUGUSTINE,FL,75048-3405
65020362,CARRIE,WOOD,5718 WALES RD,,MILFORD,MI,06320-4349
9932032240,JOY,BROWN,55 Ritoli Rdg,,ARLINGTON HEIGHTS,IL,73127-4131
9937024748,NOREEN,PHILBRICK,338 OLINDA DR,,PROSPER,TX,14527-9381
23041328,SARAH,KUHLMANN,35 MADISON RD,,SAINT PETERSBURG,FL,80111-3666
58012075,LAURA,WRIGHT,3 ATWATER TER,,GRAND RAPIDS,OH,80016-6126
103005977,MELODY,PAUL,515 SATINWOOD,,CAMP LEJEUNE,NC,46234-1752
60009205,KATIE,BROWN,55 MAYNARD RD,,SUFFIELD,CT,18707-9618
70000838,CHERYL,BROWN,38 GORDON CIR,,PORTLAND,OR,73099-2904
52016680,EDWARD,LENZ,5686 GUESS DR,,SPRINGFIELD,VA,73034-4059
30010141,SARA,MATULA,3885 ASPEN LN,,SEATTLE,WA,92629-3227
71008855,MARY,RYE,5589 HONDO CT,,SIMI VALLEY,CA,73008-5434
9908003985,NORA,MALDONADO,1313 RIVER RD,,BRIGHTON,CO,78213-2610
9933003526,LINDA,SCHANZER,585 RIVERWOOD,,SPRING,TX,01966-0305
9905014804,JOYCE,KIMBERLY,5315 LYRIC DR,,ARLINGTON,TX,46112-7757
70002995,NICOLE,SHERRICK,7 CHESKA HOLW,,PORTLAND,OR,92688-2544
9923002922,ANNA,VAN WASSENHOVE,338 OREGON RD,,ADKINS,TX,80908-4798
9943054919,CHRISTINE,ANTHONY,887 CHANCE LN,,ULYSSES,KS,80122-1832
19025864,BECKY,MOORE,1313 LEMA CIR,,BARRINGTON,IL,50261-9737
6043945,SILVANA,BAUM,555 E 13TH ST,,FLORENCE,OR,78006-8936
103005467,RUTH ANN,BLANCHETT,19356 LARO DR,,GRETNA,NE,93015-1720
121003882,JANET,COX,53 HOLLAND DR,,CONIFER,CO,80210-2921
23044743,ANDREA,THOMAS,1311 SANTIAGO,,WEST PALM BEACH,FL,37221-2732
85000233,CHERYL,SHANKS,PO BOX 715868,,CRESTVIEW,FL,01701-4349
40045523,LISA,JEFFERSON,55731 VOSE ST,,LONGWOOD,FL,92530-3516
18020345,KATHY,WHITLEY,588 BOULEVARD,,INDIANAPOLIS,IN,76013-5235
9919014965,TERRY,BOUDREAUX,331 PERCH MDW,,HOUSTON,TX,50214-8524
123000066,LYNNE,KOSEL,155 E 53TH ST,,OLATHE,KS,80905-1034
59009203,MICHAEL,GONZALEZ,988 TAYLOR RD,,RANCHO CUCAMONGA,CA,90605-1042
39067329,RHONDA,BOONE,5653 ANITA ST,,STUART,FL,76148-1536
122002129,LISA,BOWERS,16 HARVEST LN,,SAN ANTONIO,TX,37027-5116
125001182,RICHARD,PETERSON,3818 PARK AVE,,COLLEYVILLE,TX,75024-4711
9919014127,NYSSA,WARD,5788 TORCH DR,,HOUSTON,TX,21122-5052
9908009717,SAKI,WALSH,PO BOX 578536,,LONGMONT,CO,37205-4715
65024293,JOHN,BROWN,1151 E 1658 S,,BRIGHTON,MI,40243-1081
60009985,MARTHA,MASON,9388 IONIC CT,,SOUTH HADLEY,MA,20120-3748
9916105350,AMY,GARCIA,5875 MASON ST,,OKLAHOMA CITY,OK,75205-1914
65022794,BARBARA,NOVACK,11 ROBERTS RD,,NORTHVILLE,MI,23947-0106
110001148,STEVE,MANCHA,375 BOWLER RD,,NORTH RICHLAND HILLS,TX,85382-2705
103000752,RENE,WEBB,513 KEENEY ST,,PARKER,CO,76272-9720
9937011135,KAREN,GUNDER,589 HARDY AVE,,PLANO,TX,91737-2428
22021015,BRENDA,CASTO,5183 CROWN DR,,GRANVILLE,OH,77079-6916
25025076,JILL,RODRIGUEZ,7 IROQUOIS ST,,LAKE WORTH,FL,98029-6567
9935002503,DENISE,PALOZEJ,8818 EULA WAY,,COPPELL,TX,78222-3535
28015186,TAMI,TIJERINA,97 VIA SOVANA,,SANDY,UT,80007-7103
9923010303,PEGGY,BENEDICT,PO BOX 595786,,SAN ANTONIO,TX,76133-4236
126000933,DEBORAH,SHARPLEY,335 COTTON CT,,IRVING,TX,76273-9568
78001540,RONNIE,WEST,PO BOX 781186,,BENTONVILLE,AR,71665-0359
26023516,DAMARIS,SZETTELLA,581 LAUREN CT,,PHOENIX,AZ,75034-0053
40041427,DENISE,SCHARTZ,5855 RIDGE RD,,TALLAHASSEE,FL,73446-2001
110004925,MICHELLE,CARRILLO,3839 ALTO AVE,,FORT WORTH,TX,06013-1415
9941010931,JERILYN,PHILIPS,5613 MAPLE ST,,HARLINGEN,TX,75022-1070
9917124921,ERICA,GARCIA,1381 DORAL DR,,SAN ANTONIO,TX,92301-3699
9922001830,CYNTHIA,HONSINGER,19 WESTLYN LN,,MERIDIAN,ID,73010-9382
68003434,ANGELA,DUFRESNE,59 ALTDORF LN,,SOLANA BEACH,CA,34744-2754
25028648,DIANE,LONG,1589 DICEY RD,,LAKE WORTH,FL,90630-5101
108004591,JANE,SIXKILLER,9 STANDISH ST,,BURLESON,TX,90638-2153
9907009259,TRINDA,METHERD,3857 SCOTT CT,,FRISCO,TX,78240-1011
9923006284,ROSANNE,DILLON,18 CHARLES ST,APT 4104APT 626,PLANO,TX,72447-0428
61008811,CHRIS,EASON,99 HUDSON AVE,,WESTFIELD,MA,07463-2205
60013081,LYNDA,RAY,5535 FIRST CT,,MOODUS,CT,76028-6773
9942044418,HELEN,AKIN,53711 BOYD LN,,PEARLAND,TX,80516-6979
9933029281,GRACE,OSIKA,5681 VERA WAY,,WILLIS,TX,77381-6433
125002422,JANET,YENISCH,588 CACTUS LN,,CHAGRIN FALLS,OH,92807-3003
6040099,CHRIS,PINYAN,537 YAUPON CT,,BANNING,CA,78254-5323
18017684,DENISE,PARK,175 ELKINS LK,,BROWNSBURG,IN,10803-3140
9938016666,ANGIE,WRIGHT,688 N 8TH AVE,,LAKEWOOD,CO,45040-6400
64009683,LORIE,SALVATO,513 HOBART RD,,HIGH POINT,NC,32225-1332
77000571,LINDA,MITCHELL,8 SHEPARD WAY,,MONTVALE,NJ,22724-1831
123004411,KAREN,DUNCAN,3 WOODLAND LN,,DEVINE,TX,85086-6677
17071576,JUNE,THOMPSON,518 RAVEN BND,,ENCINO,CA,78250-4603
9917108026,CHERYL,TEPER,58535 HIGH DR,,SAN ANTONIO,TX,37027-5620
116003080,JANE,SCHWARTZ,5816 E 5958 S,,CORPUS CHRISTI,TX,75218-3970
25027792,RENEE,SNEERINGER,3516 RAINS RD,,DELRAY BEACH,FL,98166-2511
40052205,JANIS,MACOMBER,985 BORDEN RD,,APOPKA,FL,80466-9709
66002827,JOY,POWELL,6869 NAPA AVE,,LAGUNA WOODS,CA,77378-4842
9942044283,MIRANDA,SIRICA,16 PALMORR PL,,EL LAGO,TX,43140-8975
26023476,DIANE,DAVIS,33 POINT LOOP,,ADA,MI,77316-6401
55014939,GWEN,WALTER,55568 WEST RD,,SHREWSBURY,MA,75094-5115
111003800,SUSAN,MOORE,37 RUMFORD ST,,LEAGUE CITY,TX,75040-4921
124001870,DEBORAH,LAMMERS,1836 TRENT CT,,MESQUITE,TX,77364-0140
63009112,LORI,RAGAN,131 UNION AVE,,JACKSONVILLE,FL,79121-1309
9903036134,JANICE,WHITE,995 WILSON RD,,CELINA,TX,78130-8139
114007362,CARLA,KANTOR,18 HALWOOD DR,,KATY,TX,77536-3758
5021561,NANCY,ODOM,3188 KEYES LN,,SACRAMENTO,CA,77381-2959
72006571,OLGA,BAGLEY,3981 556TH ST,,LOS ANGELES,CA,78217-6436
18019642,VICKY,TELLES,711 W 55TH ST,,ANDERSON,IN,75034-5133
59010833,BARBARA,DWELLE,1658 SECOR RD,,SAN BERNARDINO,CA,92071-3488
10018786,NIKKIA,LENNOX,53 CLINTON DR,,PHOENIX,AZ,80108-8229
63009296,CLARA,BARNETT,PO BOX 893535,,CONWAY,SC,75165-7117
9938008610,CHARLOTTE,VERHOFF,3881 MEEKS ST,,FRANKTOWN,CO,79912-2415
114006624,SHARON,YOUNG,5555 LOBOS CT,,MANSFIELD,TX,78550-9150
106012265,SARAH,HIVES,1851 MEADE DR,,FARMERSVILLE,TX,76107-2994
33017216,HEATHER,FARMER,PO BOX 915665,,SMYRNA,GA,32934-8351
107003620,KATHLEEN,PATRICK,6185 ROMEO DR,,SUPERIOR,CO,77573-4762
9028540,MARY,SADY,5333 CORAL DR,,GLENDALE,AZ,80106-9057
9916124749,MARY,BRUNORY,55 ANNETT AVE,,EDMOND,OK,33026-4856
51014629,EDWINA,RAMOS,PO BOX 515511,,GARLAND,TX,02043-1663
9905015957,LORI,BURGESS,PO BOX 883385,,BOWIE,TX,33417-1069
116000672,LINDA,BARROWS,55 PASTURE LN,,SAN ANTONIO,TX,93065-6259
78003605,SUE,SIMS,878 VERNON RD,,LITTLE ROCK,AR,75462-8102
105004341,RICHARD,MELLA,383 WALNUT ST,,KENNEDALE,TX,76040-3207
33016267,KIM,CASSERLY,PO BOX 565333,,AIKEN,SC,33498-6379
122000559,ROBERTA,FORDYCE,538 LEGEND DL,,SAN ANTONIO,TX,34949-3551
160019849,APRIL,LEBLANC,55 CHARDONNAY,,DUBLIN,CA,77384-3362
98012838,PAM,DUPON,581 TEJAS TRL,,LONGWOOD,FL,78023-4178
9902010564,PAMELA,LINCOLN,5388 PECOS DR,,GALLATIN,TN,32034-4477
72002688,JEAN,ZAFFIS,8856 IRIS CIR,,LOS ANGELES,CA,75703-0313
28015022,JUDITH,BLUM,5387 E 7TH ST,,SALT LAKE CITY,UT,76013-5216
9930004478,VICKI,ROUSE,36 LINCOLN LN,,BULLARD,TX,40241-2657
9904048007,PENNY,DECOS,815 PARMA WAY,,AURORA,CO,97229-6601
107006906,HOLLY,WEHMEYER,PO BOX 595385,,ERIE,CO,72153-9025
9938024786,LAURIE,DURETTE,175 HAVEN AVE,,FORT WORTH,TX,72756-5624
9917134429,CINDY,WITT,5557 ADOBE CT,,GRAND PRAIRIE,TX,73162-6766
9022189,SUSAN,M,PO BOX 555587,,PHOENIX,AZ,75015-5107
107007352,TAMARA,ALAIMO,PO BOX 555835,,BROOMFIELD,CO,50321-9604
83000019,SHANNAN,MCCANN,351 PECAN GRV,,FORT MYERS,FL,34787-8924
125001657,DEBORAH,FOX,538 EDWARD ST,,GRAND PRAIRIE,TX,76272-0431
18016958,MARJORY,MILLER,5389 YORK AVE,,ELIZABETHTOWN,IN,25443-0576
9944004844,CARLINE,LUBECK,5513 WALES PL,,HOUSTON,TX,77532-5113
71009214,SHARYN,SULLIVAN,1 MACKERAL ST,,MOORPARK,CA,77566-4338
12016380,TAMMY,MADDOX,3685 ROYAL CT,,WOODINVILLE,WA,94401-3018
9937020584,DEBRA,WILLIAMS,68 W PLAIN ST,,SOUTHLAKE,TX,48312-2314
33017555,BARBARA,SALVATO,713 WALNUT CT,,SUWANEE,GA,60169-2602
39039973,JULIE,DOVEN,168 LORENZ RD,,WATERFORD,MI,07876-1821
27022696,ALICIA,SEGEL,533 SANDRA DR,,WARRENTON,MO,77388-3181
71009341,KIM,ROOD,53755 ZUNI ST,,SIMI VALLEY,CA,91360-2257
9937027226,JILL,DRENGSON,6785 DARYN DR,,LADERA RANCH,CA,32934-7618
9916106338,CAROL,SILVERMAN,5885 EAGLE DR,,YUKON,OK,77318-3219
44010549,AMANDA,CINEFRA,55 HEMLOCK ST,,BALLWIN,MO,50265-3230
111004199,RACHEL,SHARP,79 MELROSE DR,,BAYTOWN,TX,92887-5603
5019663,KARYN,JACKSON,8177 OURAY DR,,ANTELOPE,CA,33414-3505
9937000313,TARI,CAREY,1937 TYLER CT,,PLANO,TX,33467-3818
9933027430,PATRICIA,MCCLUNG,3575 ROLFE RD,,CONROE,TX,33176-4806
9930014206,APRIL,DELGADO,PO BOX 788156,,Plano,TX,75034-7761
66003569,KATHY,MACMILLAN,1 EAGLES WING,,ALISO VIEJO,CA,72145-0337
59014289,JAIME,JASMIN,515 S MUTZ DR,,RANCHO CUCAMONGA,CA,79707-3206
78003923,MARY,THOMPSON,8757 INYO CIR,,ALPHA,IL,94534-7129
61006896,VICKY,MILLER,15 DALECOT DR,,AGAWAM,MA,50216-8712
9906037968,JILLIAN,SEIDEL,89C SANDEL RD,,EULESS,TX,77474-3903
9923007852,AMANDA,ELDER,5187 FOLEY DR,,HELOTES,TX,77018-6303
9923005254,GRACE,FELLER,7685 HORAN DR,,HELOTES,TX,76051-6602
83000015,KAREN,GROMACKI,383 MEADOW LN,,NAPLES,FL,08085-4216
66005035,DIANE,GORE,58 SOROLLA LN,,LAKE FOREST,CA,64081-2685
9937030149,PEGGY,JOHNSON,3318 BRACE DR,,LITTLE ELM,TX,77356-9038
120004428,MARY,NELSON,58317 BRIM RD,,EVANS,GA,80229-2466
107007389,RAMONA,HALDEMAN,598 SMOKEY LN,,LAFAYETTE,CO,75229-3909
6045333,ANNE,SCHULZ,318 BRIDGE ST,,MISSION VIEJO,CA,80123-5181
83000636,SARA,DEBOLT,15 E 196TH ST,,SPRING,TX,67133-0351
68004060,LINDA,DURM,56735 FM 5937,,SAN DIEGO,CA,78232-4909
48013984,SUSAN,DEMPSEY,835 APOLLO ST,,BELLAIRE,TX,33458-8008
9934033503,LYNETTE,CAMPBELL,58 WOLCOTT ST,,PARKER,CO,76065-4802
124001625,CAROLE,LECOMPTE,9655 WASP CRK,,RICHARDSON,TX,75154-6602
26019993,DEBBY,HAMILTON,815 FAITH TRL,,CHANDLER,AZ,78240-2601
9904040571,RHONDA,FARROW,5518 BEACH LN,,PARKER,CO,06082-6121
18022828,BARBARA,VENNIX,115 STELLA ST,,BRAZIL,IN,07722-1130
9918104495,AMY,PITTMAN,55356 MILL RD,,FONTANA,CA,77546-3657
18021719,WILLIAM,COLE,38 WINDHAM RD,,BROWNSBURG,IN,76009-6343
9923003409,KATHLEEN,GOLDSMITH,7885 ARBOR LN,,SAN ANTONIO,TX,46239-8613
67004086,AMY,PHILLIPS,583 WALNUT ST,,WOODLAND HILLS,CA,73601-5606
14017736,LISA,THOMAS,5538 HAVEN PL,,CHINO HILLS,CA,78230-2637
9923001049,JOHN,QUICKLE,5758 CEDAR CV,,BOERNE,TX,82633-2943
58011797,ANGELA,SUN,53586 DEMETER,,MORGANTOWN,WV,75081-5465
63008553,NADINE,LANE,PO BOX 535715,,JACKSONVILLE,FL,76060-5438
9932006146,TERRI,WILLHITE,5558 PECAN PL,,NASHVILLE,TN,60194-4246
9934021734,PATSY,FLUD,3958 553TH CT,,PARKER,CO,80923-4487
104005065,BARB,GOZ,3918 PEDEN RD,,COLLEYVILLE,TX,63069-5000
54017109,KRISTY,RUSSELL,585 AUTUMN CT,,AMES,IA,65742-7351
78002096,MELANIE,PIONTEK,5589 HONOR CT,,SPRINGDALE,AR,93711-5927
9945055115,EVELYN,DAVIS,357 TALLOW DR,,SOUTHLAKE,TX,92007-1512
9934010282,AMY,KENDRICK,63 INDIAN TRL,,GREENWOOD VLG,CO,43064-8828
106006253,DIANA,OTIS,3186 NOBLE LN,,FRISCO,TX,76179-4339
39034688,MARY,MITCHELL,7385 AVERY RD,,FRANKLIN,NC,43460-1522
67002187,JULIE,BLAIR,1685 LAKE AVE,,SANTA ROSA VALLEY,CA,93065-7358
7016790,JOYCE,SERNA,5937 WELCH ST,,DU QUOIN,IL,95616-7008
61007979,ERIN,GAMBER,58 HEMLOCK RD,,NORTHFIELD,CT,78130-3195
63009096,JOHN,AGUIRRE,516 CONROY ST,,LAKE MARY,FL,19522-1024
75000387,LISA,TUPAY,151 MILLER ST,,JENKS,OK,93001-4056
9937025912,FRANK,MILES,1188 MAPLE DR,,FRISCO,TX,38632-8172
107001134,LAURA,POPKIN,557 CIRCLE ST,,EVERGREEN,CO,77040-1393
112000934,KIMBERLY,LOGAN,138 LENTZ AVE,,MONTGOMERY,TX,75051-4317
9937031043,FRANCELIA,FRANKS,3568 SPECTRUM,,ARGYLE,TX,22032-3219
47020321,JANICE,SZIY,3553 ROBIN DR,,LOUISVILLE,KY,91367-6013
12015509,ROBERTA,SLACK,1119 BIRCH ST,,BELLEVUE,WA,77360-6598
47017374,JUDY,MCCLENDON,5 MOSS OAK CT,,VERSAILLES,KY,78613-7710
54016296,STACY,MONTAGUE,688 ELKINS LK,,LINCOLN,NE,76028-6006
72003327,ROSANNE,HOUGH,15651 CABROSA,,LOS ANGELES,CA,63021-6287
9923007777,BARB,MILLER,5818 ATLEE DR,,SAN ANTONIO,TX,80109-7930
9944003268,JANET,KEENAN,683 GOPHER CT,,HOUSTON,TX,73099-5917
9911004383,KAREN,BENAVIDES,5581 RANDY RD,,FORT WORTH,TX,80904-2905
9943042336,LINDA,WALLISA,585 W MAIN ST,,BRENHAM,TX,71115-3416
18016547,JENNIFER,KELLY,5161 SANDY DR,,DECATUR,IN,73072-3957
11016677,JUDY,DACKERT,7 FOX LAIR CT,,SANTA CLARA,CA,76063-6613
68003637,EILEEN,RIEDL,387 JORDAN PL,,ENCINITAS,CA,92123-2946
120001172,KEVIN,MOWERY,333 FULVIA ST,,PALMER LAKE,CO,75019-5364
9925001851,SAMANTHA,CROGHAN,53 CROSSEN DR,,SAN ANTONIO,TX,76014-1147
9919015259,MARY ELLEN,ORTIZ,5331 S COY RD,,HOUSTON,TX,27608-1515
61008551,JUDY,BRATCHER,8 PARADISE CV,,SHELTON,CT,75070-5211
15081588,DEB,VELY,158 TEJAS TRL,,WINNETKA,CA,75904-4658
111003029,DONNA,THOMAS,639 GRAVES LN,,HOUSTON,TX,80016-1145
106012268,DANDY,CROWELL,338 MONACO LN,,FRISCO,TX,37221-2404
18022434,JOY,WHITE,135 S MARY ST,,BROWNSBURG,IN,50644-1026
9935017054,HEATHER,KUHLMAN,585 SIERRA CT,,MANSFIELD,TX,06053-2111
107000596,KAREN,WAGNER,5138 EDRIS DR,,LAKEWOOD,CO,75034-4856
30009527,DONNA,GIETZEN,57 CRYSTAL ST,,SEATTLE,WA,46131-8963
71005599,SHERRIE,ALBRITTEN,19187 PIKE ST,,SIMI VALLEY,CA,46825-6651
9912005756,RONDA,PIATCHEK,573 STONER DR,,PASADENA,TX,33412-1553
9021283,MISSY,ISENHOUR,1195 CHIEF LN,,URBANDALE,IA,49047-8708
110004379,TODD,DAMSTRA,5133 TEAL WAY,,BURLESON,TX,48823-3047
9937000558,LILLI,BURFORD,355 ARNOLD RD,,CARROLLTON,TX,75231-8130
9942048746,JAMIE,POPE,5359 AVON WAY,,HOUSTON,TX,77095-4700
15078933,JANET,MARTINS,5389 VIOLA DR,,ENCINO,CA,76013-4106
77001395,LOIS,SULLIVAN,1589 588TH PL,,MAYWOOD,NJ,73162-2209
107007709,POLLY,CARVER,9553 CREEK CV,,WITTMANN,AZ,75034-0053
84000099,DALE,OCONNOR,5183 S 5588 E,,FAYETTEVILLE,AR,68005-0906
65023838,SIMONE,TOM,198 BEELER RD,,MILFORD,MI,75025-5342
6047416,DAVE,CAMPBELL,638 SE 7TH DR,,TRABUCO CANYON,CA,76039-7870
68003898,MICHELLE,FLOWERS,36 BRASSIE DR,,SAN DIEGO,CA,50322-4216
107005652,VERONICA,VARGO,6988 MARIS CT,,ERIE,CO,92880-2055
39040708,DENETTE,SMART,5789 RIVER RD,,WORCESTER,MA,85085-1972
33019804,VICKIE,PETERSEN,3356 LEIGH DR,,MARIETTA,GA,77536-6605
9944003001,MARY,BROADWATER,1535 CLIFF RD,,LEAGUE CITY,TX,77396-1848
9930025797,INEZ,MEAD,58369 HOYT ST,,MCKINNEY,TX,77059-5534
5021442,PAT,CRICHTON,18 GRANDBRIAR,,LINCOLN,CA,80503-2202
9914014649,BETSY,COTE,53133 TERN DR,,SPRING,TX,76017-4750
44009894,PAM,ELLICK,568 WALNUT ST,,LABADIE,MO,33993-5138
9916113907,MARIE,DICKLOW,5165 STONE LN,,EDEN,TX,07642-1043
17071015,JANET,WALKER,3 ZACHARY CIR,,AGOURA HILLS,CA,75165-9193
9911002581,MARY ANNE,SANFORD,5355 AVON WAY,,FORT WORTH,TX,75032-8869
9919017226,BLANCO,BERMAN,338 6TH ST NE,,HOUSTON,TX,07024-5804
41020467,FRANCES,MAZURE,331 BOLSON DR,,VERONA,WI,07660-2346
32011716,GINA,LAMOTHE,355 SENECA CT,,MUNCIE,IN,73064-2726
72002370,KATHY,LOPEZ,5818 558TH ST,,INGLEWOOD,CA,73401-9066
18021388,HELENE,HEGEDUS,583 W MAIN ST,,ATLANTA,IN,98040-0900
106009658,DACIA,DOVE,3356 SAXON DR,,FAIRBANKS,AK,27529-8006
71005302,DEBRA,RELFORD,3156 WACO AVE,,Simi Valley,CA,74940-7337
122002173,JULIE,PITTS,1 KATHLEEN DR,,SEGUIN,TX,93063-2822
100000501,CARLEY,DEGRAFF,5511 RED DRAW,,HONEY BROOK,PA,80026-9387
9912003421,BRENDA,NISHIHARA,3137 GINKO CT,,DICKINSON,TX,40065-8854
9936008795,LEIGHANN,ELSEY,516 SHELBI DR,,MANSFIELD,TX,91789-2086
67003212,ANDREA,KING,3357 ASTER DR,,SIMI VALLEY,CA,76021-3431
18016560,RICHARD,GUY,115 PODUNK RD,,FISHERS,IN,77385-8125
9903002069,CARRIE,NADROFSKY,385 W PINE ST,,CONROE,TX,75007-6015
9937027378,TRACY,BOOR,3399 BROOK DR,,PALM HARBOR,FL,77494-4367
54014292,ANNA,BOYNTON,567 LUMBER ST,,WEST DES MOINES,IA,85022-2376
18017023,KERI,GARY,6693 KLINE ST,,ELIZABETHTOWN,KY,76132-7108
122003575,DIANE,STEPHENS,183 E FM 5587,,BOERNE,TX,91356-1444
28014941,MOON,HOWELL,15 MERRITT DR,,TAYLORSVILLE,UT,32779-4618
125001797,DENE,LYDICK,1555 85ST AVE,,GRAPEVINE,TX,80123-7408
45010893,NORMA,TAYLOR,133 CAYO BLVD,,BATTLE GROUND,WA,33912-1481
9907005933,SHARMEN,HAUSLER,5983 TEWA TRL,,PLANO,TX,46032-9790
59009239,KATHARINA,ISLEMAN,636 AMBER AVE,,SAN BERNARDINO,CA,92882-5667
114007285,LEANNE,MIKESH,558 SEDLEY CT,,DALLAS,TX,46142-1896
101002943,MICHAEL,SPEELHOFFER,139 GARDEN ST,,BRENTWOOD,TN,91784-1574
63009005,JUNE,OPIE,3351 ESSEX CT,,JACKSONVILLE,FL,76065-5198
9901041950,BARBARA,BITTEL,1 KINGS HEATH,,GRASS VALLEY,CA,75243-6152
19029296,CONNIE,ADAMSKI,6375 TULIP LN,,ELK GROVE VILLAGE,IL,75230-4148
9943047438,VALERIE,HARRIS,113 S CAMP ST,,MAGNOLIA,TX,78232-1101
120000262,KELLY,NICHOLS,1515 ELLIS CT,,COLORADO SPRINGS,CO,33914-5499
32012938,GWENDOLYN,DEAVER,159 ANTLER LN,,FORT WAYNE,IN,77382-1623
7017665,DEBRA,LABE,3756 LAYLA RD,,HUNTINGTON BEACH,CA,06033-3734
9942040218,HELENE,WALSH,151 MORSE PLZ,,HOUSTON,TX,46814-9061
54014979,MARTY,SCHROEDER,3368 DAISY CT,,PLEASANT HILL,IA,33463-3082
123002363,CHAROLETTE,OHMIE,95 LABELLE ST,,HELOTES,TX,32819-4157
110004653,LINDA,MAULDIN,55678 FOXFORD,,ARLINGTON,TX,20151-2419
9908001961,MELISSA,WILSON,68 ONEIDA AVE,,BOULDER,CO,74008-5737
39035075,RAEANNE,STEPHEN,155 MENTOR DR,,HOBE SOUND,FL,46814-9702
69003341,RHONDA,LASEK,3511 SMITH PL,,CANAL WNCHSTR,OH,76088-8950
9905011502,KENDRA,MCNEIL,5856 ACORN LN,,GRANDVIEW,TX,46074-9156
9904050001,MARY,SERVILLO,6687 CINDY LN,,DENVER,CO,90621-3616
40041726,JIM,MARZILLI,5735 ACORN LN,,MAITLAND,FL,94306-3543
18019906,SHERRI,CHILDRES,11855 KOBS RD,,MOORESVILLE,IN,76034-8205
53010380,KELLY,PETERSON,6785 ACORN DR,,WHITTIER,CA,48315-2088
9930024036,ANGIE,WALD,PO BOX 858381,,BARTLETT,IL,46158-7728
9917131132,JOHN,WEED,9 MADELINE CT,,SAN ANTONIO,TX,76247-8760
63010670,MIKE,STRICKLAND,PO BOX 388739,,JACKSONVILLE,FL,78006-5231
58011979,ANGIE,KENNEDY,338 E VIEW DR,,RAWSON,OH,65619-9220
9937025029,FRANCES,WARDELL,58518 WARD RD,,ISLAMORADA,FL,64079-9237
9917128938,BRENDA,ADAMS,358 EASTON DR,,NEW BRAUNFELS,TX,85298-4163
123001118,DEBI,MARTINEZ,69 LABELLE DR,,SAN ANTONIO,TX,73505-3729
9916117605,DONNA,GUNTER,518 W 17TH ST,,EDMOND,OK,90260-2320
18017354,CINDY,CLEVENGER,577 DORSET DR,,CARMEL,IN,48374-2352
56008220,KRISTY,MOTT,956 WALNUT ST,,NORWOOD,MA,77505-4414
54016563,HAROLD,RAY,9859 513RD ST,,PALM BAY,FL,06084-4012
114004632,MARY,CAREY,55 RUSSELL DR,,DALLAS,TX,60067-5914
59013092,MARION,THOMAS,81 PAXTON WAY,,RANCHO CUCAMONGA,CA,77396-2967
120003726,SCOTT,DRAMBERGER,8379 LEWIS CT,,COLORADO SPRINGS,CO,50501-2105
112001390,MARYLEE,MATTISON,13 MALLARD DR,,SHIRO,TX,00907-2059
26023060,CARLA,MORRIS,888 NE 1ND ST,,PEORIA,AZ,78209-3030
19028549,NANCY,STOCKHOLM,5388 AUTRY LN,,HOFFMAN ESTATES,IL,85286-2374
110004615,JULIE,HARVISON,587 N 36TH ST,,FORT WORTH,TX,34787-2127
45010974,REBECCA,DAUGHENBAUCH,617 FELIU RUN,,LOS ALTOS,CA,75033-2819
65026142,SHIRLEY,KIMMELL,5553 TAHOE DR,,BELLEVILLE,MI,77581-7102
61007707,TRICIA,FARMER,1983 MASON LN,,WORCESTER,MA,92010-6580
39038370,LINDA,IZSAK,7885 OLIVE ST,,JUPITER,FL,70461-5031
9923008122,MARY JO,KENISTON,535 DELACY DR,,HOUSTON,TX,48047-4333
9937017060,SUSAN,VAN FLEET,559 GARNET LN,,ALLEN,TX,80023-4039
74004678,SHANNON,HUNTER,58311 BRIM RD,,HIALEAH,FL,73085-0302
114001441,LAURA,NAINANI,375 WILTON RD,,DALLAS,TX,75028-8913
106010438,VIDA,MCNAMARA,155 HARBEL DR,,MAPLE VALLEY,WA,33484-1133
6042352,KAREN,STOUDMINE,315 DESTIN DR,,SAN CLEMENTE,CA,04062-5307
75000377,DOROTHY,HOCK,657 RICKER DR,,ROGERS,AR,85048-7865
102004845,LINDSAY,SCOTT,6881 UMBER ST,,HOUSTON,TX,92603-3510
9912007349,ROBERTA,CARLTON,586 CEDAR WAY,,LEESVILLE,LA,64129-2467
9914011694,,,755 S MAIN ST,,PEARLAND,TX,01056-2380
68006128,ANGELA,GEMMA,3688 KIMO WAY,,SAN DIEGO,CA,78133-2540
9936024135,CLAIRE,BRYAN,39 ROGERS AVE,,ARLINGTON,TX,91109-1701
115007583,GAYLA,CARLSON,955 PEBBLE LN,,OKLAHOMA CITY,OK,77384-3543
65021731,AIDA,SZEMAK,387 SEWARD RD,,NEW HUDSON,MI,76063-5490
63009173,KRISTI,SMITH,18 LUCILLE LN,,JACKSONVILLE,FL,77581-6028
63007165,JILL,BROOKS,85 DENNIS DR,,CEDAR GROVE,WI,00824-0348
9919011803,JULIE,PAHISSA,5153 55TH ST,,PERHAM,MN,47303-1778
40049679,LAURIE,MEEKER,5371 S 515 W,,MOUNT CLARE,WV,92886-6967
9934008860,DIANA,RICE,185 E 1ND ST,,CASTLE PINES,CO,32024-3673
9916103076,MELISSA,JUNEJO,PO BOX 91359,,OKLAHOMA CITY,OK,33193-1443
24090565,MARIAN,PARDOE,519 N 5188 W,,DOWNEY,CA,43551-9073
9913066083,ALICIA,YORK,5185 MOSS DR,,HOUSTON,TX,19966-3371
11018721,ELIZABETH,CARPENTER,589 BLACK DR,,SAN FRANCISCO,CA,80134-3065
11020652,CHRISTIN,SPARKS,15 CARTER CT,,SAN JOSE,CA,44514-3397
64007934,SHANNON,ROTE,5153 RENE DR,,CONCORD,MA,77375-7101
39040555,DEBORAH,LAZZARI,138 TRYON ST,,JENSEN BEACH,FL,75098-6910
32013314,TIFFANEY,CONAWAY,795 POPPY DR,,KENDALLVILLE,IN,77354-2600
19023798,TERRI,LANDRUS,6857 MOSS LN,,WHEELING,IL,27540-8407
72001144,MICHELLE,HUTCHISON,3889 MESA DR,,MARINA DEL REY,CA,75025-4550
47020550,BECKY,HARRELL,586 E 1ND ST,,PROSPECT,KY,43016-8801
105006179,KAROLYNN,MCDONOUGH,95 PALMER ST,,ARLINGTON,TX,27516-8970
9922003945,DONNA,BAUER,883 GRANT ST,,PARKER,CO,77486-2939
15082844,KIM,GOLLAN,395 POLLY RD,,NORTHRIDGE,CA,91326-1466
9932034838,KAREN,BARHAM,5573 35TH ST,,MAITLAND,FL,76262-5468
114005431,VICKIE,COLLINS,58 BENTON RD,,DALLAS,TX,29466-8118
124002323,CINDY,WAGNER,958 N AMY DR,,GARLAND,TX,67228-8715
9943044726,GEORGIA,CONNELL,55638 FIR ST,,HUNTSVILLE,TX,80023-6291
63006308,LESLIE,ROMANS,1555 E 375 N,,JACKSONVILLE,FL,85086-1076
9933014830,CHRISTINA,TOWNSEND,338 OXBOW DR,,GATESVILLE,TX,92691-5429
77003158,CYNTHIA,SPITZ,68 NORWICH C,,MARTINSVILLE,NJ,75040-3509
9945049949,STACY,LESLIE,96 LAJOIE RD,,ROWLETT,TX,28751-8875
69004104,BARBARA,LANE,17 HILTON ST,,LOUISVILLE,KY,75065-2920
61006837,DIANN,BEAUDRY,383 CROSS LN,,BLOOMFIELD,CT,92620-1835
22018169,VANESSA,DUKE,53 CROFTS LN,,WESTERVILLE,OH,43537-9397
9917135477,DENISE,ADAMS,1385 33RD CT,,EGLIN AFB,FL,92336-5691
109001710,DEBBIE,FOX,336 SOUTH RD,,AMITE,LA,80130-4182
63005956,KATHY,MULLENIX,PO BOX 53856,,Hudson,MA,76108-4156
9907001613,RENE,BROWN,333 SOREN DR,,MURPHY,TX,91362-3715
122001719,JILL,MORRISON,11 SENECA RD,,SAN ANTONIO,TX,32003-9023
104007144,CINDY,CORDOVA,671 QUAIL LN,,BEDFORD,TX,72761-9520
9923004629,MANUEL,RYDER,519 BRADY DR,,LAREDO,TX,80919-3124
106012502,MELISSA,BRYANT,158 S 8TH ST,,FRISCO,TX,95762-7223
9943050779,KATHLEEN,ROMERO,5513 CLEO CT,,MONTGOMERY,TX,01752-4625
47018965,DOREEN,LOGAN,59 AMBER CRK,,LOUISVILLE,KY,76001-5692
47015482,MARGARET,CORLETT,5997 ZELL RD,,LOUISVILLE,KY,63701-1518
9933005052,JANNA,BELL,PO BOX 55378,,BELLVILLE,TX,80127-4752
9903005294,SANDRA,TACKETT,1535 SNOW RD,,MONTGOMERY,TX,30062-5273
9923010518,SHARON,KLING,5 SHARPSBURG,,FREDERICKSBURG,TX,80015-6511
19029095,LYNN,STEPHENS,3681 CARR ST,,CAROL STREAM,IL,76210-8756
9914014644,AILEEN,HALE,1517 DUKE PL,,HOUSTON,TX,78229-2160
106007125,KATY,TULPINSKI,5393 N 715 W,,FRISCO,TX,14027-0333
51011356,EMILY,MATTHEWS,95 VALLEY RD,,MIAMI,FL,37221-4647
126000021,SHELLEY,ENNIS,5133 READ RD,,FRISCO,TX,84043-2966
9923006362,JENNIFER,CARMICHAEL,3789 TOBY CT,,SAN ANTONIO,TX,18302
106001252,SHARON,SIMMONS,3558 HIGH ST,,CARROLLTON,TX,76262-9616
19028546,KIM,CLARK,3615 BRAY CT,,ARLINGTON HEIGHTS,IL,75070-3058
116003444,JUDITH,WORKINGER,393 NEILL DR,,LAREDO,TX,91709-6216
120003928,ANGIE,RODRIGUEZ,38 BEAVER RD,,COLORADO SPRINGS,CO,47250-3237
9941103857,LORI,ANGULO,151 STATE ST,,BURLESON,TX,63031-6041
106012227,PAM,SHIPMAN,56 MARION RD,,TEXARKANA,TX,77381-6449
2015495,LUCIA,SPARKS,7655 KYLE ST,,Encino,CA,91377-5842
9932007447,CONNIE,KASSEL,PO BOX 68868,,HENDERSONVILLE,TN,06415-2601
59012883,BETTY,BELL,15 DEMING RD,,RANCHO CUCAMONGA,CA,33414-5643
65024001,ANDREA,CUADRAS,5883 READ RD,,OKEMOS,MI,85086-5511
9933007536,KATE,WALLACE,385 RODEO DR,,GANADO,TX,80241-1366
9936016281,JUANITA,HAYES,33 OXFORD DR,,ARLINGTON,TX,34715-7737
61008578,DEANNA,TREDENNICK,3833 LEAF RD,,CANAAN,CT,75287-2938
9903001906,TRESSA,POSPISIL,155 BUSH CIR,,WILLIS,TX,75115-6111
115007347,TRACI,VICKERS,9 S POND CIR,,HYDRO,OK,64601-0392
83000326,JUDY,MEHAN,5583 18TH ST,,LEHIGH ACRES,FL,32256-9600
9917130509,LEONARD,MORATH,PO BOX 51975,,SAN ANTONIO,TX,22039-1301
13018577,AMY,BLAKELEY,315 HURST DR,,GAINESVILLE,GA,75048-4262
9937035851,PHOEBE,BROWNING,PO BOX 68316,,TELL CITY,IN,98178-3124
9941010900,MARISSA,CAVATORTA,3689 HOME PL,,ARLINGTON,TX,32712-2018
77000614,DEBBY,CHAMBERLAIN,57 PERRY AVE,,PARK RIDGE,NJ,77382-6002
22021475,JANE,BOUDREAUX,65 SPRUCE ST,,HURRICANE,WV,92706-3408
9920013960,CARISSA,ENGLAND,5337 S 518 E,,FAYETTEVILLE,AR,20124-2504
18020298,DOROTHY,BACKENSTO,11159 VIAJES,,INDIANAPOLIS,IN,80603-8326
83000444,WANDA,MCGEE,158 ETHAN DR,,BONITA SPRINGS,FL,06029-3847
60012445,JOY,RATHKE,78 MILLBROOK,,FISKDALE,MA,77546-2141
9917109920,SABRINA,MODISETT,53739 ROAD 8,,NEW BRAUNFELS,TX,01760-4158
9919006088,KATHERINE,PINO,356 SANDY LN,,HOUSTON,TX,90720-2222
124002965,CHRISTINA,COOK,13 E HIGH ST,,MCKINNEY,TX,76837-0216
18018173,ROBIN,LAMBERTY,583 E 9TH ST,,Indianapolis,IN,08833-4530
64006039,BETH,DREYER,3385 HIGH RD,,TEWKSBURY,MA,80305-6043
9934000597,JANICE,SINISI,193 LOPEZ DR,,COLORADO SPRINGS,CO,85331-5841
9945058825,DARICE,VIED,3381 88TH ST,,CARROLLTON,TX,75052-6532
60012662,JAN,MCCORMICK,386 TALUS RD,,GLASTONBURY,CT,02025-1041
9933018655,JILL,HAHN,37 HENDOM DR,,MONTGOMERY,TX,78247-2136
65024228,CHRISTAL,BURLINGAME,PO BOX 88575,,WIXOM,MI,91350-1847
77003462,JEAN,JOHNSON,157 55ST AVE,,RIDGEWOOD,NJ,80303-1428
9902008586,MARSHA,CLICKNER,3957 73TH ST,,FRANKLIN,TN,34652-3048
31015906,BEVERLY,JOHNSON,938 YUCCA CT,,RALEIGH,NC,75025-4488
999001308,BEVERLY,STARTZ,55 CHERUB CT,,SANTEE,CA,80215-5816
75000905,SHELLI,CLARK,38 GROTON DR,,ROGERS,AR,95136-4802
24089927,BETHANY,NORFLEET,5538 CLAY CT,,WALNUT,CA,06026-9502
9912001869,KELLE,KING,35 MELODY LN,,SANTA FE,TX,80601-4190
44009094,DANA,JONES,5655 5ST AVE,,SAINT CHARLES,MO,35802-1832
59015138,GAIL,GORDON,559 DORAL LN,,ORANGE,CA,75462-2814
9945062865,PAT,SCHRANTZ,3883 LACY CT,,DALLAS,TX,76426-3335
56008914,SINEAD,ANDISIO,5331 B ST NW,,CLAYTON,NC,55347-4690
64010750,MARIA,ZAMACONA,7881 DIOR CT,,WINCHESTER,MA,80107-1896
9911006489,MARK,DICKINSON,5 DEPAUW CIR,,MIDLOTHIAN,TX,90047-3205
60009330,TAMI,HARTIGAN,3863 HOOD RD,,MANCHESTER,CT,77338-1000
9936022400,DANIELLE,KOLLAR,55 FIELDS DR,,RAWLINS,WY,94087-1383
53012952,KATY,MCCAW,519 JOYCE ST,,VANCOUVER,WA,53214-3348
26021017,WENDY,SLAATS,385 FM 387 E,,SUN LAKES,AZ,76034-3639
9908007802,SUSAN,REGIS,PO BOX 11363,,POWAY,CA,80228-4924
78002675,HEIDI,HULL,57 WHALEN CT,,BALLWIN,MO,77546-5500
25022765,WILMA,ROUSH,5188 NOEL CT,,WORCESTER,MA,78045-8688
2014718,ROSEMARY,NICHOLAS,PO BOX 78817,,SYLMAR,CA,77581-6471
33019198,MARISSA,MESKIS,53 SPRUCE ST,,HENDERSONVILLE,NC,80020-6154
66005730,JANET,GALLOWAY,5536 NASH RD,,ALISO VIEJO,CA,46168-8306
9916109966,DONA,HINDMAN,5656 DUKE CT,,SPRINGDALE,AR,43551-1576
65024606,CLAUDIA,KALMAN,5 EIELSON PL,,FARMINGTON HILLS,MI,33950-5177
54017476,JENNIFER,SLATER,3783 93TH ST,APT 67UNIT 12208,WDM,IA,50010-5518
38033400,SANDRA,HICKS,35 DRAPER RD,,WASHINGTON,MI,42701-8943
77003494,KARLIN,WILSON,885 MAPLE ST,,HILLSDALE,NJ,78217-3350
66004184,CAROL,HARRIS,PO BOX 18963,,LAKEWOOD,CA,08876-6113
39042276,JEAN,HAYES,599 WHITE ST,,BOYNTON BEACH,FL,60192-4551
9943054578,KELLY,GUYTON,166 ROUTE 87,,SPRING,TX,85629-6654
9907003666,FRAN,JONES,56 WILBUR ST,,PLANO,TX,30064-2309
106009628,SYBILL,TRUSTY,551 ELLIS DR,,LEONARD,TX,77494-0648
39030412,JANE,JONES,1558 E 188 S,,PALM BEACH GARDENS,FL,92131-3602
3028579,DEBI,HAUGEN,58 SPRUCE LN,,GILBERT,AZ,76001-6511
9912005924,MARK,COMPTON,5115 KNOX RD,,LEAGUE CITY,TX,77536-6192
9923004377,SUSAN,SHERRELLE,9169 PARK ST,,SAN ANTONIO,TX,01460-2232
24087575,CLAUDIA,FOURNIER,533 ELLIS CT,,LOS ANGELES,CA,20124-2036
103006192,CHRIS,GRIECO,319 BOHNY DR,,HIGHLANDS RANCH,CO,47933-9611
104006294,MARIA,EWELL,533 KEVIN CT,,PEORIA,AZ,33477-7346
45012184,JEAN,ARMSTRONG,685 OLEAN CT,,MENLO PARK,CA,92883-9105
65023972,ROBIN,ODLUM,15 KELIAN CT,,BRIGHTON,MI,91392-1665
68005156,NANCY,LAROCQUE,5896 DASH CT,,MERIDIANVILLE,AL,78248-1679
107007891,STEVEN,GROENDYK,588 SHORE DR,,FRISCO,TX,80920-4825
26023400,MAEGAN,MANNING,81 SABLE HTS,,GILBERT,AZ,60056-2919
25022560,LAURIE,SCHROEDER,857 ASTER DR,,WELLINGTON,FL,92882-6851
7017588,BRITTANY,POPE,5586 BOYD DR,,FOUNTAIN VALLEY,CA,76036-4691
53013225,CONNIE,MASON,55 SPRUCE LN,,PORTLAND,OR,77005-3711
25023056,MARY BETH,STORY,9583 BASS RD,,JOHNS CREEK,GA,60061-3814
12015435,DEEANN,BOCK,553 MASON ST,,RENTON,WA,48390-2925
105002993,SANDRA,LOPEZ,PO BOX 38819,,MANSFIELD,TX,37604-2182
11017180,KATHY,LEWIS,5713 38TH ST,,SAN MATEO,CA,76132-4512
72003326,KAREN,SWANSON,918 AMBER LN,,TORRANCE,CA,22306-2258
39038401,WENDY,KELLY,555 S 3RD ST,,INDIALANTIC,FL,75402-8047
9937037984,LENA,TUBBS,339 HILLS ST,,MUNCIE,IN,06035-2802
9914012467,PAM,PRICE,5 TIMBERLINE,,JASPER,TX,50501-7811
12016306,KATHLEEN,PRICE,95 SUMMER ST,,MOSCOW,ID,77306-5794
105003844,CAROLYN,CRAWFORD,5178 HULL RD,,GRAND PRAIRIE,TX,31510-7652
104001489,JANA,CHIN,3389 73TH ST,,AZLE,TX,80403-1118
9917126828,HOLLY,ACUNA,55 BETHAL LN,,MCALLEN,TX,01603-3218
3023735,MICHELLE,ELMS,587 PARK AVE,,LA HABRA,CA,43615-2250
122000070,RUTH,FRASIER,16 SNYDER RD,,LUBBOCK,TX,43616-4005
114002049,JEANNIE,VALENTI,35 SEDGEWICK,,WAXAHACHIE,TX,06026-9734
124003278,SHELLY,RAINACH,389 CLARK DR,,PLANO,TX,75098-8514
4015564,LINDSEY,JASMAN,6337 HIGH DR,,TUCSON,AZ,43402-1461
58008153,DIANA,LOWE,5 BULLDOG DR,,ROSSFORD,OH,28117-9440
66001841,IRENE,KOEPP,13 WATSON DR,,SILVERADO,CA,33901-8922
9923001635,CINDY,WILSON,16 BRYANT PL,,FREDERICKSBURG,TX,77459-6154
9908008312,MAUREEN,SHOUPPE,6 STANLEY RD,,LIVINGSTON,TX,78573-9314
54016761,VERONICA,CRAWFORD,5583 KIRK ST,,FRESNO,CA,80403-2639
7015349,JERITA,ELLISON,6 VERMONT DR,,WOODSIDE,CA,78006-9444
54013945,NICOLE,LINN,RR 5 BOX 356,,ALTOONA,IA,76033-5971
9921004208,GLORIA J,SCOTT,535 PARK RDG,,COLORADO SPRINGS,CO,75495-1759
9934030994,CAROL,BATES,1588 W 568 S,,HGHLNDS RANCH,CO,91320-4945
71004275,COLLEEN,DOBBS,PO BOX 17759,,THOUSAND OAKS,CA,60120-8303
76001741,CHRIS,JARRELL,3838 KERI LN,,ROUND ROCK,TX,76092-7655
9944007503,PHYLLIS,HIGGINS,133 COWAN RD,,BELLAIRE,TX,01590-1806
9933012183,CELESTINA,PARMER,1158 LISA LN,,HOUSTON,TX,92692-5059
9915064779,IRMA,SMITH,11 BARNEY RD,,ALVARADO,TX,72714-1845
24089360,KATIE,HILCHER,638 KITTY ST,,SYRACUSE,NY,91320-4960
9021810,PAGE,BROWN,5883 EASY ST,,GAINESVILLE,TX,92883-4169
9914008485,RITA,HARTMAN,1133 RIPY RD,,HOUSTON,TX,06790-3172
107008210,CAROL,FUKUMOTO,986 S 5TH ST,,LONGMONT,CO,45342-2047
72001973,MELANIE,BURNER,18 ARNOLD RD,,LOS ANGELES,CA,63021-5877
52018968,PAULA,RUSSELL,7657 ROBB CT,,HERNDON,VA,63011-2642
44012164,SUZIE,NIETZ,3889 PINE ST,,EDWARDSVILLE,IL,63119-2411
9919019684,JULIE,BLAKNEY,PO BOX 91385,,CYPRESS,TX,48381-1428
9934001886,CHERYL,MILSTEAD,857 DORAL DR,,ARVADA,CO,80124-9714
54014905,CAROL,ZORDANI,1859 JUNE CT,,ALPHARETTA,GA,78256-1659
9921010073,MARIE CLAIRE,YOUNT,PO BOX 51678,,COLORADO SPRINGS,CO,76179-6653
83000877,SHAYLA,HENDRIX,9355 OTIS ST,,BONITA SPRINGS,FL,80937-8636
9915002315,ANN,COLLINS,1853 PARK ST,,GULFPORT,MS,33458-5208
3026026,SHAUGHN,SCALABARNETT,5777 W 588 N,,YORBA LINDA,CA,32708-3119
46023968,KATIE,BAKER,58 LEGION ST,,ELKTON,MD,75033-4797
9937013587,JOANNE,WAUGAMAN,515 LAKE AVE,,FRISCO,TX,06040-5631
122002887,DEBRA,HANCOCK,35 BARKER ST,,BOERNE,TX,92663-5517
24088367,WILLIAM,GARZA,3388 DOTY LN,,PASADENA,CA,76140-0029
9934001124,PAMELA,ROBERTS,958 ETHAN RD,,CENTENNIAL,CO,91732-2224
103006367,KATIE,AUSTIN,5153 MESA CT,,CENTENNIAL,CO,95118-3537
9921004732,PEGGY,JOHNSON,585 N MAX ST,,SHREVEPORT,LA,01740-1277
9937025231,INGRID,HARRISON,PO BOX 58633,,FLOWER MOUND,TX,92024-4916
9916123284,HEIDI,PENA,588 LIVE OAK,,NORMAN,OK,78070-4714
9933004885,NANCY,BOUVIER,5888 MAIN ST,,MONTGOMERY,TX,77449-3291
103006354,SIMONA,DILLE,555 DEBRA LN,,CASTLE ROCK,CO,77388-4236
9939028758,JACQUELIN,COLEY,5513 73TH ST,,SHOAL CREEK,AL,43611-2860
25028682,LESLIE,FONTICHIARO,538 BRUNS DR,,WELLINGTON,FL,37214-1611
115003308,MARY,DAVIS,353 RIVER RD,,OKLAHOMA CITY,OK,75035-7603
9916124488,SHEILA,GIOULOS,3853 S 988 W,,OKLAHOMA CITY,OK,44145-3038
26024117,DONNA,DILL,3 TOSCANY CT,,GREENSBORO,NC,32162-3947
9916115920,MARILYN,MONTGOMERY,5151 13TH ST,,YUKON,OK,28803-8639
52017696,MARIA,ROGERS,3187 BAER RD,,SOUTHPORT,NC,77062-5613
38035213,ALISON,SCOTT,PO BOX 95785,,CHESTERFIELD,MI,95826-1654
9921008759,LINDA,ROWAN,5 COUNTRY PL,,NOKESVILLE,VA,02888-3700
9902012010,ROCHELLE,HALL,578 HAYES RD,,PARKERSBURG,WV,99712-1636
125000206,ELSIE,MANNING,588 AVENUE T,,FORT WORTH,TX,75220-1864
9945055139,SUZANNE,LEWIS,5355 ROSE LN,,MESQUITE,TX,77510-6605
40051276,KAYLA,PARSONS,351 MYERS RD,,ALTAMONTE SPRINGS,FL,80227-3818
30010703,JEAN,LAVOIE,16 CUTLER ST,,STANWOOD,WA,77546-4548
18018412,TABITHA,CARLSON,38 SUNSET DR,,ATHENS,GA,33461-6121
6047044,CATHY,TANI,1935 E 188 S,,MISSION VIEJO,CA,75022-8039
9942045479,ELIZABETH,CENNAMO,657 VENUS DR,,BELLS,TX,80104-7728
115008289,KELLY,BAY,376 ABBIE RD,,ALVA,OK,01030-1228
52019458,AMY,CALLARMAN,19 OXFORD RD,,FAIRFAX,VA,52627-3532
83001674,JAYNE,TAYLOR,713 E 7TH ST,,LEHIGH ACRES,FL,76123-4024
9933029468,TAINA,SIMON,953 TOPAZ DR,,CYPRESS,TX,75009-0124
107000029,KATHIE,MCGRATH,5118 ISLE CT,,SMITHFIELD,NC,80003-2826
9903034511,IRIS,DUNFORD,1 WILSON TER,,HUFFMAN,TX,72762-0438
54015049,KELSEY,SCHERZER,PO BOX 83551,,ANKENY,IA,34990-4130
122000662,CINDY,CUMMINGS,383 LEWIS RD,,SAN ANTONIO,TX,73156-0942
12016295,ASHLEY,SLINKARD,5535 YUMA DR,,WASHOUGAL,WA,11590-6025
15082452,MARY LYNN,BAX,91 BEAVER RD,,WOODLAND HILLS,CA,73013-7090
9906041742,KAREN,ONEAL,588 MANOR DR,,GRAND PRAIRIE,TX,78232-4126
9917124299,SUSAN,DAWLEY,5639 PIKE ST,,LONGVIEW,TX,92024-2145
63005700,JACQUELYN,JONES,1598 HAWK ST,,SAINT MARYS,GA,33469-2051
9916126583,DENA,LAVATORI,5575 MAIN ST,,CHOCTAW,OK,78006-5880
39035369,MARJORIE,GALVIN,958 GENOA CT,,WINNSBORO,TX,20120-3919
9937016149,DEE,WHITTAKER,317 LINKS DR,,EDMOND,OK,92881-8432
9917111823,CAMILLE,MINIKUS,3859 FM 3563,,SAN ANTONIO,TX,37205-1030
9912005634,JENNIFER,WU,8 WINTERS LN,,HOUSTON,TX,78015-6540
26022915,RUE,SANDEL,88 MAPLE AVE,,FPO,AP,73533-1027
106001484,DENISE,TORRES,167 GREEN RD,,FALLSTON,MD,80921-3509
59010133,JAN,GRALHEER,898 LEWIS PL,,RANCHO CUCAMONGA,CA,76109-2639
60012769,KELSEY,ROSE,5983 MOSS DR,,SOUTH BURLINGTON,VT,93430-1264
9916126092,MICHELLE,HOLIMAN,11 SAVOY AVE,,YUKON,OK,80920-3704
9916100610,KAREN,RODBERG,PO BOX 35331,,OKLAHOMA CITY,OK,77339-3114
63011631,ANN,VORE,5599 W 788 S,,JACKSONVILLE,FL,91040-1247
104002142,ANNETTE,SYDOR,5316 HERR LN,,CEDAR HILL,TX,34990-7922
9934000009,CINDY,BACON,3775 S 988 E,,LITTLETON,CO,52722-6539
39029824,KARA,MALLONEE,1837 ORCA CT,,FORT WASHINGTON,MD,43028-9400
67003330,MARY,COVILL,519 LODGE DR,,THOUSAND OAKS,CA,37138-1936
9911006683,JENNIFER,GONZALEZ,376 PRELL LN,,ALEDO,TX,76016-5107
15082469,KRISTIN,TAITE,6 LEONARD RD,,CANOGA PARK,CA,06231-1620
61007020,RENEA,BASKIN,989 DAISY CT,,FEEDING HILLS,MA,77007-1630
9912004597,LADONNA,SUTTON,PO BOX 55335,,HOUSTON,TX,76012-4908
120001264,PHIL,KING,13 RAVINE RD,,SPRING HILL,FL,32836-6546
9937013293,CRYSTAL,OWENS,5778 91ND ST,,COPPELL,TX,32211-6918
9916114060,LINDA,MITTMAN,75 ONEILL DR,,PEARLAND,TX,80112-1528
72006899,MANDY,ANDREWS,7331 ERIN CT,,CULVER CITY,CA,70070-6131
106001977,JENNIFER,SNARSKI,3956 TORI PL,,PLANO,TX,72712-7904
61010143,JOAN,CARRICO,133 N 5888 E,,BURLINGTON,CT,73099-7138
9933011032,SHANNON,WATERS,8633 MORY ST,,SPRING,TX,78232-1345
114001229,CAROL,PRESCHER,56 CHAPEL LN,,DALLAS,TX,43551-3687
999001648,MARY,JONES,587 PECAN ST,,SOUTHLAKE,TX,92780-4711
106008241,EVA,WALDEN,513 CIELO LN,,FORNEY,TX,92672-2534
9938009039,KURT,LEMIEUX,188 ARBOR LN,,ARVADA,CO,02601-3640
9942046480,FLORENCE,STEPHENS,6818 URSA LN,,HOUSTON,TX,76247-5804
101001903,KATHLEEN,REHARD,5889 KRIS ST,,MARIETTA,GA,33411-1321
9912005244,SUSAN,CANNON,17 E HILL RD,,HOUSTON,TX,76001-7903
17071635,ROANN,LAYHER,519 MCVOY DR,,CANOGA PARK,CA,49684-9553
9904040312,KAREN,SWAIN,PO BOX 58516,,COLORADO SPGS,CO,64856-7208
63008574,LISA,AHO,53 AVALON PL,,JACKSONVILLE BEACH,FL,11030-2508
68004513,KIMBERLY,GRAHAM,736 56TH AVE,,SANTEE,CA,73025-9488
26020204,WANDA,POOL,55689 LIN RD,,CHANDLER,AZ,76016-2906
115005071,LINDA,STRONG,7 CLIFDON DR,,DURANT,OK,76034-5679
17071312,LUCY,WILLIAMS,7385 58TH ST,,MOORPARK,CA,38544-3544
9934008378,STEVE,LOWRY,558 WEESE LN,,ENGLEWOOD,CO,93021-3192
9915072040,NADIA,WEINALD,685 FM 738 N,,DALLAS,TX,77546-5023
9903003212,BARBARA,MASON,PO BOX 58583,,SPRING,TX,80301-3144
9933018295,BONNIE,OWEN,5137 MAIN ST,,KINGWOOD,TX,78232-1141
125003032,FRANCIS,SPIER,51 MONSON RD,,COPPELL,TX,77356-8615
39040210,CATHY,KUBOYAMA,5771 IRIS CT,,JUPITER,FL,43606-1603
79000658,KRISTEN,TOSCANO,18 NEWTON DR,,RUTHERFORDTON,NC,77708-2311
39039445,JUDY,BURNS,9887 PARK DR,,NORTH PALM BEACH,FL,78023-4563
9930032325,NANCY,SNYDER,553 AVENUE B,,IRVING,TX,75551-3013
25026807,SHARON,LUSK,1353 18TH PL,,PALM SPRINGS,FL,07430-2530
9916104821,KAREN,PLUNKET,555 W 7TH ST,,OKLAHOMA CITY,OK,77573-2581
115005327,DEBORAH,BRADFORD,3356 LIAM DR,,OKLAHOMA CITY,OK,24179-1027
120005444,KATIE,HERNANDEZ,385 S 5TH ST,,MONUMENT,CO,06073-2332
9932039539,DEBORAH,KOLM,3 EAGLE PASS,,NASHVILLE,TN,07645-1502
9937037309,STEFFI,JOHNSON,18855 LUCERO,,MURPHY,TX,78114-3002
9903001170,CATHERINE,DAFFERN,13 N VINE ST,,HUMBLE,TX,03079-4000
77000553,BARBARA,LANPHER,PO BOX 55593,,ALLENDALE,NJ,77379-7563
11020554,TERI,LEMONS,558 FORGE DR,,CAMPBELL,CA,60045-2365
9907011585,AMR,BARTA,PO BOX 63839,,CELINA,TX,64601-0392
115002050,MARGO,WADSWORTH,5158 WOOD ST,,CLOVIS,NM,80130-6642
18018801,SHARON,DAVID,535 DA VINCI,,FISHERS,IN,43551-4586
40050039,LISA,BURR,87 GRAND AVE,,EVANSTON,IL,63366-5555
9942046011,CAROL,ONSTOT,5398 EAST ST,,ALVIN,TX,75070-8773
9925000854,AMIE,ACKLEY,PO BOX 15757,,SAN ANTONIO,TX,80027-9597
15082636,MARYANN,BANNON,157 HORSE HL,,CALABASAS,CA,77845-8756
9933007584,EMILY,OREBAUGH,5853 DAWN CT,,SPRING,TX,28578-9039
570019868,DEBORAH,NELSON,716 8TH ST S,,STAMFORD,CT,85748-3843
68005186,TRACEY,MENNEN,656 MAPLE ST,,HOUSTON,TX,80015-4266
999001245,JEAN,ARMSTRONG,PO BOX 17759,,SOUTHLAKE,TX,80241-3986
9905022983,MARGOT,COLE,58 LORING ST,,TROPHY CLUB,TX,91107-5665
9923000418,KATHLEEN,ROSE,181 FIELD ST,,HELOTES,TX,77019-1938
67006850,CAROLYN,HORNICK,585 HARTZ LN,,SIMI VALLEY,CA,80403-7480
124004640,AMY,EARLES,75 SPRING LN,,ROCKWALL,TX,42102-5894
24087864,CATHY,MURPHY,PO BOX 35855,,VALENCIA,CA,85202-5519
3025957,MARCI,QUILL,198 CROWN CT,,ANAHEIM,CA,75058-3244
26020925,SUZETTE,MCCLURE,5368 TEAL CT,,CHANDLER,AZ,78230-1457
9930033059,MARYANNE,SALAZAR,8 ROCKLYN CT,,EAST STROUDSBURG,PA,33463-5345
9908006449,DEBI,BAKER,5338 31ND PL,,GRAND TERRACE,CA,75452-0185
116003939,JESSICA,MEINDL,5155 HILL ST,,SAN ANTONIO,TX,76554-2705
61010152,CONNIE,NELSON,587 MANOR RD,,BILLERICA,MA,52241-3380
9903032095,DANA,MCHENRY,853 SELMA PL,,CONROE,TX,73096-4222
9934028334,CHERYL,PETERSON,513 ANTON DR,,CHERRY HILLS VILLAGE,CO,37066-4415
52017086,MICHELLE,BEAUFAIT,56 FOSTER RD,,GAITHERSBURG,MD,75154-5642
119002495,BELLE,COPPEDGE,535 LEWIS ST,,MANSFIELD,TX,77035-5016
61007635,BINA,LESKO,16 TIMBER LN,,TORRINGTON,CT,90230-6154
25022709,ADRIENNE,LEIST,388 JENNA DR,,WELLINGTON,FL,15044-9720
65025725,PAULA,HARDY,7355 LAKE DR,,NOVI,MI,76013-1213
9942043327,DEBBIE,FULLERTON,55 DAKOTA CT,,MEMPHIS,TN,45856-9205
25027566,JUANITA,TOOKER,318 INLET RD,,BOYNTON BEACH,FL,34953-6592
65024943,NANCY,SANDAMENA,351 SIOUX ST,,PLYMOUTH,MI,92037-9252
40042849,LYNNE,KLEIS,789 JOYCE ST,,ORLANDO,FL,06001-4007
107007893,TINA,COSTA,1913 ROSE LN,,ARVADA,CO,78240-5225
9933007051,ROCHELLE,DOMINGUEZ,785 N 1ND ST,,MONTGOMERY,TX,78542-4585
9907010467,LISA,GORDON,389 E 5TH ST,,LEWISVILLE,TX,46814-8717
105006781,PATTY,GANNAWAY,383 MAPLE DR,,YORBA LINDA,CA,93065-7388
570018051,LISA,NAYS,35 CLOVER LN,,OSSINING,NY,72756-4226
5027349,PATRICIA,KOLODZIEJ,638 OSCAR ST,,NEWCASTLE,CA,77571-5833
9945053477,RACHEL,LAGEMANN,1557 VIEW LK,,RED OAK,TX,85249-7138
54017389,CAROLYN,HEATH,571 DERBY RD,,ANDOVER,MN,30044-2530
44010700,MICHELLE,HOUSTON,5 VINTAGE LN,,BALLWIN,MO,80631-9761
9916116037,KAREN,MORENO,388 KYLIE LN,,YUKON,OK,37043-5949
10021853,PAM,MARTIN,3958 LANE DR,,SALT LAKE CTY,UT,77441-4272
74003520,SUSAN,HUG,5187 18TH ST,,PEMBROKE PINES,FL,80122-3081
65023790,JENNIFER,REGIER,518 ASCOT DR,,HOWELL,MI,76308-4733
120005903,KAY,GOE,36 HARMON DR,,SALINA,KS,22015-4067
77002680,SHARON,BONDY,539 OTTER RD,,GLEN ROCK,NJ,77494-3542
9917118240,ELODIA,HERNANDEZ,1555 PINE LN,,HARLINGEN,TX,43123-8042
75001089,LISA,ACOSTA,39 IVIERS DR,,HOPE,AR,76063-5172
9920006357,PATTY,MECHAM,681 DZEN WAY,,SPRING,TX,63010-5322
107001178,LESLIE,BADER,1383 PINE CT,,PROSSER,WA,06066-2238
40051272,SUSAN,SINGLETON,33 GERMAY CT,,APOPKA,FL,78732-2468
75000297,PATTY,FOWLER,6 CUTLER WAY,,FORT SMITH,AR,77505-6403
9932032308,CHRISTY,DOYLE,6898 COLT DR,,NASHVILLE,TN,32701-5733
54013486,CAROL,BIEGEL,585 S 5158 W,,OMAHA,NE,06095-1947
120006152,RENNIE,MAGNAUCK,5858 S 388 W,,COLORADO SPRINGS,CO,43119-8775
9907006552,ANTHONY,THOMPSON,83 LARGE AVE,,SOUTHLAKE,TX,33449-8000
9937000214,JUDY,BOLT,319 KENT AVE,,MCKINNEY,TX,77581-1732
9930016024,CLAUDIA,PARKER,1 SIESTA CIR,,SHERWOOD,AR,91740-5944
107007363,JODIE,VARGA,PO BOX 15581,,DENVER,CO,92108-2178
9939164040,ROSLYN,YAGODNIK,338 RANCH RD,,SAINT LOUIS,MO,75044-5883
60012900,CASSIE,MAY,6535 KATY CT,,WEST HAVEN,CT,97229-2355
50018148,RODOLFO,BRIGGS,58 CENTER ST,,SUCCASUNNA,NJ,50265-5634
120005983,KATHERINE,PAYNE,55 FLORAL LN,,COLORADO SPRINGS,CO,77082-2611
61008368,SANDRA,PEYTON,3985 ELK RUN,,WEST HARTFORD,CT,76626-0011
64009417,ELIZABETH,BRATTEN,PO BOX 37588,,COHASSET,MA,33966-1103
25023624,BARBARA,LOZZI,557 PARK RDG,,WEST PALM BEACH,FL,75080-4921
9933028895,YOLANDA,CALES,388 FORD WAY,,MONTGOMERY,TX,94553-0221
19025225,RHONDA,ALLAIN,685 EMBER LN,,BARRINGTON,IL,70002-1316
71005434,JENNIFER,PUENTE,PO BOX 18567,,PHOENIX,AZ,61761-5329
55015903,LUCY,HENANDER,98 Apsley St,,CAZENOVIA,NY,06443-2915
58009559,IRMA,GOUGAS,5 INDIAN WLS,,TRAVERSE CITY,MI,27253-8449
54016023,DARLA,SNIDER,989 UNION ST,,HIAWATHA,IA,80111-3903
6047761,TERI,FAICHTINGER,5595 CARR ST,,SAN DIEGO,CA,30097-5969
63007199,MARISSA,ELLIOTT,3 DEBORAH DR,,JACKSONVILLE,FL,82003-7020
9933005684,SHANNON,WINTER,3768 55ST ST,,SPRING,TX,40031-1026
2015107,JOHNNIE,PASCHE,13 N PARK DR,,VAN NUYS,CA,72703-9728
9923005657,SHEILA,LANGENDERFER,166 SOUTH RD,,SAN ANTONIO,TX,99577-9402
72001228,BILLY,BENNETT,8555 KIRK DR,,CARMEL,IN,47304-5069
6046809,MORGAN,GALLAGHER,5551 38TH ST,,SAN JUAN CAPISTRANO,CA,75069-2136
9933023707,CYNTHIA,COOPER,558 W 7TH ST,,SPRING,TX,80466-9507
103004898,CHRISTIE,WEAVER,6183 IOWA ST,,HIGHLANDS RANCH,CO,93611-7019
105006806,CHARLES,HENYON,3838 LILY ST,,LORENA,TX,07661-1023
54012759,DORA,BROWN,689 E 3TH ST,,SCOTTSDALE,AZ,78023-4269
5022982,MICHELE,HILLMAN,PO BOX 13338,,ROCKLIN,CA,85266-4264
9937024916,STEPHANIE,FERREIRA,PO BOX 18931,,SURFSIDE BCH,SC,76011-4728
11018443,GWEN,RIPE,315 PINE CIR,,SARATOGA,CA,60067-2441
40044231,KELLIE,SCHROEDER,58 BETONY PL,,WINDERMERE,FL,43465-1531
9902013378,NIKKI,MCNAULL,8 NELSON AVE,,LEBANON,TN,94551-2100
47019174,CARLENA,WORDINGER,531 56TH AVE,,PEWEE VALLEY,KY,75181-1860
58010819,ELLEN,FRANKLIN,536 WOOD RUN,,PORT DOVER,ON,80228-5474
51014690,AMY,WUTHRICH,5658 HYDE CT,,MIAMI,FL,78258-7870
9934033235,RENEE,GRIFFIN,356 RIDGE RD,,CASTLE ROCK,CO,85249-6951
63006787,JENNIFER,ARELLANES,PO BOX 38636,,JACKSONVILLE BEACH,FL,33411-8973
124003618,KAY,BARKER,1885 TARA DR,,ALLEN,TX,07410-2053
9933009264,MARGARET,DIMICHELE,3535 E 188 S,,SPRING,TX,80015-3259
60012976,JENNIFER,CORPREW,538 WELLS RD,,NEWTON HIGHLANDS,MA,76001-5687
54017139,VALERIE,HARTLEIB,58 CROCUS LN,,STORM LAKE,IA,43054-9216
9932036958,MINDEE,KRESS,1719 IOWA DR,,SPRINGFIELD,TN,29575-4261
60009173,DAVID,LAXTON,895 AVENUE X,,GLASTONBURY,CT,60189-5820
71006830,KIM,RILLORAZA,1837 E 515 N,,MOORESVILLE,NC,73049-9100
9917119190,MARY,SUSTAITA,PO BOX 56535,,SAN ANTONIO,TX,29223-1827
106009959,BILL,BROWN,8558 OAK CLF,,THE COLONY,TX,97206-2643
60011245,SUSAN,TILLMAN,53 DONORE SQ,,VERNON ROCKVILLE,CT,77386-1244
9933028361,DAN,FOLEY,7761 CORA DR,,WILLIS,TX,73112-6708
58010666,RITA,GRANERO,98 BOULEVARD,,DOWAGIAC,MI,01844-5868
54014807,REBECCA,ALLMAN,5997 MCIVER,,FORT DODGE,IA,72601-4818
9903036265,KATHY,MCGATHEY,1865 OAK DR,,NAVASOTA,TX,76180-8113
3025271,ROBERT,MORGAN,PO BOX 8973,,PLACENTIA,CA,52215-9057
44011579,CHRIS,GAVIN,PO BOX 5175,,SAINT LOUIS,MO,76016-5426
9937012504,ISABELLE,WEBBER,83 LILAC LN,,VALLEY VIEW,TX,77382-1116
115005937,DEBORAH,SHEPLOW,PO BOX 5189,,OKLAHOMA CITY,OK,81632-4209
104006290,SHARON,BILLER,PO BOX 3858,,Flower Mound,TX,48221-2248
9907016788,BETHANY,GRIFFIN,558 MAIN ST,,COPPELL,TX,01880-1549
9930017104,LACEY,WILLIAMS,33 ALLEN RD,,FORT WORTH,TX,75230-5009
9917131236,GERRI,KNESS,585 PARK LN,,SAN ANTONIO,TX,75039-4109
107006879,CINDY,MEIR,PO BOX 5683,,LONGMONT,CO,76692-2200
9904041491,PEGGY,ELLIOTT,13 MAPLE LN,,CENTENNIAL,CO,77429-5125
115008457,ELVA,YANKOWSKI,PO BOX 1887,,OKLAHOMA CITY,OK,77435-9305
9930008866,MARION,HERMAN,5338 OAK ST,,ROSE HILL,KS,75039-3224
9911003735,GENA,TALLEY,513 MAYFAIR,,JOSHUA,TX,65340-3236
22019585,JENNIFER,PAGE,3 NUTMEG CT,,PICKERINGTON,OH,80111-5289
18018692,PAULA,CAHALY,55 SPOON CT,,MUNCIE,IN,75287-6554
65022226,NATASHA,CASTO,153 BUSH LN,,BOYNTON BEACH,FL,77584-7016
53013361,ELEANOR,JOHNSON,88 NILES RD,,DALLAS,TX,25404-6499
103001506,SUZANNE,BLACKMAN,637 ROAD 58,,HGHLNDS RANCH,CO,06019-4517
9021465,LAURA,ARREDONDO,59 JULIA ST,,PHOENIX,AZ,77336-2900
107002203,CHRISTY,CANNICI,PO BOX 5855,,ARVADA,CO,32829-7803
25028095,DONNA,WELCOME,PO BOX 5818,,LAKE WORTH,FL,78240-3952
18020794,MAUREEN,BLACKSTONE,PO BOX 5158,,MADISON,WI,01801-3153
20016119,NANCY,OLSON,PO BOX 7593,,HOUSTON,TX,64784-9124
52021469,BEVERLY,DAILEY,3585 ASH DR,,CHANTILLY,VA,85234-6449
9917110693,LEAH,NUTTER,589 RAND ST,,BURKBURNETT,TX,38555-5713
9912001642,CASEY,WEBB,PO BOX 7385,,HOUSTON,TX,46240-4655
103005482,ELIZABETH,UPCHURCH,PO BOX 5953,,GILBERT,AZ,75024-2549
54014852,HELEN,TAYLOR,PO BOX 5373,,SIOUX CITY,IA,80831-6068
9942043281,LUCIENNE,MEYER,183 CLUB DR,,PASADENA,TX,75013-0033
125002456,PEGGY,MATTESON,559 LEAH DR,,COLLEYVILLE,TX,37027-8180
60012523,CAROLYN,SAENZ,PO BOX 1581,,MANCHESTER,CT,32835-8732
61008552,DOUGLAS,BOURBON,836 DENT ST,,BLOOMFIELD,CT,85248-6251
65020182,MICHELE,BIVINS,655 1ND AVE,,MILFORD,MI,80227-4157
39032122,AMY,RUBIN,938 59TH ST,,STUART,FL,33437-5521
112000803,KRISTINE,BEVANS,13 ALAMITOS,,SPRING,TX,03234-4036
39037958,LINDA,CASEY,PO BOX 5585,,PORT SAINT LUCIE,FL,95722-9473
33015842,ELAINE,LARSON,3 SUMMIT DR,,MARIETTA,GA,79606-5027
9020953,PETE,THOMPSON,557 ROSE LN,,SCOTTSDALE,AZ,77386-1164
75001374,JANA,GILBERT,359 CAMP ST,,COAL HILL,AR,46055-4445
9022117,HEATHER,STEBBINS,3 COMMANCHE,,SCOTTSDALE,AZ,73007-0396
9909166679,CHERYL,KRAEMER,PO BOX 3189,,SAN ANTONIO,TX,76065-0163
1024282,SUSAN,PATTON,PO BOX 5688,,CARLSBAD,CA,78249-2313
9936010064,MELISSA,DUTTON,11 CAROL DR,,LAKE DALLAS,TX,76140-0029
9911001477,BOBBYE,STILLE,PO BOX 5896,,BURLESON,TX,77523-8619
105005949,DIANA,TERRY,5 LAUREL LN,,ARLINGTON,TX,33414-4346
52017820,CARINA,PONDER,PO BOX 3636,,BRISTOW,VA,98056-3550
122000105,LYNNE,SANCHEZ,675 CODY ST,,SAN ANTONIO,TX,53045-4246
19028185,MELANIE,GRIEZE,PO BOX 5398,,MINOOKA,IL,76001-6210
9936017516,CLAIRE,PALMER,51 HARDY DR,,GRAND PRAIRIE,TX,33410-1518
83001640,ANNETTE,WILLIAMS,PO BOX 6853,,PUNTA GORDA,FL,06118-1947
44008938,JUDY,ARREDONDO,55 ROBIN LN,,MARYLAND HEIGHTS,MO,37179-5034
121002838,STACY,DUNN,3 SANDY WAY,,BRENTWOOD,TN,85032-4715
9908005430,BARBARA,ALFANO,57 CREST RD,,CHEYENNE,WY,37043-5589
124001986,GEORGIA,ROMANELLI,37 LOWER RD,,RICHARDSON,TX,63124-1306
9916104415,JUDITH,GARCIA,3363 FM 171,,OKLAHOMA CITY,OK,77401-4803
9917111808,MARY,TRENCH,939 HALL RD,,CORPUS CHRISTI,TX,47638-9001
9937031953,FARRAH,KEENAN,117 WEED ST,,MCKINNEY,TX,37064-2037
65021246,NINA,GALVAN,58 SEARS ST,,COMMERCE TOWNSHIP,MI,77581-6370
31018911,MARIE,DELAURENTIS,PO BOX 5818,,HILLSBOROUGH,NC,78249-2627
110002437,SANDRA,JONES,51 EATON RD,,WEATHERFORD,TX,46803-1228
18019677,EMILY,VARGA,579 FERN ST,,ZIONSVILLE,IN,78840-2032
9906034153,CYNDI,FRITZ,53 BARRY RD,,FORT WORTH,TX,84121-7031
9933001604,JEANNE,MEADOWS,PO BOX 5886,,MONTGOMERY,TX,97124-4341
9935013008,CATHY,ARAFAT,781 LORA LN,,NORTH RICHLAND HILLS,TX,76017-3917
120005253,NANCY,TRIMBLE,789 ADAM CT,,PEYTON,CO,33418-7852
11019433,JIM,BACHMAN,878 FM 1985,,SAN JOSE,CA,78263-2410
47017232,CINDY,HAVELKA,5355 FOX LN,,FRANKFORT,KY,00979-1469
18022780,JEANNE,REMSBERG,73 JONES RD,,INDIANAPOLIS,IN,91302-5102
59011538,DEBBY,BRYCE,53 TERN CIR,,CORONA,CA,32571-8439
60012879,AMY,MARTIN,31 CROSS RD,,YPSILANTI,MI,62712-8353
27022167,MARY,DOBBS,536 LYNN CT,,CEDAR RAPIDS,IA,65804-6741
9938007918,RACHEL,PIROLO,PO BOX 3165,,BOULDER,CO,33016-6147
10019925,BILLE,GLEASON,PO BOX 5893,,CHANDLER,AZ,92373-6659
58012182,VERA,SMITH,5337 FM 386,,HOLLAND,OH,93001-2318
9937014508,DEB,RICHMOND,338 MAIN ST,,ARDMORE,OK,61705-6481
9937002580,LINDA,DAAKE,PO BOX 6685,,FLOWER MOUND,TX,95630-2039
5022731,LORAND,NIEHUS,PO BOX 5578,,ROSEVILLE,CA,76092-8476
106008079,MARILYN,HENDERSON,PO BOX 8735,,ONALASKA,WI,75070-2230
9906042820,LOUISA,TERHELLE,PO BOX 5588,,ARLINGTON,TX,91361-3601
40041913,SUZI,UHRIG-KANCLEROWICZ,PO BOX 1585,,FARMINGTON HILLS,MI,72206-9043
63009932,SYLVIA,MURPHY,PO BOX 8558,,FERNANDINA BEACH,FL,80005-4709
9933027854,AMIE,PULLER,PO BOX 5385,,CONROE,TX,80960-0868
9907002027,JANELLE,JEANIS,PO BOX 5557,,CELINA,TX,76087-7013
3026117,SUSAN,MACK,PO BOX 5531,,BUENA PARK,CA,44060-3801
66001817,APRIL,JACKSON,PO BOX 5133,,IRVINE,CA,09009-0012
38034637,CAROL,ELLIS,PO BOX 5635,,WARREN,MI,72711-0046
43020870,DEANA,COOK,53 MAGNA DR,,HOWARD,OH,75227-2853
15082691,CINDY,PEZZULO,555 ERIE CT,,CALABASAS,CA,98632-3282
3027968,VICKI,BOATMAN,738 WAND DR,,WEATHERFORD,TX,37220-1313
54017298,PAULA,HOUCK,535 HILL ST,,STORY CITY,IA,76033-6535
9915004556,LORI,BATTS,535 WEST PL,,PLANO,TX,30022-5062
24088365,GARY,ANDERTON,PO BOX 1636,,PASADENA,CA,94560-5351
107002684,ROBIN,KELLY,588 CARD DR,,EDEN PRAIRIE,MN,77401-4410
40044485,DELILAH,CERONE,3888 FM 663,,BLOOMINGTON,IL,75013-2944
47017165,PATTI,ROSS,39 SUOMI RD,,MISSION VIEJO,CA,22033-1437
40047815,KAREN,RAUSCH,PO BOX 7136,,ALTAMONTE SPRINGS,FL,80306-0106
125001177,CHERYL,SMITH,365 FAIR ST,,SOUTHLAKE,TX,78249-2631
9935026614,CHRIS,SMOUT,PO BOX 1198,,RICHMOND,VA,75071-2595
114005948,GLORIA,RAXTER,PO BOX 5896,,FRISCO,TX,06107-3354
9937006135,ALLISON,OAKES,RR 3 BOX 31,,FRISCO,TX,77345-2026
106010415,PAULA,KESTER,5156 OAK ST,,THE COLONY,TX,06085-1487
9907011476,THERESA,MCCONNELL,PO BOX 5837,,FRISCO,TX,30360-1800
115008636,MARSHA,NISSEN,37 GROVE ST,,JONES,OK,78258-4609
4013724,HEATHER,BALLARD,1751 ROAD X,,TUCSON,AZ,93065-6286
48013721,MARY,SWANSON,PO BOX 5633,,VIRGINIA BEACH,VA,92637-4796
60013153,BRENDAN,CASTRO,387 FAYE LN,,ENFIELD,CT,02062-4951
72005313,GIGI,HUEFTLE,385 PARK LN,,MARINA DL REY,CA,46765-9704
45012743,JO ANN,MCKIMPSON,PO BOX 5771,,SAN CARLOS,CA,01077-9696
124003381,DEBI,KESTEN,513 53TH ST,,ROCKWALL,TX,32821-8201
9945047373,SHIRLEY,TRENT,513 RHEW PL,,COMMERCE,TX,75028-1667
17071215,SHERRY,BURROUGHS,5173 7TH ST,,SAN DIEGO,CA,80433-1124
15081964,MARCY,WOLF,353 LOST LN,,NORTH HILLS,CA,76006-4243
101003544,TAMMY,SEIGEL,PO BOX 5537,,CHAPMANSBORO,TN,79764-1707
9936007175,MISSY,CHILD,36 BARGEMON,,MIDLOTHIAN,TX,77510-1393
9932036116,TRACI,PAUL,PO BOX 5858,,OLD HICKORY,TN,33950-8938
18022331,DERRI,CHOATE,PO BOX 3886,,INDIANAPOLIS,IN,85260-5954
103016617,GAIL,WOODRUFF,53 AARON DR,,PARKER,CO,76002-5435
102003481,DIANE,FODOR,PO BOX 1155,,KINGWOOD,TX,78249-3816
116001097,PAM,HODGIN,588 IVY WAY,,LEMING,TX,76182-6717
9933007387,GINA,PATEL,555 SAGUARO,,SPRING,TX,77388-2555
115005571,KATIE,MOORE,PO BOX 5153,,SEMINOLE,OK,75025-4115
9932007944,NICOLE,SOLLNER,55 ROTHE LN,,ARRINGTON,TN,60046-7225
63008449,AGUSTIN,RAMIREZ,PO BOX 5553,,FERNANDINA BEACH,FL,51401-3725
33016141,CHARLES,SAVELLI,57 LOMAN CT,,ALPHARETTA,GA,72921-7726
58011760,MELODY,IRONS,85 MEADE LN,,WHITEHOUSE,OH,72740-7670
13016614,CAROL,DREXLER,1373 DEN ST,,MONROE,GA,06001-4413
9936021085,KIM,MAGALA,598 59TH ST,,DUNCANVILLE,TX,75287-2974
9917136745,KARMAN,WILLIAMS,PO BOX 3588,,SAN ANTONIO,TX,76148-2196
9917123634,ANN,STRICKLAND,15 MAPLE CT,,WEATHERFORD,TX,76020-1037
13018024,TRAE,JONES,9 HOOKER ST,,ROSWELL,GA,77388-6137
110002812,AMY,HOELSCHER,PO BOX 5519,,HASLET,TX,78247-3079
14017007,HOLLIE,MURPHY,PO BOX 5879,,SAN PEDRO,CA,74354-3267
9917137891,PAULINE,RUSSELL,PO BOX 5383,,BROWNSVILLE,TX,28173-4504
9934004174,DEB,WHITMAN,PO BOX 5811,,LITTLETON,CO,75033-7678
71004609,KRISTINA,JUSTINICH,PO BOX 5393,,LOS ANGELES,CA,47501-7769
9919022349,SHARON,SUTHERLAND,1353 FAY CT,,MIDLOTHIAN,TX,06002-1171
105004710,ANNE,REED,358 DUDE LN,,ARLINGTON,TX,50023-9119
9933028721,KATHARINE,DIXON,357 MAIN ST,,HOUSTON,TX,93021-3118
31019965,ROBIN,WOODWARD,PO BOX 5895,,CARY,NC,80027-9786
9935001013,CLAUDINE,WHITE,96 BLUET LN,,SOUTHLAKE,TX,80027-2900
50017426,KRISTEN,POWERS,133 JUDY LN,,BRANCHBURG,NJ,63031-5533
9919014974,DEANNA,EHRSAM,PO BOX 5336,,HOUSTON,TX,75034-6854
104006358,BARB,SMITH,385 17TH ST,,WEATHERFORD,TX,80128-4762
40040703,MANDY,MORSE,PO BOX 5567,,DEBARY,FL,76120-5069
44012120,SANDY,MARTINEZ,PO BOX 7513,,FLORISSANT,MO,78501-3425
71002600,JAN,SWABADO,678 PLUM DR,,SIMI VALLEY,CA,75077-1839
24091301,CHRISTINA,SARKIN,891 FM 5619,,TEMPLE CITY,CA,32835-8036
112000373,CAROLINA,STONE,3133 SERPIS,,HUNTSVILLE,TX,06082-6113
124003405,JUDY,DIMINICO,PO BOX 7167,,GARLAND,TX,11050-1580
9937038562,BARBARA,HOCEVAR,PO BOX 5553,,MARLBOROUGH,MA,56573-8836
107005557,PAULETTE,BERRY,7 NADLER CT,,BRIGHTON,CO,78373-4903
115005586,JENNIFER,MARTINEZ,95 BROOK RD,,EDMOND,OK,46143-2443
9936014018,MARGARET,KYRISH,PO BOX 5183,,ARLINGTON,TX,82003-7020
19024489,KATHY,HARBERT,PO BOX 5513,,HOFFMAN ESTATES,IL,92404-3506
126001953,DOROTHY,MORROW,6 ERICA CIR,,FRISCO,TX,93003-5274
9935016287,ELVIA,BRADFORD,78 KIBBE RD,,MISSOURI CITY,TX,48335-4809
9903000473,DEBRA,POWELL,PO BOX 5959,,SPRING,TX,06084-2228
40043050,ANNA,CARUSILLO,31 MOORE LN,,WINDERMERE,FL,75402-4979
114004075,DIANNE,PRINCE,66 IDUNA LN,,Dallas,TX,77536-4960
61008167,PATTY,MUNSON,99 PETES LN,,AVON,CT,75040-0923
9938017999,JEAN,CASTLE,1 HOLMES RD,,NORMAN,OK,06053-1008
114000807,KELLY,MILCHIN,83 VOLPI RD,,RICHARDSON,TX,63123-5002
9923002650,DANNA,WEEDEN,PO BOX 5336,,BOERNE,TX,33578-8341
40038973,SALLY,RIVERA,57 CLARK RD,,GULFPORT,MS,32259-6902
78003533,SHAUN,CARTER,PO BOX 1153,,BRINKLEY,AR,75060-3016
31019977,VANESSA,CUNNINGHAM,57 JORDT ST,,BLOOMFIELD HILLS,MI,64804-4312
9942047574,JUDY,BOOKSPUN,568 KATE LN,,PEARLAND,TX,37067-2693
9934011846,KATHRYN,OCONNOR,757 HOWE DR,,LITTLETON,CO,31904-2964
13019362,PAM,SCHOLL,138 HEIN DR,,TALLAHASSEE,FL,92672-3204
14017666,KATHY,LEROUX,11 SKONA LK,,DAVIS,CA,75024-7380
103003661,JERRI,SMITH,685 36TH PL,,HIGHLANDS RANCH,CO,80138-8395
15081859,JOAN,WEIRBACH,38 BROADWAY,,SANTA CLARITA,CA,92130-2715
124003040,JENNIFER,SMITH,PO BOX 5759,,WYLIE,TX,77375-8384
40049959,VICKI,VENEZIA,3 ARIGOT CT,,ORLANDO,FL,33401-1947
52017831,DEBBIE,ROOYAKKERS,955 SIMI DR,,BURKE,VA,93002-1553
52022048,NOREEN,WOODS,3573 FM 778,,WOODBRIDGE,VA,50131-2205
22021309,TERRI,KLEIN,983 E 358 S,,URBANDALE,IA,80906-8622
64007595,RONI,PECK,PO BOX 3367,,AUBURN,MA,80227-5442
112000268,MARY,MITCHELL,553 ERIC DR,,CANADIAN,TX,75070-7178
111002828,RUBY,BROWN,PO BOX 9858,,FRIENDSWOOD,TX,37062-7022
4015543,SUE,MORRISSEY,1 LARCH AVE,,TUCSON,AZ,47905-8241
110000889,TAMARA,CAVALIERI,PO BOX 1533,,GRANBURY,TX,27265-8666
24091883,ALVINA,CANGELERI,PO BOX 5535,,SUNLAND,CA,80226-3138
40050454,CHARLES,COHEN,59 ANVIL DR,,OVIEDO,FL,78802-0571
9942039942,LORI,FERGUSON,PO BOX 1138,,LEAGUE CITY,TX,85224-2781
9937023042,JILL,MANTERIS,PO BOX 5535,,DENVER,CO,78664-6678
103005860,RONNI,URIAS,PO BOX 5337,,CENTENNIAL,CO,11220-2313
9904041728,KAREN,TATUM,PO BOX 5536,,AURORA,CO,46220-2422
67003055,BETH,THOMAS,59 EGYPT RD,,VIRGINIA BEACH,VA,90638-2137
9935011474,CHELLEY,CALVELLI,3385 JUD ST,,SOUTHLAKE,TX,97223-0901
40050551,LAURIE,MATTHEW,PO BOX 3883,,OVIEDO,FL,85225-6858
105001142,DONNA,GARNER,35 STONY PT,,PANTEGO,TX,07676-4525
64010792,TONI,TAYLOR,337 LOMA PL,,WEST NEWTON,MA,33413-2097
122003635,PATRICIA,BALSLEY,7938 OAK ST,,PLEASANTON,TX,37938-4413
60009698,JANA,GRABER,PO BOX 5863,,CHICOPEE,MA,32960-4169
59009426,DARLENE,TELLO,987 KYLE ST,,RANCHO CUCAMONGA,CA,76092-4852
41020782,TESSA,EKBOM,51 EATON PL,,MACON,GA,33901-8531
121002526,ANN,SACHS,35 ASPEN LN,,CENTENNIAL,CO,75189-3217
77000207,MARION,LAM,583 KOCH RD,,TOWNSHIP OF WASHINGTON,NJ,91101-5609
9917131810,SUSAN,TURNER,513 LAZY LN,,UNIVERSAL CITY,TX,77079-7603
9904042335,GERALYN,SULLIVAN,39 CEDAR RD,,DENVER,CO,80107-8598
122001058,JENNIFER,MILLER,7651 LEE DR,,NORTH RICHLAND HILLS,TX,78254-2049
40041627,CHERYL,GUNTER,PO BOX 5553,,APOPKA,FL,60013-2392
45010448,CAROL,LANNING,8987 DOE LN,,MOUNTAIN VIEW,CA,76667-2460
33019391,TRACY,SHEA,PO BOX 5513,,ALPHARETTA,GA,47401-7721
9027885,KARA,ROLES,85 S 5TH ST,,LAGUNITAS,CA,43537-3006
4013409,PAM,MOWER,PO BOX 1153,,GLASTONBURY,CT,05403-5938
77000797,BETTY,SEIBERT,5 JUDITH RD,,WYCKOFF,NJ,73151-9125
9917126604,SANDY,HARPER,PO BOX 5386,,SAN ANTONIO,TX,95747-5128
4014876,JOAN,BROGDON,PO BOX 5183,,FULLERTON,CA,06016-1200
9907006371,JAMES,MERY,PO BOX 5688,,PROSPER,TX,90603-2543
61007177,AMIE,ALFORD,PO BOX 7358,,CANTON,CT,02472-1794
9027732,KEITHA,CLAXTON,35 ROOD AVE,,GOODYEAR,AZ,63129-5041
9904040787,KRISTIE,KIMBALL,5833 5ST ST,,CASTLE ROCK,CO,85212-1873
44010619,KIM,VINCENT,6 ERWOOD PL,,WASHINGTON,MO,91360-5139
22019783,CARLY,PERKINS,PO BOX 5183,,LEWIS CENTER,OH,87109-3706
20016529,TAMARA,CHAPMAN,35 DOYLE RD,,LEES SUMMIT,MO,85122-8843
9917124310,VIKKI,BOLLHOEFER,133 ELY AVE,,NEW BRAUNFELS,TX,90029-3133
9933009346,KAT,HAWKINS,PO BOX 5888,,MAGNOLIA,TX,46038-3571
9903034437,CYNTHIA,THURWANGER,PO BOX 5551,,TOMBALL,TX,77401-5323
9944005836,ANNA,KOI,115 OTIS RD,,HOUSTON,TX,76272-9324
9936006782,LYNDA,WRIGHT,PO BOX 1115,,ARLINGTON,TX,77581-4644
61006455,BRENDA,CARREJO,53 MILLS DR,,CANTON,CT,80124-3122
114007249,JOAN,KELLER,PO BOX 5618,,CARROLLTON,TX,80005-2863
7013893,JUDY,DURKIN,PO BOX 5185,,OLYMPIA,WA,07642-2204
9943053845,KIM,PORTILLO,587 HIGH ST,,MONTGOMERY,TX,73013-7466
9914017176,MARY,BIRDWELL,31 LAKE BLF,,CONROE,TX,74930-2344
114006077,DENISE,MCLOUTH,733 DUFF DR,,DALLAS,TX,78230-5011
9903034084,CINDY,HILL,PO BOX 5537,,SPRING,TX,72758-9512
40046097,MICHELLE,JOSEPH,183 POLO DR,,WINTER GARDEN,FL,64114-4877
44010678,JUDY,SOPER,PO BOX 9376,,BALLWIN,MO,23185-3272
39038909,LESA,SMITH,3 W PINE DR,,PORT SAINT LUCIE,FL,59101-8014
63005891,ROSA,WEISS,51 ABBEY LN,,BRYCEVILLE,FL,43542-9457
1023553,KAITLIN,MADDEN,533 PARK DR,,CARLSBAD,CA,72211-4541
61006949,MISSY,PHILLIPS,PO BOX 5353,,West Hartford,CT,76054-2218
63007547,DEANNE,CASTILLA,565 11ND ST,,JACKSONVILLE BEACH,FL,75503-0013
9904040513,MICHELLE,GATLIFF,PO BOX 5368,,COLORADO SPGS,CO,92883-0683
117001393,CARLA E,FLYNN,PO BOX 1658,,ELLINGTON,CT,12831-3205
9921012221,KATHY,SAKAGUCHI,985 33RD ST,,MONUMENT,CO,80033-5967
9916113760,JILL,GOBROGGE,PO BOX 5389,,PHOENIX,AZ,33015-2330
15082507,JOANN,STEELE,PO BOX 7115,,WOODLAND HLS,CA,63123-3426
9917139257,MARION,STRUCK,PO BOX 5159,,FREDERICKSBURG,TX,20111-2950
9942049711,BARBARA,MANZANO,5516 SEA LN,,HOUSTON,TX,32003-4970
9932034546,COURTNEY,FARRELL,PO BOX 1615,,CLARKSVILLE,TN,92024-2782
18018478,JENNIFER,KILBURN,3156 GEE ST,,ZIONSVILLE,IN,32792-8905
9941017263,MABEL,MCGARRY,PO BOX 1589,,SPRING,TX,78255-3306
59013808,LORI,NEWELL,PO BOX 5183,,UPLAND,CA,77429-3439
39035906,KAREN,REECE,7856 SKY RD,,PALM BEACH GARDENS,FL,77364-0140
9903002088,JEANNIE,PENNY,8 TONADA DR,,CLEBURNE,TX,73142-2217
9940144488,MEGGAN,HAWKINS,58 GROVE DR,,SAN JUAN,PR,76206-0583
9920014587,CHRIS,OGLE-CONRARDY,PO BOX 5153,,MCKINNEY,TX,34996-3610
61008821,DAWN,GILENO,655 JOHN ST,,AVON,CT,39759-4114
39036882,DORI,RABIDEAU,PO BOX 5859,,WEST PALM BEACH,FL,03031-3030
9933026936,JANE,SHEPHERD,PO BOX 3398,,SPRING,TX,27606-4475
6046519,BECKY,SEGNERI,PO BOX 5631,,LADERA RANCH,CA,33470-3544
9914010000,DEBRA,ALLISON,138 E 658 N,,HOUSTON,TX,77581-7879
116002337,ROBYN,MADDOX,31 EDITH RD,,SAN ANTONIO,TX,80127-2953
18021006,GIGI,PAETAU,35 ROCK AVE,,INDIANAPOLIS,IN,78238-1904
53012612,JACKIE,LOPEZ,PO BOX 5815,,LAKE OSWEGO,OR,77090-5907
52016934,MONICA,BEACHLER,PO BOX 359,,MANASSAS,VA,01940-1575
9902011391,BARBARA,BIELFELDT,1813 BARCO,,GREENVILLE,SC,32035-0477
9933025660,LORI,RAGLAND,599 8TH ST,,DAYTON,TX,73162-1971
24086918,LAURA,LEGERE,PO BOX 813,,PASADENA,CA,92782-2766
123000899,AMANDA,BRADY,PO BOX 753,,SELMA,TX,75043-4171
2013997,JODI,HORNBECK,151 JEB CT,,PALMDALE,CA,89503-1359
9934001026,LAURIE,BOWLES,PO BOX 975,,CENTENNIAL,CO,75040-3829
70002427,JANE,STANKIS,PO BOX 359,,BEAVERTON,OR,60631-4315
9923000292,DEBI,LAWSON,185 TOR CT,,HELOTES,TX,01609-1134
60010191,HAZEL,HOLSINGER,PO BOX 335,,MYRTLE BEACH,SC,75068-6939
9921012229,DAVID,FISHER,5 PHOTINIA,,CENTREVILLE,VA,06066-6244
9905014043,VIRGINIA,HALL,19 LISA LN,,WESTLAKE,OH,33471-6225
58008983,JEAN,KLAUS,PO BOX 779,,TOLEDO,OH,48182-1526
78002294,LAURA,FRANDSEN,PO BOX 989,,WASHINGTON,MO,75013-5355
83000940,WALLACE,SMITH,8 BROOK DR,,NAPLES,FL,98241-0315
39038482,VIVIAN,HOLCOMB,PO BOX 511,,PALM CITY,FL,92882-6956
69004814,NANCY,SAFRIS,PO BOX 353,,GOLDSBORO,NC,92679-5103
72005255,MARKIE,LAWRENCE,PO BOX 538,,LOS ANGELES,CA,92673-6868
9934029929,MELISSA,SALAMANCA,PO BOX 675,,GALLOWAY,OH,76801-7703
7015249,MELISSA,ALLEN,PO BOX 886,,LAGUNA HILLS,CA,33908-3852
9933025882,KIM,GRIFFIN,PO BOX 535,,KINGWOOD,TX,76227-9431
19026650,TRICIA,FRIEDEL,PO BOX 367,,ARLINGTON HEIGHTS,IL,75071-7798
24086830,LYDIA,WAITUKAITIS,53 GINN RD,,MONROVIA,CA,76034-3761
9907001486,RONDI JO,SCHAEFFER,15 REID PL,,DENTON,TX,75234-5156
2015667,NELWYN,RINEY,PO BOX 557,,VAN NUYS,CA,77018-2003
58010318,KRISTA,RIKER,3355 TAPIA,,POWELL,OH,76009-6430
49015241,JOYCE,WERDEIN,558 OAK DR,,BOERNE,TX,77346-2952
9923009967,BEATRICE,DUPONT,PO BOX 136,,SAN ANTONIO,TX,80219-1948
9936015862,CHARLES,BRIONES,PO BOX 718,,MANSFIELD,TX,30135-4049
65020273,MARCI,MILLER,PO BOX 368,,HOWELL,MI,75070-4213
33016130,ANGELA,THOMAS,PO BOX 559,,LAWRENCEVILLE,GA,78249-2062
9912006770,LEAH,ACOSTA,PO BOX 683,,FRIENDSWOOD,TX,06042-9003
9937009177,DONNA,WHALEY,PO BOX 576,,VALLEY VIEW,TX,77503-2211
67002967,DEBORAH,MEDINA,PO BOX 758,,MISSION VIEJO,CA,35976-7812
78002488,EMILY,CRAIN,35 MILL RD,,MIDDLEBURG,FL,60656-4110
3026106,RICHARD,RAIN,PO BOX 518,,GRANGER,WA,94563-3920
110003791,JOAN,ANDERSON,33 BASH PL,,GRAND PRAIRIE,TX,77845-6596
999001138,SARAH,BARTUNEK,PO BOX 575,,FRISCO,TX,76651-0779
53013631,KENYON,BANKS,PO BOX 638,,PORTLAND,OR,78249-4852
47019028,JAN,RANSOM,PO BOX 968,,SHELBYVILLE,KY,90605-2607
122003112,DENISE,NOAH,9 ADAMS CT,,SAN ANTONIO,TX,48314-4148
60010865,NADINE,CUTLER,7 ESSAY DR,,GLASTONBURY,CT,97064-9726
9933007046,LEANNE,HAYDEN,PO BOX 585,,SPRING,TX,75019-2084
106011889,BARBARA,TOMLINSON,PO BOX 381,,PLANO,TX,78015-4405
7016747,WENDY,KEAGLE,3 KAPP CYN,,COSTA MESA,CA,64862-8058
105004968,SHANNON,NELSON,PO BOX 338,,ARLINGTON,TX,94024-4853
22017785,PETER,LANGTON,PO BOX 533,,BLACKLICK,OH,75039-2304
9911006070,STACI,REIMER,PO BOX 367,,BURKBURNETT,TX,07649-1431
9907000419,JOAN,MOORE,PO BOX 956,,FRISCO,TX,80132-8835
60012228,DEBBIE,BOULAIS,PO BOX 375,,WOODBURY,CT,48026-2453
124003876,SUSAN,VUONG,38 MAIN ST,,GARLAND,TX,76058-0227
9942048559,ELDA,FRYE,67 EAST ST,,HOUSTON,TX,75119-1603
9934020495,WAYNEL,ATKINSON,PO BOX 551,,CENTENNIAL,CO,85749-8679
9917140861,SHEILA,BRYAN,97 REA AVE,,SAN ANTONIO,TX,73099-5711
101003432,BETTIE,TINKLER,553 5TH CT,,MURFREESBORO,TN,48161-4730
9914016050,ANDREA,ZEMAN,PO BOX 395,,HOUSTON,TX,75214-6515
78003629,SHANNON,SUNIGA,PO BOX 163,,MIAMI,OK,80433-1536
58010697,JEAN,NARRACCI,PO BOX 171,,MONCLOVA,OH,77546-5205
23047051,JASON,SPITALERO,PO BOX 165,,HUNTINGTOWN,MD,60517-1618
115005771,SARAH,MISNER,55 ASHFORD,,HARRAH,OK,63368-7231
9934025070,PATTY,COURTER,PO BOX 311,,LAMAR,CO,33414-4811
61007007,TERRI,SWEETMAN,365 RYE ST,,WEATOGUE,CT,78240-3310
9904039017,JAN,CAMPISE,55 JOHN ST,,LITCHFIELD PK,AZ,43413-9706
107007734,LORI,BRYAN,PO BOX 156,,BROOMFIELD,CO,71105-2815
9933008632,SUSAN,BERMAN,PO BOX 363,,HENDERSON,TX,90094-2116
9912007761,ELIZABETH,ROACH,PO BOX 351,,DEER PARK,TX,48154-1805
2015368,JANICE,HOLTON,PO BOX 518,,SANTA MONICA,CA,76092-6053
78003837,DEIRDRE,HOPKINS,PO BOX 367,,BRANSON,MO,06040-7022
9936030627,RICK,ORTEGA,PO BOX 558,,ARLINGTON,TX,77536-5411
9907006235,PAT,YORK,PO BOX 959,,NORMAN,OK,30534-5785
4012740,DEBBIE,MUNDORF,3 LIBRA CT,,ROUND ROCK,TX,90302-3848
58011715,SUE,GONZALEZ,95 OTIS RD,,SOUTH BEND,IN,80015-2005
9936005557,PAMELA,LEE,PO BOX 555,,LAKE HAVASU CITY,AZ,80433-1124
54017990,MICHELLE,GARNER,13513 COSO,,KANSAS CITY,MO,43026-7518
17071923,CAROL,ROVELLO,PO BOX 355,,WEST HILLS,CA,73116-1660
6038257,JEAN,WRIGHT,PO BOX 377,,LAKE FOREST,CA,80107-1447
9938013230,JANE,MCENERY,PO BOX 337,,GOLDEN,CO,27278-7146
77002326,RETA,TIERS,PO BOX 655,,WYCKOFF,NJ,77546-6092
47019751,ROBERTA,BUCKLIN,PO BOX 986,,LOUISVILLE,KY,32259-9291
65024137,JAMES,PADILLA,57 TOBY DR,,COMMERCE TOWNSHIP,MI,78550-3337
104006027,BARB,RATAJCZYK,5787 LOTUS,,GRAPEVINE,TX,40059-9691
17068409,DEBBIE,FURNARI,PO BOX 333,,OAK PARK,CA,22152-2132
9908007123,SHARON,ZUGG,PO BOX 857,,NEDERLAND,CO,75117-0367
103004514,DIANN,SCHUMACHER,3 NANCY LN,,CENTENNIAL,CO,44622-7725
78001274,TRACEY,HEDGPETH,PO BOX 588,,SPRINGFIELD,MO,26501-2401
113000073,MOLLIE,CACNER,178 3RD ST,,SUDBURY,MA,78231-1986
54018357,KATHY,JOHNSON,PO BOX 586,,DAVENPORT,IA,72712-3525
31016675,MARSHA,MOORE,PO BOX 787,,PINEHURST,NC,87123-2487
106011271,KIM,WRIGHT,PO BOX 333,,SHREVEPORT,LA,78230-3534
25022704,MERYL,YATES,PO BOX 375,,GREENACRES,FL,75041-4615
9936027063,KIMBERLY,ROBB,9 MAPLE ST,,DALLAS,TX,77302-1087
9027652,MARY,REAGAN,PO BOX 576,,PHOENIX,AZ,73099-5242
108005849,CONNIE,CARBONETTI,5857 BRICE,,BRANSON,MO,77356-2813
63011101,JESSICA,TOTTY,PO BOX 313,,JACKSONVILLE,FL,73078-9326
3024459,JOANNE,ELEY,PO BOX 651,,GARDEN GROVE,CA,79014-3300
77004710,ANGELA,COMPTON,97 COOK RD,,MIDLAND PARK,NJ,33412-3156
65019495,CAROL,PETTIBON,PO BOX 353,,MILFORD,MI,60192-1536
11020120,MARIE,PARMELEE,PO BOX 576,,MILPITAS,CA,75771-5067
70001909,GAIL,CASSIN,PO BOX 117,,LOWER WATERFORD,VT,50322-2216
114005418,MARY,RADICKE,53 FINN CT,,SHREVEPORT,LA,61111-8606
9933010061,CYNTHIA,WALLACE,PO BOX 153,,SPRING,TX,84043-3030
54013953,KATHLEEN,MORRIS,533 AVA CT,,COLUMBIA,MO,33470-4749
110002428,WINDY,MCARDLE,PO BOX 335,,CLEBURNE,TX,76262-5505
9905010928,PAMELA,ROSENTHAL,PO BOX 335,,CROWLEY,TX,78253-5516
115008366,DEBI,BROCK,951 9TH ST,,BETHANY,OK,32256-2878
9936022825,MARGEE,TAYLOR,PO BOX 517,,MABELVALE,AR,76049-1814
9910150932,AMY,LOPEZ,PO BOX 155,,SPRING,TX,78213-1205
24086939,DONNA,RESENDEZ,PO BOX 578,,PASADENA,CA,77520-1346
72003917,ERIN,TILSON,PO BOX 183,,LOS ANGELES,CA,78063-6297
26025252,SUSAN,WADSWORTH,5 ADAMS DR,,GILBERT,AZ,80651-0527
116001311,DONNA,VOGES,1 HUFF WAY,,MESERVEY,IA,70503-3436
9934004702,SHERRY,BRENES,6 ALLEN PL,,HGHLNDS RANCH,CO,75087-3284
83001147,KELLEY,TURNER,PO BOX 756,,HOLLYWOOD,FL,46143-8455
9934028841,ROBBIE,KING,PO BOX 335,,AURORA,CO,07604-1047
15081824,LACEY,RAMSEY,PO BOX 187,,EDMOND,OK,76087-2234
9911006627,BARBARA,DUNBAR,13 WARD ST,,FORT WORTH,TX,75109-0657
30011573,GAIL,SILVA,PO BOX 586,,KENT,WA,34731-6313
58009531,MICHELLE,COMBS,PO BOX 555,,TOLEDO,OH,75063-8430
9923011152,CAROL,HAMLIN,PO BOX 333,,SAN ANTONIO,TX,80525-2467
77002699,ROBERT,MENDIGUREN,57 55TH ST,,ORADELL,NJ,85296-4562
115006762,KIM,DUNNIGAN,PO BOX 653,,LAWTON,OK,29492-8058
112002513,KATHY,ERRICKSON,616 BAY RD,,CONROE,TX,80002-3059
999002097,BARBARA,HODGERS,PO BOX 388,,FLOWER MOUND,TX,75042-4211
4013454,ANITA,BAUGH,386 3TH LN,,TUCSON,AZ,32097-6600
9945046866,TINA,SCHRAH,PO BOX 585,,DALLAS,TX,52310-7907
106004752,JENNIFER,HART,95 POND RD,,THE COLONY,TX,73162-2606
60009740,JEFF,POTTER,PO BOX 335,,WESTFIELD,MA,77302-3459
9903001059,ROXY,VARISCO,PO BOX 797,,SPRING,TX,75025-2209
18017455,MELISSA,NORACK,PO BOX 539,,LEBANON,IN,91784-9250
6047955,MARY ANN,USELTON,PO BOX 385,,RANCHO SANTA MARGARITA,CA,76016-3039
114000456,ANN,METSCHAN,PO BOX 163,,RICHARDSON,TX,06019-2017
9945060630,CYNTHIA,HOLMAN,51 LYNN CT,,DALLAS,TX,32713-5426
65024961,SUSAN,ONTIVEROS,7 E 3TH ST,,COMMERCE TOWNSHIP,MI,07450-3918
78000334,HOLLI,MORELL,PO BOX 358,,ALMA,AR,77356-0916
32012909,ELOISE,JONES,719 CANTOR,,INDIANAPOLIS,IN,78101-2616
9916103512,CINDY,SHEFFIELD,6 HIGH BLF,,OKLAHOMA CITY,OK,31024-5312
44010204,JULIE,BOWLES,PO BOX 556,,NEW ALBANY,MS,77388-4642
59012849,JANET,MORSE,PO BOX 156,,UPLAND,CA,77584-7026
83001194,KATHLEEN,COOPER,PO BOX 139,,IMMOKALEE,FL,90024-9388
6047533,JULIE,CISNEROS,PO BOX 715,,FRISCO,TX,80227-5698
116000796,JULIE,HODGE,1 DOVECOTE,,EVANS,GA,33919-7674
59015348,CAROL,CAGE,PO BOX 315,,GLENDORA,CA,75058-0889
9902010707,NANETTE,MATSON,3 DEERWOOD,,MORRISTOWN,TN,78254-2210
15082637,BELINDA,WEBER,PO BOX 387,,LAKEWOOD,CA,80023-4630
78001646,NIKI,MASON,PO BOX 373,,DALLAS,TX,76018-2419
116003298,JILL,LEIGHTON,PO BOX 375,,LAREDO,TX,33594-4474
9942048568,LORI,JEWELL,56 POND RD,,DEER PARK,TX,06001-4506
9936006150,BARBARA,WATERS,PO BOX 335,,ARLINGTON,TX,77876-0300
34015720,REBECCA,NOE,PO BOX 579,,CORAL SPRINGS,FL,33430-2022
52018856,HELEN,SINGARELLA,PO BOX 519,,HOPKINTON,MA,46062-6694
123003668,LISA,COOLEY,PO BOX 755,,SAN ANTONIO,TX,73102-6089
9935016920,MELANIE,CERVI,PO BOX 391,,FORT WORTH,TX,75033-1675
9917128990,KELLE,KURTY,17 5ST AVE,,SAN ANTONIO,TX,77539-5096
55009943,CAROL,ECTOR,PO BOX 317,,LONDON,OH,75154-7012
9933006600,NICOLE,JENKINS,PO BOX 387,,MONTGOMERY,TX,33458-6605
61009055,LESLIE,MCINTOSH,PO BOX 513,,NEW BRITAIN,CT,74017-5318
9913064170,CYNDIE,BRUNEAU,6 BANTA RD,,MONTGOMERY,TX,76248-8471
61007738,BRIAN,HARPER,PO BOX 396,,UNIONVILLE,CT,28117-9198
9933010880,RENEE,BINDIG,551 OAK ST,,HUNTSVILLE,TX,32404-7271
75001432,LINDA,JARVIS,153 OAK ST,,BENTONVILLE,AR,42003-1220
106009454,SHEILA,MILES,PO BOX 835,,FRISCO,TX,93033-7926
105005868,KAREN,HUBBARD,PO BOX 587,,ARLINGTON,TX,21047-2923
25021873,KATHY,BEAVERS,111 6TH ST,,LEESBURG,FL,03840-2620
9938002826,JOYCE,VESTAL,PO BOX 818,,WINDSOR,CO,80134-3059
38034059,JENNIFER,GOMEZ,78 BLUEJAY,,MACOMB,MI,40241-1756
9919002845,MEG,MULLER,PO BOX 613,,BOERNE,TX,78070-6043
9923002181,MEGAN,JOINER,PO BOX 787,,SAN ANTONIO,TX,76389-0176
49016415,JULIE,GETHERALL,559 EVA DR,,EAST BERLIN,CT,80918-6339
9945057032,APRIL,HOUCHIN,155 6TH ST,,FRIENDSWOOD,TX,76039-8052
3029039,MARY,WILSON,PO BOX 778,,WHITTIER,CA,78642-3503
110003288,DIXIE,TASCI,PO BOX 395,,FORT WORTH,TX,77406-3897
47018406,RENEE,BARNEY,PO BOX 355,,LOUISVILLE,KY,80516-4738
9914016017,TIFFANY,BARKEMA,PO BOX 163,,KINGWOOD,TX,76087-9251
82001109,JULIA,MCAMIS,31 COOK RD,,CORONA,CA,80403-1910
9917124563,IRENE,ALLOR,119 1ND ST,,SAN ANTONIO,TX,92880-7349
115006110,ANGIE,HAWKINS,PO BOX 337,,BLANCHARD,OK,92708-5849
9907010821,VICTORIA,RICHARDSON,688 OAK ST,,CARROLLTON,TX,32955-3412
25028841,PAMELA,YARRINGTON,PO BOX 138,,WEST PALM BEACH,FL,76205-2913
71005816,MELISSA,MARTINEZ,5388 ORBAN,,MOORPARK,CA,77512-1468
9936012869,FRANCES,DOLAN,PO BOX 715,,KELLER,TX,77563-4505
70002665,FRAN,DICKSON,PO BOX 583,,PORTLAND,OR,78248-2440
11016439,JESSICA,BROOKS,188 COE ST,,SUNNYVALE,CA,75071-6195
70001573,MARISSA,RESK,39 JOHN ST,,PORTLAND,OR,85636-1096
9934032539,DEANA,SCOTT,PO BOX 537,,LITTLETON,CO,77377-3920
71006581,BARBARA,MARTIN,PO BOX 833,,SIMI VALLEY,CA,85248-7662
60008958,TARA,FAVOR,PO BOX 889,,TOLLAND,CT,75670-1030
9916116289,TERI,GODWIN,PO BOX 556,,NORMAN,OK,48335-4164
70000965,MARYANN,STEWART,PO BOX 889,,PORTLAND,OR,95126-1244
11015921,MARGOT,HEADLEE,PO BOX 576,,SAN JOSE,CA,02324-1066
60009764,BRENDA,MORENO,PO BOX 988,,WINDSOR,CT,77845-4110
106004015,CATHERINE,RITTO,PO BOX 793,,FRISCO,TX,99505-1065
18022303,LEE,ARAKIL,PO BOX 361,,TIPTON,IN,66610-3006
72003492,SHEILA,WEBB,53 POND LN,,LOS ANGELES,CA,32082-3935
70001460,AMY,FRANCIS,PO BOX 765,,WARREN,OR,95835-2284
47016915,CYNTHIA,MORAN,PO BOX 188,,LOUISVILLE,KY,60010-9721
9919019322,MARYANN,GEORGE,PO BOX 311,,PASADENA,TX,92009-3045
9919020879,MARIA,LEONARD,PO BOX 563,,HOUSTON,TX,06029-3862
18018577,JENNI,HATFIELD,PO BOX 385,,INDIANAPOLIS,IN,78154-3661
9945043287,PAM,JONES,PO BOX 795,,IRVING,TX,37069-6528
13020971,KAREN,ADAMS,6 WATER ST,,NASHVILLE,TN,76092-9559
103004752,CINDY,COULSON,7535 FM 66,,LITTLETON,CO,32542-1023
9906032488,CONNIE,WHITTERS,PO BOX 163,,CLEBURNE,TX,75154-0817
999002776,CARA,HURT,PO BOX 318,,KELLER,TX,78063-5417
110006459,BETH,MULLINAX,88 AMES RD,,CROWLEY,TX,75034-2986
102003338,WILLIAM,ALFARO,PO BOX 563,,SPRING,TX,80236-2052
9936015970,ROBIN,CRUMP,PO BOX 893,,ARLINGTON,TX,06073-2020
72004956,ANGIE,ROTE,PO BOX 173,,Sherman Oaks,CA,91741-3051
103005414,KIMBERLY,GARBER,535 6TH ST,,OGDEN,UT,80113-4125
122001999,DONNA,ESGAR,PO BOX 171,,HELOTES,TX,27519-9378
22017460,JESSICA,RASSAM,3 CHEYENNE,,JACKSON,OH,76087-5001
9934034374,BRENDA,WEINBERG,7 BYRON DR,,FORT MYERS,FL,65616-9180
999002910,MARIA,HART,PO BOX 996,,COLLEYVILLE,TX,01721-1838
1024123,MEG,SCAVONGELLI,8 KEVIN CT,,ANAHEIM,CA,75033-7679
75001224,SCARLETT,BOLTON,186 OAK DR,,ROGERS,AR,95648-8377
46018367,DEBRA,CASTILLO,PO BOX 738,,PALM BEACH GARDENS,FL,46037-7517
9915064037,MEREDITH,HOUTHOOFD,1 FYKE RD,,ALLEN,TX,30004-8825
38031113,DEBORAH,PEREZ,7 1ND AVE,,SYLVANIA,OH,63080-4259
19029850,MICHELLE,BRUST,PO BOX 18,,ALGONQUIN,IL,78230-5502
59011390,JESSICA,PAPHIDES,PO BOX 19,,NORCO,CA,95472-4438
10020576,ADAIR,FOSS,7 HOPE CT,,GLENDALE,AZ,46033-3374
9930021346,STEPHANIE,MOREFIELDBERG,PO BOX 89,,DALLAS,TX,80241-3209
9923000215,LEILANA,WOYTUS,PO BOX 18,,CENTREVILLE,VA,06013-2108
33018648,DIANA,OVERLY,PO BOX 55,,PITTSGROVE,NJ,77546-5036
58008600,SUE,HAYNES,PO BOX 38,,PERRYSBURG,OH,84098-7516
9911107583,TRACY,CHANCE,PO BOX 65,,WILLOW PARK,TX,64086-5730
6046768,LEIGH,ADAMS,56 MAY ST,,SAN CLEMENTE,CA,76060-0335
9915064299,TRACY,BEYNA,PO BOX 35,,ROWLETT,TX,34771-8603
105006803,MARY,BREAUX,PO BOX 53,,ARLINGTON,TX,75090-5243
9923001502,KIMBERLY,SWONKE,13 DOHENY,,GRAPEVINE,TX,41001-9111
59014226,MARGOT,CAMBRONERO,PO BOX 53,,RANCHO CUCAMONGA,CA,78520-9226
9915068462,MICHAEL,HOWARD,53 ELM SQ,,Irving,TX,40242-7916
9943055495,KAREN,GOODE,PO BOX 95,,JERSEY VILLAGE,TX,77546-5046
123000145,DEBORAH,KIMBRO,PO BOX 15,,SAN ANTONIO,TX,77354-6299
125001085,EMMALEE,POSEY,5883 A ST,,HASLET,TX,85255-4650
107007647,PAULETTE,DELGADO,PO BOX 73,,THORNTON,CO,73025-1710
71008543,ASA,WARD,PO BOX 55,,THOUSAND OAKS,CA,80104-9758
110005867,RUTH,METHENY,PO BOX 35,,FORT WORTH,TX,33912-1604
120001088,CHRISTINE,BAY,PO BOX 17,,COLORADO SPRINGS,CO,30005-6756
11020622,TARA,ESTES,5985 J RD,,LOS GATOS,CA,08820-3107
103004958,ANDRA,ROBINSON,13 ELM RD,,LITTLETON,CO,73507-7321
102001713,JAN,CARDENAS,PO BOX 35,,WESTON,FL,77303-4912
24091110,NICOLE,JORDAN,PO BOX 73,,SAN MARINO,CA,37205-1306
9901048055,TERESA,DIETZ,PO BOX 65,,LAKESIDE,CA,76017-3164
6043125,SHELLY,DUTCHER,38 CLARET,,PLEASANTON,CA,77356-8428
19027928,JENNIFER,LOWE,36 OAK ST,,SCHAUMBURG,IL,92646-3606
40049745,DONALD,POTTS,9 ELLE CT,,JACKSONVILLE,FL,46140-8226
40040727,JUDITH,RYNNING,PO BOX 98,,OCALA,FL,77833-6698
18017267,ANNE,NESBITT,55 SERENA,,INDIANAPOLIS,IN,93003-3140
24088819,MARIA,NADILE,PO BOX 36,,SAN GABRIEL,CA,75043-4921
7016055,CARRIE,SHERROD,PO BOX 95,,NEWPORT COAST,CA,77382-5728
44010356,JOANNE,DOBBINS,PO BOX 55,,EUREKA,MO,32712-2453
123000228,BRENDA,PAPAHRONIS,PO BOX 11,,HELOTES,TX,78230-3955
6043987,KAREN,METZ,PO BOX 93,,CHULA VISTA,CA,73034-4849
4014094,CHAMPA,MCKINNON,53 REGAL,,TUCSON,AZ,77450-4041
32013033,TYLER,CLARK,7687 NBU,,YUKON,OK,91302-5744
105005693,GINA,MATTOX,56 PROSA,,ARLINGTON,TX,33416-1717
47017993,PAT,STARK,6558 NBU,,TELL CITY,IN,45241-2196
9945048951,JULIE,LUPI,3 6TH ST,,BOERNE,TX,63376-7661
121002829,SYLVIA,CAUTZ,PO BOX 9,,LITTLETON,CO,78665-1388
44011181,MELISSA,BOYER,PSC 78,,SAINT LOUIS,MO,93015-1315
9936029468,MARYLOU,YOUNG,PSC 37,,MIDLOTHIAN,TX,76133-2514